year,route_id,distance,avg_passengers,avg_fare
1997,1,528,152,106
1998,1,528,265,106
1999,1,528,336,113
2000,1,528,298,123
1997,2,861,282,104
1998,2,861,178,105
1999,2,861,204,115
2000,2,861,190,129
1997,3,852,241,207
1998,3,852,253,188
1999,3,852,244,229
2000,3,852,244,247
1997,4,724,233,243
1998,4,724,248,226
1999,4,724,224,229
2000,4,724,339,176
1997,5,1073,396,119
1998,5,1073,529,105
1999,5,1073,494,121
2000,5,1073,710,109
1997,6,318,237,181
1998,6,318,213,197
1999,6,318,209,190
2000,6,318,163,171
1997,7,1270,168,200
1998,7,1270,185,218
1999,7,1270,178,229
2000,7,1270,197,220
1997,8,614,173,134
1998,8,614,157,153
1999,8,614,176,145
2000,8,614,192,161
1997,9,1673,200,149
1998,9,1673,194,155
1999,9,1673,214,162
2000,9,1673,310,152
1997,10,1976,171,271
1998,10,1976,155,242
1999,10,1976,173,221
2000,10,1976,187,214
1997,11,1118,364,181
1998,11,1118,374,182
1999,11,1118,368,183
2000,11,1118,383,188
1997,12,580,1244,97
1998,12,580,962,109
1999,12,580,980,110
2000,12,580,954,117
1997,13,349,400,136
1998,13,349,353,186
1999,13,349,349,184
2000,13,349,319,198
1997,14,223,278,68
1998,14,223,255,71
1999,14,223,255,72
2000,14,223,241,75
1997,15,745,437,132
1998,15,745,385,148
1999,15,745,440,137
2000,15,745,443,151
1997,16,719,197,127
1998,16,719,184,146
1999,16,719,187,135
2000,16,719,178,149
1997,17,487,761,83
1998,17,487,602,110
1999,17,487,597,111
2000,17,487,678,105
1997,18,677,935,103
1998,18,677,886,112
1999,18,677,842,120
2000,18,677,806,131
1997,19,982,189,190
1998,19,982,183,186
1999,19,982,182,202
2000,19,982,181,193
1997,20,1817,441,224
1998,20,1817,363,240
1999,20,1817,317,265
2000,20,1817,355,250
1997,21,889,207,128
1998,21,889,300,143
1999,21,889,379,145
2000,21,889,372,154
1997,22,632,194,108
1998,22,632,201,113
1999,22,632,194,124
2000,22,632,178,131
1997,23,1554,200,134
1998,23,1554,198,164
1999,23,1554,194,158
2000,23,1554,197,169
1997,24,328,1492,66
1998,24,328,1362,65
1999,24,328,1449,64
2000,24,328,1454,68
1997,25,1113,189,144
1998,25,1113,170,151
1999,25,1113,187,153
2000,25,1113,208,156
1997,26,494,209,112
1998,26,494,193,120
1999,26,494,176,124
2000,26,494,167,124
1997,27,610,183,137
1998,27,610,167,150
1999,27,610,177,144
2000,27,610,182,158
1997,28,628,368,109
1998,28,628,374,113
1999,28,628,369,124
2000,28,628,370,133
1997,29,897,456,133
1998,29,897,315,133
1999,29,897,212,143
2000,29,897,202,146
1997,30,871,224,136
1998,30,871,199,149
1999,30,871,206,151
2000,30,871,205,155
1997,31,1181,252,149
1998,31,1181,261,146
1999,31,1181,284,150
2000,31,1181,288,156
1997,32,935,150,132
1998,32,935,164,149
1999,32,935,158,150
2000,32,935,165,156
1997,33,1648,411,183
1998,33,1648,395,173
1999,33,1648,390,196
2000,33,1648,337,226
1997,34,655,157,274
1998,34,655,156,245
1999,34,655,131,270
2000,34,655,138,295
1997,35,907,346,111
1998,35,907,222,115
1999,35,907,407,114
2000,35,907,490,118
1997,36,412,151,109
1998,36,412,141,119
1999,36,412,148,118
2000,36,412,147,122
1997,37,324,816,67
1998,37,324,785,70
1999,37,324,776,70
2000,37,324,729,72
1997,38,535,242,110
1998,38,535,244,117
1999,38,535,256,115
2000,38,535,272,121
1997,39,759,157,98
1998,39,759,159,117
1999,39,759,169,117
2000,39,759,161,124
1997,40,125,102,123
1998,40,125,101,127
1999,40,125,101,130
2000,40,125,87,158
1997,41,812,318,207
1998,41,812,349,207
1999,41,812,375,224
2000,41,812,415,248
1997,42,576,1065,167
1998,42,576,837,189
1999,42,576,1187,132
2000,42,576,1268,173
1997,43,449,155,173
1998,43,449,178,152
1999,43,449,183,143
2000,43,449,156,185
1997,44,946,1622,237
1998,44,946,1981,163
1999,44,946,2421,134
2000,44,946,2188,177
1997,45,712,252,185
1998,45,712,410,119
1999,45,712,561,100
2000,45,712,547,115
1997,46,259,241,178
1998,46,259,250,178
1999,46,259,232,205
2000,46,259,206,218
1997,47,227,783,123
1998,47,227,633,183
1999,47,227,554,211
2000,47,227,513,250
1997,48,605,3369,125
1998,48,605,3826,123
1999,48,605,3599,133
2000,48,605,3415,173
1997,49,373,400,269
1998,49,373,454,229
1999,49,373,410,252
2000,49,373,508,216
1997,50,554,857,121
1998,50,554,714,153
1999,50,554,683,184
2000,50,554,616,197
1997,51,1186,186,174
1998,51,1186,132,237
1999,51,1186,151,210
2000,51,1186,170,205
1997,52,191,129,209
1998,52,191,110,221
1999,52,191,94,231
2000,52,191,78,259
1997,53,446,582,165
1998,53,446,523,179
1999,53,446,483,200
2000,53,446,450,206
1997,54,732,2621,133
1998,54,732,2683,144
1999,54,732,2709,143
2000,54,732,2644,189
1997,55,432,280,190
1998,55,432,521,112
1999,55,432,584,119
2000,55,432,642,116
1997,56,1199,1154,168
1998,56,1199,1059,254
1999,56,1199,1158,215
2000,56,1199,1303,221
1997,57,594,1252,120
1998,57,594,1421,109
1999,57,594,1549,115
2000,57,594,1415,132
1997,58,644,115,110
1998,58,644,188,102
1999,58,644,174,110
2000,58,644,184,124
1997,59,581,1694,120
1998,59,581,1644,114
1999,59,581,1588,126
2000,59,581,1653,137
1997,60,515,376,121
1998,60,515,425,112
1999,60,515,420,127
2000,60,515,460,127
1997,61,306,325,224
1998,61,306,551,128
1999,61,306,682,101
2000,61,306,710,110
1997,62,859,533,249
1998,62,859,874,129
1999,62,859,918,131
2000,62,859,759,197
1997,63,692,1352,123
1998,63,692,1441,126
1999,63,692,1518,133
2000,63,692,1554,151
1997,64,432,442,206
1998,64,432,491,199
1999,64,432,456,214
2000,64,432,434,235
1997,65,341,198,237
1998,65,341,194,234
1999,65,341,201,247
2000,65,341,176,269
1997,66,270,885,98
1998,66,270,1027,93
1999,66,270,1032,94
2000,66,270,955,119
1997,67,693,887,114
1998,67,693,799,162
1999,67,693,930,135
2000,67,693,808,168
1997,68,1747,721,181
1998,68,1747,688,217
1999,68,1747,715,237
2000,68,1747,816,221
1997,69,303,179,156
1998,69,303,133,204
1999,69,303,121,232
2000,69,303,127,232
1997,70,453,216,184
1998,70,453,219,189
1999,70,453,201,221
2000,70,453,207,226
1997,71,1946,1520,257
1998,71,1946,1441,279
1999,71,1946,1440,293
2000,71,1946,1537,301
1997,72,321,445,152
1998,72,321,370,186
1999,72,321,309,244
2000,72,321,272,272
1997,73,332,1142,88
1998,73,332,1246,85
1999,73,332,1173,97
2000,73,332,1120,106
1997,74,595,816,179
1998,74,595,1513,109
1999,74,595,1566,121
2000,74,595,1591,134
1997,75,669,366,207
1998,75,669,326,208
1999,75,669,394,198
2000,75,669,401,208
1997,76,906,908,215
1998,76,906,963,200
1999,76,906,1068,200
2000,76,906,1192,141
1997,77,302,290,110
1998,77,302,231,158
1999,77,302,208,159
2000,77,302,176,165
1997,78,214,357,249
1998,78,214,349,241
1999,78,214,312,253
2000,78,214,303,274
1997,79,425,922,103
1998,79,425,1096,102
1999,79,425,1076,110
2000,79,425,998,131
1997,80,756,5083,206
1998,80,756,6172,162
1999,80,756,6793,160
2000,80,756,6768,168
1997,81,508,144,106
1998,81,508,188,86
1999,81,508,254,84
2000,81,508,272,107
1997,82,516,401,145
1998,82,516,472,106
1999,82,516,535,100
2000,82,516,439,132
1997,83,761,204,193
1998,83,761,249,177
1999,83,761,218,206
2000,83,761,254,204
1997,84,822,185,222
1998,84,822,229,214
1999,84,822,206,224
2000,84,822,205,232
1997,85,1902,183,274
1998,85,1902,216,265
1999,85,1902,267,236
2000,85,1902,221,286
1997,86,403,1700,112
1998,86,403,2011,113
1999,86,403,1943,125
2000,86,403,1982,133
1997,87,665,2047,130
1998,87,665,2129,125
1999,87,665,2251,121
2000,87,665,2318,129
1997,88,1587,710,259
1998,88,1587,674,275
1999,88,1587,683,295
2000,88,1587,716,284
1997,89,526,527,216
1998,89,526,580,214
1999,89,526,573,218
2000,89,526,803,137
1997,90,2173,327,272
1998,90,2173,341,286
1999,90,2173,311,310
2000,90,2173,353,320
1997,91,904,224,274
1998,91,904,197,269
1999,91,904,175,250
2000,91,904,230,230
1997,92,356,1091,144
1998,92,356,1297,110
1999,92,356,1441,103
2000,92,356,1411,117
1997,93,481,436,230
1998,93,481,721,115
1999,93,481,552,175
2000,93,481,535,194
1997,94,750,211,206
1998,94,750,211,193
1999,94,750,163,218
2000,94,750,193,197
1997,95,2094,190,272
1998,95,2094,229,248
1999,95,2094,218,285
2000,95,2094,244,305
1997,96,1590,433,241
1998,96,1590,487,240
1999,96,1590,467,252
2000,96,1590,530,234
1997,97,874,368,203
1998,97,874,396,201
1999,97,874,435,196
2000,97,874,418,224
1997,98,1892,440,268
1998,98,1892,436,298
1999,98,1892,485,296
2000,98,1892,523,303
1997,99,2139,1185,306
1998,99,2139,1045,341
1999,99,2139,1081,361
2000,99,2139,1237,370
1997,100,2117,265,344
1998,100,2117,258,357
1999,100,2117,291,366
2000,100,2117,372,407
1997,101,1920,276,359
1998,101,1920,293,357
1999,101,1920,284,358
2000,101,1920,341,347
1997,102,215,351,90
1998,102,215,439,87
1999,102,215,478,79
2000,102,215,453,97
1997,103,2183,578,272
1998,103,2183,562,314
1999,103,2183,532,318
2000,103,2183,607,343
1997,104,483,647,203
1998,104,483,674,200
1999,104,483,660,209
2000,104,483,707,226
1997,105,794,184,222
1998,105,794,197,192
1999,105,794,190,206
2000,105,794,198,202
1997,106,406,1768,114
1998,106,406,1894,113
1999,106,406,1875,126
2000,106,406,1769,135
1997,107,674,213,202
1998,107,674,239,187
1999,107,674,213,194
2000,107,674,188,233
1997,108,264,135,103
1998,108,264,195,80
1999,108,264,225,95
2000,108,264,217,112
1997,109,540,2546,174
1998,109,540,3175,145
1999,109,540,3568,131
2000,109,540,3195,185
1997,110,545,686,115
1998,110,545,628,127
1999,110,545,583,156
2000,110,545,557,159
1997,111,274,163,62
1998,111,274,10,190
1999,111,274,4,206
2000,111,274,5,241
1997,112,406,168,56
1998,112,406,118,67
1999,112,406,80,84
2000,112,406,3,252
1997,113,506,167,58
1998,113,506,84,64
1999,113,506,4,159
2000,113,506,2,228
1997,114,977,268,83
1998,114,977,387,109
1999,114,977,394,121
2000,114,977,365,119
1997,115,466,190,37
1998,115,466,66,83
1999,115,466,123,86
2000,115,466,130,88
1997,116,852,219,75
1998,116,852,332,108
1999,116,852,444,111
2000,116,852,377,114
1997,117,1342,210,162
1998,117,1342,224,175
1999,117,1342,293,177
2000,117,1342,436,183
1997,118,1695,291,241
1998,118,1695,264,240
1999,118,1695,238,350
2000,118,1695,252,378
1997,119,972,520,180
1998,119,972,557,191
1999,119,972,604,207
2000,119,972,645,246
1997,120,183,1910,77
1998,120,183,2077,76
1999,120,183,2070,82
2000,120,183,2035,95
1997,121,769,269,203
1998,121,769,289,243
1999,121,769,309,265
2000,121,769,413,266
1997,122,525,373,109
1998,122,525,348,121
1999,122,525,382,116
2000,122,525,353,125
1997,123,280,200,65
1998,123,280,197,71
1999,123,280,198,67
2000,123,280,208,74
1997,124,152,975,76
1998,124,152,910,80
1999,124,152,921,78
2000,124,152,963,83
1997,125,1085,505,112
1998,125,1085,433,134
1999,125,1085,498,136
2000,125,1085,484,150
1997,126,1238,344,180
1998,126,1238,396,182
1999,126,1238,520,169
2000,126,1238,506,197
1997,127,335,292,81
1998,127,335,284,89
1999,127,335,284,90
2000,127,335,290,95
1997,128,290,198,79
1998,128,290,155,86
1999,128,290,179,86
2000,128,290,163,90
1997,129,754,201,109
1998,129,754,208,120
1999,129,754,251,121
2000,129,754,257,141
1997,130,446,188,116
1998,130,446,191,129
1999,130,446,212,128
2000,130,446,215,141
1997,131,1509,554,267
1998,131,1509,530,283
1999,131,1509,619,346
2000,131,1509,679,373
1997,132,996,230,146
1998,132,996,236,152
1999,132,996,270,159
2000,132,996,285,171
1997,133,868,552,134
1998,133,868,459,136
1999,133,868,568,138
2000,133,868,580,147
1997,134,1163,221,150
1998,134,1163,235,157
1999,134,1163,240,166
2000,134,1163,305,179
1997,135,1501,255,207
1998,135,1501,239,208
1999,135,1501,297,226
2000,135,1501,346,238
1997,136,1471,477,238
1998,136,1471,513,210
1999,136,1471,567,244
2000,136,1471,684,278
1997,137,1764,171,198
1998,137,1764,197,188
1999,137,1764,212,199
2000,137,1764,246,219
1997,138,718,211,159
1998,138,718,189,164
1999,138,718,210,176
2000,138,718,217,191
1997,139,1308,340,227
1998,139,1308,352,211
1999,139,1308,336,291
2000,139,1308,305,347
1997,140,682,391,100
1998,140,682,417,97
1999,140,682,460,103
2000,140,682,481,112
1997,141,370,854,131
1998,141,370,703,142
1999,141,370,708,142
2000,141,370,697,150
1997,142,360,240,248
1998,142,360,276,241
1999,142,360,275,237
2000,142,360,264,258
1997,143,611,2634,101
1998,143,611,2698,103
1999,143,611,2706,106
2000,143,611,2613,120
1997,144,430,142,256
1998,144,430,174,226
1999,144,430,153,257
2000,144,430,192,225
1997,145,314,1144,72
1998,145,314,1071,67
1999,145,314,1355,61
2000,145,314,1333,68
1997,146,337,112,146
1998,146,337,116,173
1999,146,337,93,134
2000,146,337,53,183
1997,147,1217,499,269
1998,147,1217,482,278
1999,147,1217,504,267
2000,147,1217,554,320
1997,148,1491,351,245
1998,148,1491,590,229
1999,148,1491,703,236
2000,148,1491,587,254
1997,149,408,757,102
1998,149,408,1134,96
1999,149,408,928,113
2000,149,408,811,152
1997,150,925,911,118
1998,150,925,976,120
1999,150,925,1070,116
2000,150,925,1116,124
1997,151,921,123,145
1998,151,921,120,147
1999,151,921,102,158
2000,151,921,218,140
1997,152,283,248,149
1998,152,283,238,147
1999,152,283,703,72
2000,152,283,1202,62
1997,153,1235,868,175
1998,153,1235,751,181
1999,153,1235,873,182
2000,153,1235,939,198
1997,154,516,330,134
1998,154,516,192,136
1999,154,516,228,142
2000,154,516,463,106
1997,155,663,432,110
1998,155,663,521,103
1999,155,663,623,99
2000,155,663,646,103
1997,156,967,451,133
1998,156,967,538,132
1999,156,967,499,140
2000,156,967,477,153
1997,157,2107,548,158
1998,157,2107,651,167
1999,157,2107,1068,152
2000,157,2107,990,159
1997,158,2330,976,240
1998,158,2330,1068,223
1999,158,2330,1409,215
2000,158,2330,1440,218
1997,159,495,598,70
1998,159,495,637,76
1999,159,495,684,74
2000,159,495,684,77
1997,160,946,238,174
1998,160,946,430,139
1999,160,946,396,134
2000,160,946,411,142
1997,161,936,256,288
1998,161,936,314,277
1999,161,936,271,293
2000,161,936,300,278
1997,162,587,723,84
1998,162,587,823,85
1999,162,587,847,89
2000,162,587,1014,94
1997,163,998,462,129
1998,163,998,465,124
1999,163,998,577,120
2000,163,998,649,131
1997,164,182,507,149
1998,164,182,467,146
1999,164,182,470,152
2000,164,182,369,178
1997,165,1183,185,156
1998,165,1183,187,160
1999,165,1183,213,154
2000,165,1183,211,168
1997,166,1028,121,132
1998,166,1028,124,141
1999,166,1028,138,142
2000,166,1028,128,148
1997,167,2288,157,194
1998,167,2288,125,208
1999,167,2288,211,184
2000,167,2288,235,184
1997,168,787,1273,110
1998,168,787,1356,104
1999,168,787,1551,104
2000,168,787,1643,114
1997,169,1999,765,162
1998,169,1999,835,173
1999,169,1999,1059,164
2000,169,1999,1108,171
1997,170,2362,206,218
1998,170,2362,237,228
1999,170,2362,333,191
2000,170,2362,347,190
1997,171,328,1557,55
1998,171,328,1864,58
1999,171,328,1998,60
2000,171,328,2165,65
1997,172,1866,316,165
1998,172,1866,275,179
1999,172,1866,342,161
2000,172,1866,354,178
1997,173,1408,314,177
1998,173,1408,347,176
1999,173,1408,450,155
2000,173,1408,403,172
1997,174,2297,552,183
1998,174,2297,584,193
1999,174,2297,680,185
2000,174,2297,764,193
1997,175,2458,737,271
1998,175,2458,832,252
1999,175,2458,1053,256
2000,175,2458,1107,255
1997,176,2441,310,182
1998,176,2441,265,194
1999,176,2441,303,220
2000,176,2441,340,240
1997,177,2337,479,190
1998,177,2337,510,204
1999,177,2337,570,199
2000,177,2337,589,209
1997,178,737,1057,108
1998,178,737,1058,115
1999,178,737,942,107
2000,178,737,1083,129
1997,179,842,888,115
1998,179,842,984,110
1999,179,842,1226,103
2000,179,842,1143,116
1997,180,883,243,138
1998,180,883,147,143
1999,180,883,326,125
2000,180,883,239,150
1997,181,383,224,104
1998,181,383,224,106
1999,181,383,184,121
2000,181,383,173,154
1997,182,253,141,146
1998,182,253,118,155
1999,182,253,109,185
2000,182,253,84,241
1997,183,570,430,123
1998,183,570,444,128
1999,183,570,469,123
2000,183,570,434,135
1997,184,597,224,198
1998,184,597,279,161
1999,184,597,286,163
2000,184,597,262,185
1997,185,626,143,159
1998,185,626,178,152
1999,185,626,175,149
2000,185,626,183,163
1997,186,570,354,118
1998,186,570,334,129
1999,186,570,324,131
2000,186,570,364,131
1997,187,1818,149,208
1998,187,1818,170,197
1999,187,1818,198,184
2000,187,1818,179,206
1997,188,321,377,68
1998,188,321,376,69
1999,188,321,387,65
2000,188,321,394,72
1997,189,862,259,261
1998,189,862,283,255
1999,189,862,381,208
2000,189,862,368,212
1997,190,478,219,88
1998,190,478,274,97
1999,190,478,255,102
2000,190,478,377,108
1997,191,411,152,112
1998,191,411,122,116
1999,191,411,198,100
2000,191,411,143,123
1997,192,460,273,94
1998,192,460,277,102
1999,192,460,302,98
2000,192,460,311,101
1997,193,937,186,119
1998,193,937,140,118
1999,193,937,146,128
2000,193,937,119,138
1997,194,650,172,210
1998,194,650,190,196
1999,194,650,175,230
2000,194,650,199,240
1997,195,520,244,86
1998,195,520,226,95
1999,195,520,248,96
2000,195,520,265,99
1997,196,675,217,110
1998,196,675,214,121
1999,196,675,280,118
2000,196,675,312,124
1997,197,736,213,119
1998,197,736,212,124
1999,197,736,242,132
2000,197,736,279,121
1997,198,344,674,69
1998,198,344,742,68
1999,198,344,738,71
2000,198,344,729,78
1997,199,335,141,64
1998,199,335,151,71
1999,199,335,147,71
2000,199,335,162,72
1997,200,291,356,58
1998,200,291,360,70
1999,200,291,404,64
2000,200,291,405,69
1997,201,522,281,122
1998,201,522,281,125
1999,201,522,259,126
2000,201,522,225,143
1997,202,399,779,69
1998,202,399,888,69
1999,202,399,904,68
2000,202,399,831,80
1997,203,287,374,58
1998,203,287,382,60
1999,203,287,427,60
2000,203,287,445,66
1997,204,396,331,176
1998,204,396,293,182
1999,204,396,257,197
2000,204,396,212,210
1997,205,727,448,229
1998,205,727,440,219
1999,205,727,473,233
2000,205,727,389,271
1997,206,867,2471,211
1998,206,867,2167,219
1999,206,867,1928,271
2000,206,867,2309,243
1997,207,752,347,280
1998,207,752,341,293
1999,207,752,413,256
2000,207,752,374,263
1997,208,563,414,252
1998,208,563,359,231
1999,208,563,481,219
2000,208,563,402,251
1997,209,1783,120,249
1998,209,1783,106,281
1999,209,1783,85,311
2000,209,1783,139,250
1997,210,640,365,158
1998,210,640,429,153
1999,210,640,524,136
2000,210,640,323,195
1997,211,1562,1057,352
1998,211,1562,1164,319
1999,211,1562,1135,319
2000,211,1562,1216,364
1997,212,1754,900,243
1998,212,1754,862,266
1999,212,1754,970,258
2000,212,1754,1043,273
1997,213,632,733,256
1998,213,632,731,245
1999,213,632,720,262
2000,213,632,647,274
1997,214,1237,841,142
1998,214,1237,1217,137
1999,214,1237,1430,132
2000,214,1237,1682,135
1997,215,1249,663,138
1998,215,1249,676,136
1999,215,1249,767,136
2000,215,1249,745,142
1997,216,646,173,208
1998,216,646,203,168
1999,216,646,161,168
2000,216,646,241,154
1997,217,1597,531,345
1998,217,1597,594,338
1999,217,1597,646,317
2000,217,1597,739,317
1997,218,818,266,244
1998,218,818,245,220
1999,218,818,297,210
2000,218,818,320,207
1997,219,1012,255,150
1998,219,1012,236,144
1999,219,1012,277,128
2000,219,1012,271,132
1997,220,1258,325,232
1998,220,1258,326,223
1999,220,1258,338,229
2000,220,1258,319,228
1997,221,2611,1523,334
1998,221,2611,1800,290
1999,221,2611,1374,364
2000,221,2611,1592,366
1997,222,1140,212,232
1998,222,1140,207,189
1999,222,1140,249,191
2000,222,1140,242,211
1997,223,1258,850,182
1998,223,1258,813,185
1999,223,1258,807,190
2000,223,1258,760,198
1997,224,860,336,219
1998,224,860,293,213
1999,224,860,336,195
2000,224,860,334,223
1997,225,1124,661,343
1998,225,1124,730,280
1999,225,1124,1007,220
2000,225,1124,1010,247
1997,226,739,115,119
1998,226,739,126,129
1999,226,739,169,107
2000,226,739,204,101
1997,227,944,265,174
1998,227,944,208,172
1999,227,944,215,162
2000,227,944,161,251
1997,228,1368,343,179
1998,228,1368,403,156
1999,228,1368,398,156
2000,228,1368,428,163
1997,229,185,6563,129
1998,229,185,6415,134
1999,229,185,7096,139
2000,229,185,6883,145
1997,230,468,210,160
1998,230,468,183,170
1999,230,468,197,169
2000,230,468,180,192
1997,231,1121,2021,126
1998,231,1121,2039,123
1999,231,1121,2260,118
2000,231,1121,2306,129
1997,232,280,1662,146
1998,232,280,1782,136
1999,232,280,2025,145
2000,232,280,1602,207
1997,233,2301,658,238
1998,233,2301,527,266
1999,233,2301,615,236
2000,233,2301,538,294
1997,234,496,632,217
1998,234,496,628,217
1999,234,496,730,193
2000,234,496,641,237
1997,235,2541,246,339
1998,235,2541,259,325
1999,235,2541,208,382
2000,235,2541,225,398
1997,236,612,537,193
1998,236,612,585,187
1999,236,612,741,132
2000,236,612,746,146
1997,237,474,187,202
1998,237,474,175,213
1999,237,474,211,200
2000,237,474,233,222
1997,238,343,278,153
1998,238,343,279,125
1999,238,343,243,152
2000,238,343,334,172
1997,239,2642,121,324
1998,239,2642,104,358
1999,239,2642,113,375
2000,239,2642,118,407
1997,240,2106,242,289
1998,240,2106,274,300
1999,240,2106,284,311
2000,240,2106,309,300
1997,241,2588,490,276
1998,241,2588,434,312
1999,241,2588,394,331
2000,241,2588,463,352
1997,242,2704,1548,460
1998,242,2704,1811,382
1999,242,2704,1709,453
2000,242,2704,1815,488
1997,243,2689,473,459
1998,243,2689,550,408
1999,243,2689,530,452
2000,243,2689,601,522
1997,244,2592,212,363
1998,244,2592,175,403
1999,244,2592,209,363
2000,244,2592,177,410
1997,245,1222,193,136
1998,245,1222,162,138
1999,245,1222,147,143
2000,245,1222,121,153
1997,246,2497,552,301
1998,246,2497,537,299
1999,246,2497,527,334
2000,246,2497,500,363
1997,247,1046,344,310
1998,247,1046,338,309
1999,247,1046,322,336
2000,247,1046,319,370
1997,248,1185,1103,137
1998,248,1185,1034,126
1999,248,1185,1226,125
2000,248,1185,1224,133
1997,249,406,3362,141
1998,249,406,3667,126
1999,249,406,4052,121
2000,249,406,3625,152
1997,250,1197,1037,149
1998,250,1197,863,152
1999,250,1197,1028,145
2000,250,1197,863,153
1997,251,473,329,206
1998,251,473,307,208
1999,251,473,690,99
2000,251,473,537,120
1997,252,1167,157,133
1998,252,1167,171,126
1999,252,1167,182,130
2000,252,1167,304,115
1997,253,1989,215,168
1998,253,1989,241,180
1999,253,1989,227,195
2000,253,1989,320,166
1997,254,292,1133,142
1998,254,292,1222,125
1999,254,292,1141,145
2000,254,292,2022,96
1997,255,1011,443,116
1998,255,1011,552,102
1999,255,1011,519,111
2000,255,1011,700,107
1997,256,279,224,196
1998,256,279,215,201
1999,256,279,178,213
2000,256,279,161,255
1997,257,1055,182,136
1998,257,1055,224,122
1999,257,1055,273,124
2000,257,1055,395,107
1997,258,296,240,157
1998,258,296,215,161
1999,258,296,212,160
2000,258,296,120,169
1997,259,851,148,167
1998,259,851,114,220
1999,259,851,118,229
2000,259,851,123,233
1997,260,223,1652,67
1998,260,223,1693,67
1999,260,223,1855,67
2000,260,223,1823,71
1997,261,325,2154,68
1998,261,325,2268,73
1999,261,325,2329,78
2000,261,325,2426,83
1997,262,369,1159,57
1998,262,369,1251,61
1999,262,369,1357,60
2000,262,369,1254,66
1997,263,817,384,119
1998,263,817,408,119
1999,263,817,423,122
2000,263,817,440,136
1997,264,374,198,75
1998,264,374,199,87
1999,264,374,177,91
2000,264,374,185,95
1997,265,358,1474,61
1998,265,358,1557,70
1999,265,358,1568,76
2000,265,358,1620,81
1997,266,326,1537,87
1998,266,326,1482,83
1999,266,326,1380,93
2000,266,326,1169,105
1997,267,296,1264,66
1998,267,296,1353,68
1999,267,296,1273,76
2000,267,296,1319,83
1997,268,937,596,118
1998,268,937,651,121
1999,268,937,654,131
2000,268,937,743,143
1997,269,262,193,171
1998,269,262,203,162
1999,269,262,206,175
2000,269,262,483,91
1997,270,761,179,172
1998,270,761,167,194
1999,270,761,117,220
2000,270,761,108,177
1997,271,634,490,156
1998,271,634,478,160
1999,271,634,458,180
2000,271,634,453,186
1997,272,444,171,186
1998,272,444,185,182
1999,272,444,182,217
2000,272,444,187,167
1997,273,599,572,254
1998,273,599,626,253
1999,273,599,618,256
2000,273,599,644,248
1997,274,430,186,240
1998,274,430,192,233
1999,274,430,193,245
2000,274,430,187,249
1997,275,937,593,229
1998,275,937,491,270
1999,275,937,423,292
2000,275,937,432,317
1997,276,1339,181,270
1998,276,1339,192,274
1999,276,1339,233,265
2000,276,1339,218,288
1997,277,500,298,226
1998,277,500,278,239
1999,277,500,306,251
2000,277,500,291,256
1997,278,632,217,186
1998,278,632,248,187
1999,278,632,227,191
2000,278,632,287,175
1997,279,643,199,239
1998,279,643,216,239
1999,279,643,252,245
2000,279,643,223,269
1997,280,914,222,252
1998,280,914,246,259
1999,280,914,254,281
2000,280,914,264,315
1997,281,428,151,204
1998,281,428,163,203
1999,281,428,154,216
2000,281,428,164,213
1997,282,329,193,200
1998,282,329,174,219
1999,282,329,139,222
2000,282,329,134,260
1997,283,810,153,224
1998,283,810,148,243
1999,283,810,137,253
2000,283,810,144,253
1997,284,2126,301,312
1998,284,2126,332,302
1999,284,2126,428,282
2000,284,2126,358,322
1997,285,512,197,173
1998,285,512,174,201
1999,285,512,175,245
2000,285,512,178,251
1997,286,650,216,176
1998,286,650,235,171
1999,286,650,245,183
2000,286,650,255,186
1997,287,931,197,276
1998,287,931,229,263
1999,287,931,224,278
2000,287,931,234,261
1997,288,329,247,221
1998,288,329,225,236
1999,288,329,226,227
2000,288,329,195,255
1997,289,652,191,164
1998,289,652,186,180
1999,289,652,156,204
2000,289,652,173,206
1997,290,538,1206,241
1998,290,538,1292,241
1999,290,538,1410,230
2000,290,538,1304,268
1997,291,468,360,164
1998,291,468,367,167
1999,291,468,351,188
2000,291,468,399,188
1997,292,447,453,239
1998,292,447,526,251
1999,292,447,507,249
2000,292,447,498,279
1997,293,366,219,214
1998,293,366,221,223
1999,293,366,219,229
2000,293,366,216,240
1997,294,256,178,251
1998,294,256,161,249
1999,294,256,152,254
2000,294,256,147,289
1997,295,2297,236,331
1998,295,2297,305,372
1999,295,2297,385,295
2000,295,2297,320,376
1997,296,576,213,228
1998,296,576,218,222
1999,296,576,202,238
2000,296,576,213,243
1997,297,508,337,185
1998,297,508,348,186
1999,297,508,346,199
2000,297,508,341,202
1997,298,328,423,214
1998,298,328,482,210
1999,298,328,521,212
2000,298,328,453,252
1997,299,264,618,259
1998,299,264,648,252
1999,299,264,1153,124
2000,299,264,690,236
1997,300,310,2651,79
1998,300,310,2559,81
1999,300,310,2665,82
2000,300,310,2312,103
1997,301,912,240,166
1998,301,912,184,196
1999,301,912,170,220
2000,301,912,177,210
1997,302,667,130,169
1998,302,667,128,209
1999,302,667,142,197
2000,302,667,84,199
1997,303,284,1732,77
1998,303,284,1861,80
1999,303,284,1567,92
2000,303,284,1160,100
1997,304,800,2558,256
1998,304,800,2950,218
1999,304,800,2929,224
2000,304,800,2829,248
1997,305,240,273,179
1998,305,240,287,183
1999,305,240,206,213
2000,305,240,268,176
1997,306,888,2476,143
1998,306,888,2377,174
1999,306,888,2378,187
2000,306,888,2691,178
1997,307,299,288,235
1998,307,299,311,184
1999,307,299,302,183
2000,307,299,253,201
1997,308,233,3657,77
1998,308,233,3636,79
1999,308,233,3768,77
2000,308,233,3310,89
1997,309,1236,227,222
1998,309,1236,236,223
1999,309,1236,263,201
2000,309,1236,247,211
1997,310,1174,1264,172
1998,310,1174,1543,159
1999,310,1174,1683,161
2000,310,1174,2175,156
1997,311,1120,818,165
1998,311,1120,931,155
1999,311,1120,956,160
2000,311,1120,1150,156
1997,312,590,233,268
1998,312,590,319,214
1999,312,590,278,189
2000,312,590,258,234
1997,313,595,227,238
1998,313,595,239,200
1999,313,595,206,229
2000,313,595,165,284
1997,314,783,691,266
1998,314,783,607,273
1999,314,783,1030,147
2000,314,783,1106,166
1997,315,925,1683,177
1998,315,925,1690,185
1999,315,925,1835,173
2000,315,925,1917,186
1997,316,162,989,82
1998,316,162,977,89
1999,316,162,948,83
2000,316,162,808,104
1997,317,666,219,116
1998,317,666,238,123
1999,317,666,258,119
2000,317,666,234,129
1997,318,865,466,146
1998,318,865,468,160
1999,318,865,578,148
2000,318,865,551,162
1997,319,405,2423,73
1998,319,405,2606,69
1999,319,405,2498,80
2000,319,405,2281,86
1997,320,475,186,206
1998,320,475,201,180
1999,320,475,223,172
2000,320,475,196,179
1997,321,1515,2135,155
1998,321,1515,2260,163
1999,321,1515,2986,149
2000,321,1515,3146,151
1997,322,323,153,134
1998,322,323,150,129
1999,322,323,136,161
2000,322,323,96,217
1997,323,467,117,114
1998,323,467,108,122
1999,323,467,117,129
2000,323,467,62,173
1997,324,544,351,113
1998,324,544,316,131
1999,324,544,320,127
2000,324,544,339,142
1997,325,1745,3326,244
1998,325,1745,3357,253
1999,325,1745,3766,230
2000,325,1745,3965,222
1997,326,271,904,72
1998,326,271,918,79
1999,326,271,937,70
2000,326,271,930,76
1997,327,843,158,256
1998,327,843,504,133
1999,327,843,621,150
2000,327,843,586,156
1997,328,491,423,219
1998,328,491,451,206
1999,328,491,453,201
2000,328,491,420,209
1997,329,1197,1467,171
1998,329,1197,1337,194
1999,329,1197,1263,206
2000,329,1197,1069,221
1997,330,345,3195,167
1998,330,345,2998,175
1999,330,345,3072,178
2000,330,345,3447,148
1997,331,754,148,126
1998,331,754,157,120
1999,331,754,142,122
2000,331,754,210,95
1997,332,395,1208,89
1998,332,395,1186,92
1999,332,395,1259,87
2000,332,395,1148,100
1997,333,837,830,151
1998,333,837,856,148
1999,333,837,893,162
2000,333,837,909,159
1997,334,727,7228,229
1998,334,727,7349,217
1999,334,727,7336,212
2000,334,727,7304,245
1997,335,717,234,230
1998,335,717,243,209
1999,335,717,247,210
2000,335,717,246,219
1997,336,1836,354,294
1998,336,1836,263,364
1999,336,1836,364,321
2000,336,1836,395,345
1997,337,693,309,157
1998,337,693,319,157
1999,337,693,321,156
2000,337,693,299,169
1997,338,423,903,81
1998,338,423,937,89
1999,338,423,951,83
2000,338,423,916,92
1997,339,1701,335,244
1998,339,1701,333,235
1999,339,1701,325,216
2000,339,1701,340,216
1997,340,1005,2616,148
1998,340,1005,2763,143
1999,340,1005,2843,148
2000,340,1005,3005,149
1997,341,678,1834,245
1998,341,678,1853,242
1999,341,678,2147,213
2000,341,678,2283,214
1997,342,1440,2619,174
1998,342,1440,2656,174
1999,342,1440,3068,162
2000,342,1440,2960,164
1997,343,412,737,223
1998,343,412,980,171
1999,343,412,1113,155
2000,343,412,935,185
1997,344,901,119,272
1998,344,901,132,238
1999,344,901,113,265
2000,344,901,105,278
1997,345,1740,525,281
1998,345,1740,598,267
1999,345,1740,653,265
2000,345,1740,643,280
1997,346,849,717,134
1998,346,849,861,134
1999,346,849,1051,135
2000,346,849,874,154
1997,347,647,791,191
1998,347,647,728,200
1999,347,647,1163,102
2000,347,647,1156,133
1997,348,1672,309,149
1998,348,1672,368,165
1999,348,1672,304,180
2000,348,1672,275,179
1997,349,642,263,290
1998,349,642,314,251
1999,349,642,291,281
2000,349,642,268,286
1997,350,528,291,261
1998,350,528,285,245
1999,350,528,231,228
2000,350,528,307,178
1997,351,1782,258,326
1998,351,1782,265,314
1999,351,1782,357,257
2000,351,1782,380,277
1997,352,1250,565,211
1998,352,1250,575,209
1999,352,1250,546,200
2000,352,1250,581,231
1997,353,1041,564,187
1998,353,1041,532,193
1999,353,1041,575,195
2000,353,1041,588,225
1997,354,1724,948,258
1998,354,1724,922,257
1999,354,1724,1154,221
2000,354,1724,1157,239
1997,355,1846,2252,324
1998,355,1846,2337,303
1999,355,1846,2601,302
2000,355,1846,2679,324
1997,356,1830,493,324
1998,356,1830,603,277
1999,356,1830,625,331
2000,356,1830,772,351
1997,357,1727,706,321
1998,357,1727,659,337
1999,357,1727,636,311
2000,357,1727,913,245
1997,358,1036,269,148
1998,358,1036,244,147
1999,358,1036,255,151
2000,358,1036,274,146
1997,359,773,172,146
1998,359,773,194,148
1999,359,773,120,151
2000,359,773,131,141
1997,360,1721,967,290
1998,360,1721,988,287
1999,360,1721,1113,284
2000,360,1721,1275,269
1997,361,251,2610,72
1998,361,251,2690,74
1999,361,251,2745,81
2000,361,251,2399,92
1997,362,608,223,232
1998,362,608,232,228
1999,362,608,217,227
2000,362,608,251,186
1997,363,1012,1824,153
1998,363,1012,1950,148
1999,363,1012,2083,153
2000,363,1012,1951,160
1997,364,1437,299,221
1998,364,1437,333,218
1999,364,1437,389,198
2000,364,1437,381,196
1997,365,585,392,142
1998,365,585,368,151
1999,365,585,368,156
2000,365,585,289,153
1997,366,604,2374,184
1998,366,604,2368,187
1999,366,604,2728,176
2000,366,604,2486,204
1997,367,1145,471,186
1998,367,1145,481,194
1999,367,1145,420,228
2000,367,1145,367,225
1997,368,738,577,304
1998,368,738,573,294
1999,368,738,479,319
2000,368,738,487,340
1997,369,589,127,262
1998,369,589,124,240
1999,369,589,125,241
2000,369,589,106,272
1997,370,812,350,290
1998,370,812,338,287
1999,370,812,314,310
2000,370,812,311,344
1997,371,1069,237,253
1998,371,1069,346,217
1999,371,1069,335,227
2000,371,1069,345,225
1997,372,933,196,175
1998,372,933,234,156
1999,372,933,208,190
2000,372,933,276,170
1997,373,880,182,159
1998,373,880,181,160
1999,373,880,177,181
2000,373,880,228,171
1997,374,881,186,286
1998,374,881,156,239
1999,374,881,90,254
2000,374,881,206,284
1997,375,1679,160,201
1998,375,1679,172,210
1999,375,1679,173,236
2000,375,1679,245,206
1997,376,1901,286,312
1998,376,1901,303,321
1999,376,1901,310,325
2000,376,1901,351,316
1997,377,949,217,169
1998,377,949,224,165
1999,377,949,232,174
2000,377,949,203,191
1997,378,596,230,248
1998,378,596,282,218
1999,378,596,436,144
2000,378,596,354,261
1997,379,580,878,239
1998,379,580,999,236
1999,379,580,1015,234
2000,379,580,971,259
1997,380,756,384,155
1998,380,756,413,154
1999,380,756,354,184
2000,380,756,425,176
1997,381,507,298,255
1998,381,507,364,246
1999,381,507,353,260
2000,381,507,320,291
1997,382,1570,209,243
1998,382,1570,167,275
1999,382,1570,148,285
2000,382,1570,218,268
1997,383,2037,288,307
1998,383,2037,265,333
1999,383,2037,292,342
2000,383,2037,315,312
1997,384,1966,144,327
1998,384,1966,146,322
1999,384,1966,138,341
2000,384,1966,171,290
1997,385,773,242,183
1998,385,773,281,163
1999,385,773,285,182
2000,385,773,338,178
1997,386,409,341,217
1998,386,409,306,203
1999,386,409,317,200
2000,386,409,421,224
1997,387,1021,400,291
1998,387,1021,420,282
1999,387,1021,385,291
2000,387,1021,367,331
1997,388,1202,334,220
1998,388,1202,351,211
1999,388,1202,290,262
2000,388,1202,327,273
1997,389,95,174,183
1998,389,95,164,138
1999,389,95,146,162
2000,389,95,130,203
1997,390,1062,435,155
1998,390,1062,430,142
1999,390,1062,447,158
2000,390,1062,429,169
1997,391,1026,272,165
1998,391,1026,334,148
1999,391,1026,325,171
2000,391,1026,371,173
1997,392,475,193,229
1998,392,475,176,225
1999,392,475,217,199
2000,392,475,246,181
1997,393,1092,505,214
1998,393,1092,480,224
1999,393,1092,550,212
2000,393,1092,506,240
1997,394,261,222,138
1998,394,261,195,174
1999,394,261,201,183
2000,394,261,176,220
1997,395,695,280,120
1998,395,695,271,120
1999,395,695,266,125
2000,395,695,239,151
1997,396,1826,553,159
1998,396,1826,492,179
1999,396,1826,686,165
2000,396,1826,743,165
1997,397,2054,551,243
1998,397,2054,492,242
1999,397,2054,590,229
2000,397,2054,610,242
1997,398,1081,229,181
1998,398,1081,268,154
1999,398,1081,296,168
2000,398,1081,250,173
1997,399,328,232,192
1998,399,328,209,203
1999,399,328,229,211
2000,399,328,209,222
1997,400,622,282,274
1998,400,622,284,262
1999,400,622,307,280
2000,400,622,301,295
1997,401,448,460,72
1998,401,448,446,77
1999,401,448,540,72
2000,401,448,504,79
1997,402,412,1330,217
1998,402,412,1246,218
1999,402,412,1258,231
2000,402,412,1189,255
1997,403,895,508,143
1998,403,895,842,113
1999,403,895,686,143
2000,403,895,721,149
1997,404,363,350,262
1998,404,363,341,251
1999,404,363,338,281
2000,404,363,349,284
1997,405,1738,554,168
1998,405,1738,465,175
1999,405,1738,486,180
2000,405,1738,514,180
1997,406,540,263,136
1998,406,540,295,125
1999,406,540,277,162
2000,406,540,233,180
1997,407,1569,112,195
1998,407,1569,98,202
1999,407,1569,118,186
2000,407,1569,117,192
1997,408,2029,207,199
1998,408,2029,200,219
1999,408,2029,260,186
2000,408,2029,230,218
1997,409,2162,382,251
1998,409,2162,367,258
1999,409,2162,383,259
2000,409,2162,422,272
1997,410,2026,159,277
1998,410,2026,145,303
1999,410,2026,194,251
2000,410,2026,194,243
1997,411,487,553,78
1998,411,487,600,76
1999,411,487,636,75
2000,411,487,530,91
1997,412,927,471,144
1998,412,927,515,130
1999,412,927,511,150
2000,412,927,516,155
1997,413,308,342,156
1998,413,308,398,111
1999,413,308,316,151
2000,413,308,282,191
1997,414,1022,132,167
1998,414,1022,156,157
1999,414,1022,133,184
2000,414,1022,152,170
1997,415,592,342,126
1998,415,592,371,153
1999,415,592,248,185
2000,415,592,299,173
1997,416,811,235,132
1998,416,811,160,194
1999,416,811,142,229
2000,416,811,158,224
1997,417,992,96,127
1998,417,992,69,159
1999,417,992,63,184
2000,417,992,55,190
1997,418,539,80,133
1998,418,539,71,182
1999,418,539,45,229
2000,418,539,59,165
1997,419,604,518,85
1998,419,604,434,106
1999,419,604,291,125
2000,419,604,181,127
1997,420,834,273,145
1998,420,834,323,151
1999,420,834,257,184
2000,420,834,251,204
1997,421,1685,55,188
1998,421,1685,44,202
1999,421,1685,45,208
2000,421,1685,46,220
1997,422,726,166,123
1998,422,726,162,118
1999,422,726,172,133
2000,422,726,171,127
1997,423,1008,49,151
1998,423,1008,69,169
1999,423,1008,77,179
2000,423,1008,71,184
1997,424,1634,246,201
1998,424,1634,188,237
1999,424,1634,170,245
2000,424,1634,190,237
1997,425,461,43,125
1998,425,461,36,192
1999,425,461,28,234
2000,425,461,26,186
1997,426,793,86,124
1998,426,793,48,173
1999,426,793,46,187
2000,426,793,52,203
1997,427,1524,205,144
1998,427,1524,181,152
1999,427,1524,119,206
2000,427,1524,127,229
1997,428,551,307,97
1998,428,551,229,152
1999,428,551,193,178
2000,428,551,199,187
1997,429,1030,86,162
1998,429,1030,79,204
1999,429,1030,54,217
2000,429,1030,86,218
1997,430,410,130,99
1998,430,410,87,149
1999,430,410,73,158
2000,430,410,73,186
1997,431,732,86,128
1998,431,732,94,161
1999,431,732,89,192
2000,431,732,83,191
1997,432,818,143,121
1998,432,818,97,194
1999,432,818,101,192
2000,432,818,111,186
1997,433,964,150,154
1998,433,964,144,177
1999,433,964,159,176
2000,433,964,142,209
1997,434,944,120,203
1998,434,944,165,190
1999,434,944,114,254
2000,434,944,120,262
1997,435,1069,128,159
1998,435,1069,116,200
1999,435,1069,108,200
2000,435,1069,102,224
1997,436,520,31,142
1998,436,520,32,203
1999,436,520,33,220
2000,436,520,26,254
1997,437,1471,299,200
1998,437,1471,233,240
1999,437,1471,203,253
2000,437,1471,219,282
1997,438,614,341,157
1998,438,614,337,162
1999,438,614,320,179
2000,438,614,306,188
1997,439,927,448,242
1998,439,927,421,270
1999,439,927,364,277
2000,439,927,372,297
1997,440,1156,209,233
1998,440,1156,234,271
1999,440,1156,218,302
2000,440,1156,230,297
1997,441,973,278,111
1998,441,973,234,135
1999,441,973,306,127
2000,441,973,346,129
1997,442,931,258,121
1998,442,931,184,139
1999,442,931,189,148
2000,442,931,238,140
1997,443,987,278,187
1998,443,987,241,187
1999,443,987,279,187
2000,443,987,300,199
1997,444,634,207,109
1998,444,634,210,119
1999,444,634,210,122
2000,444,634,191,140
1997,445,1772,543,128
1998,445,1772,576,133
1999,445,1772,740,121
2000,445,1772,751,132
1997,446,1998,356,191
1998,446,1998,472,176
1999,446,1998,548,165
2000,446,1998,477,183
1997,447,991,211,130
1998,447,991,221,136
1999,447,991,191,152
2000,447,991,180,158
1997,448,627,216,260
1998,448,627,223,254
1999,448,627,213,275
2000,448,627,218,274
1997,449,478,1068,186
1998,449,478,1034,196
1999,449,478,968,214
2000,449,478,988,207
1997,450,802,786,98
1998,450,802,738,109
1999,450,802,835,110
2000,450,802,846,116
1997,451,405,356,198
1998,451,405,312,202
1999,451,405,277,231
2000,451,405,282,247
1997,452,1672,459,167
1998,452,1672,509,154
1999,452,1672,595,138
2000,452,1672,558,152
1997,453,2041,93,214
1998,453,2041,77,246
1999,453,2041,124,157
2000,453,2041,119,183
1997,454,1969,193,155
1998,454,1969,232,153
1999,454,1969,231,149
2000,454,1969,228,163
1997,455,2125,232,211
1998,455,2125,276,198
1999,455,2125,308,177
2000,455,2125,285,205
1997,456,2021,183,180
1998,456,2021,152,232
1999,456,2021,228,161
2000,456,2021,186,194
1997,457,410,418,68
1998,457,410,470,70
1999,457,410,445,68
2000,457,410,417,89
1997,458,829,504,100
1998,458,829,615,105
1999,458,829,696,111
2000,458,829,701,113
1997,459,320,390,135
1998,459,320,420,162
1999,459,320,561,113
2000,459,320,467,142
1997,460,352,492,87
1998,460,352,485,91
1999,460,352,455,95
2000,460,352,434,103
1997,461,187,482,74
1998,461,187,467,77
1999,461,187,464,76
2000,461,187,420,83
1997,462,861,194,231
1998,462,861,274,179
1999,462,861,240,195
2000,462,861,270,197
1997,463,641,1953,113
1998,463,641,1569,210
1999,463,641,1751,187
2000,463,641,1930,185
1997,464,624,191,183
1998,464,624,153,201
1999,464,624,140,205
2000,464,624,153,214
1997,465,987,868,235
1998,465,987,931,212
1999,465,987,911,220
2000,465,987,921,246
1997,466,562,1140,99
1998,466,562,1029,107
1999,466,562,1040,106
2000,466,562,1026,114
1997,467,1119,485,210
1998,467,1119,580,194
1999,467,1119,611,195
2000,467,1119,616,207
1997,468,458,388,102
1998,468,458,382,109
1999,468,458,377,115
2000,468,458,377,121
1997,469,1471,306,349
1998,469,1471,444,239
1999,469,1471,422,259
2000,469,1471,386,295
1997,470,236,5572,72
1998,470,236,5362,77
1999,470,236,5444,80
2000,470,236,5421,84
1997,471,762,372,254
1998,471,762,409,233
1999,471,762,385,245
2000,471,762,421,250
1997,472,408,204,100
1998,472,408,188,137
1999,472,408,195,131
2000,472,408,183,136
1997,473,920,353,161
1998,473,920,332,174
1999,473,920,333,168
2000,473,920,360,157
1997,474,460,1418,86
1998,474,460,1303,125
1999,474,460,1441,93
2000,474,460,1112,150
1997,475,1055,778,193
1998,475,1055,816,211
1999,475,1055,1265,171
2000,475,1055,1500,167
1997,476,296,1030,68
1998,476,296,915,72
1999,476,296,906,73
2000,476,296,869,78
1997,477,1220,853,120
1998,477,1220,802,161
1999,477,1220,588,200
2000,477,1220,509,191
1997,478,1235,1097,327
1998,478,1235,1315,286
1999,478,1235,1274,290
2000,478,1235,1677,266
1997,479,734,279,198
1998,479,734,260,216
1999,479,734,273,223
2000,479,734,253,245
1997,480,293,1017,67
1998,480,293,963,71
1999,480,293,951,72
2000,480,293,909,76
1997,481,432,364,198
1998,481,432,342,200
1999,481,432,306,217
2000,481,432,306,232
1997,482,1121,444,246
1998,482,1121,503,238
1999,482,1121,503,234
2000,482,1121,528,240
1997,483,319,748,69
1998,483,319,709,74
1999,483,319,684,73
2000,483,319,650,77
1997,484,853,343,252
1998,484,853,329,235
1999,484,853,348,225
2000,484,853,387,221
1997,485,852,935,197
1998,485,852,1080,174
1999,485,852,1218,158
2000,485,852,1030,229
1997,486,468,176,123
1998,486,468,169,129
1999,486,468,169,131
2000,486,468,157,153
1997,487,631,484,213
1998,487,631,530,222
1999,487,631,482,229
2000,487,631,495,232
1997,488,437,1390,94
1998,488,437,1418,100
1999,488,437,1300,104
2000,488,437,1309,111
1997,489,1383,3360,283
1998,489,1383,3366,281
1999,489,1383,3397,309
2000,489,1383,3551,333
1997,490,1213,212,183
1998,490,1213,217,171
1999,490,1213,193,211
2000,490,1213,197,210
1997,491,1456,378,265
1998,491,1456,359,344
1999,491,1456,325,343
2000,491,1456,395,360
1997,492,181,714,73
1998,492,181,628,75
1999,492,181,602,78
2000,492,181,593,81
1997,493,583,226,228
1998,493,583,221,229
1999,493,583,205,252
2000,493,583,207,269
1997,494,1189,231,283
1998,494,1189,259,278
1999,494,1189,334,229
2000,494,1189,311,257
1997,495,984,925,177
1998,495,984,1053,177
1999,495,984,1095,181
2000,495,984,1282,188
1997,496,1302,942,286
1998,496,1302,970,298
1999,496,1302,943,303
2000,496,1302,1006,307
1997,497,868,926,224
1998,497,868,1082,239
1999,497,868,1092,249
2000,497,868,1123,254
1997,498,1069,358,284
1998,498,1069,372,294
1999,498,1069,350,314
2000,498,1069,379,293
1997,499,1616,390,285
1998,499,1616,372,293
1999,499,1616,366,297
2000,499,1616,417,313
1997,500,1062,562,243
1998,500,1062,543,237
1999,500,1062,558,253
2000,500,1062,562,281
1997,501,1346,157,221
1998,501,1346,215,202
1999,501,1346,199,199
2000,501,1346,223,186
1997,502,1158,258,223
1998,502,1158,289,191
1999,502,1158,264,227
2000,502,1158,249,285
1997,503,1431,204,342
1998,503,1431,221,314
1999,503,1431,226,318
2000,503,1431,270,341
1997,504,988,459,240
1998,504,988,470,218
1999,504,988,434,241
2000,504,988,473,248
1997,505,248,2149,71
1998,505,248,2280,75
1999,505,248,2235,77
2000,505,248,2113,85
1997,506,1171,569,258
1998,506,1171,572,282
1999,506,1171,595,284
2000,506,1171,671,282
1997,507,1464,924,319
1998,507,1464,975,332
1999,507,1464,894,363
2000,507,1464,1089,369
1997,508,1438,576,378
1998,508,1438,570,364
1999,508,1438,652,374
2000,508,1438,750,444
1997,509,1205,449,323
1998,509,1205,420,330
1999,509,1205,455,316
2000,509,1205,496,332
1997,510,1660,661,291
1998,510,1660,674,316
1999,510,1660,724,324
2000,510,1660,808,332
1997,511,551,808,195
1998,511,551,918,199
1999,511,551,858,213
2000,511,551,809,239
1997,512,929,779,190
1998,512,929,817,183
1999,512,929,852,201
2000,512,929,831,217
1997,513,813,212,224
1998,513,813,223,253
1999,513,813,226,250
2000,513,813,272,238
1997,514,237,1274,69
1998,514,237,1176,70
1999,514,237,1133,72
2000,514,237,1034,78
1997,515,1183,1696,258
1998,515,1183,1798,252
1999,515,1183,1801,252
2000,515,1183,1953,291
1997,516,1104,228,192
1998,516,1104,201,205
1999,516,1104,210,228
2000,516,1104,231,226
1997,517,328,270,110
1998,517,328,216,123
1999,517,328,184,139
2000,517,328,183,150
1997,518,1930,157,209
1998,518,1930,121,288
1999,518,1930,105,297
2000,518,1930,142,239
1997,519,535,221,201
1998,519,535,221,204
1999,519,535,269,186
2000,519,535,304,188
1997,520,809,232,111
1998,520,809,280,115
1999,520,809,261,125
2000,520,809,253,128
1997,521,389,249,199
1998,521,389,229,212
1999,521,389,256,210
2000,521,389,282,214
1997,522,884,215,156
1998,522,884,230,153
1999,522,884,203,144
2000,522,884,217,143
1997,523,590,106,255
1998,523,590,133,217
1999,523,590,121,231
2000,523,590,121,228
1997,524,1124,490,239
1998,524,1124,577,227
1999,524,1124,498,265
2000,524,1124,553,263
1997,525,1706,164,244
1998,525,1706,296,202
1999,525,1706,247,217
2000,525,1706,298,229
1997,526,1673,161,317
1998,526,1673,210,267
1999,526,1673,180,301
2000,526,1673,217,293
1997,527,862,1111,176
1998,527,862,1024,231
1999,527,862,923,266
2000,527,862,1031,277
1997,528,977,429,155
1998,528,977,357,203
1999,528,977,330,225
2000,528,977,335,231
1997,529,533,979,104
1998,529,533,816,171
1999,529,533,855,173
2000,529,533,1161,125
1997,530,629,1071,120
1998,530,629,906,151
1999,530,629,1332,134
2000,530,629,1453,140
1997,531,862,2399,135
1998,531,862,1967,194
1999,531,862,1956,208
2000,531,862,2138,212
1997,532,1710,435,231
1998,532,1710,412,258
1999,532,1710,415,256
2000,532,1710,444,274
1997,533,896,255,215
1998,533,896,284,204
1999,533,896,298,205
2000,533,896,319,197
1997,534,680,1256,119
1998,534,680,1299,112
1999,534,680,1376,126
2000,534,680,1497,125
1997,535,1014,176,250
1998,535,1014,208,248
1999,535,1014,184,273
2000,535,1014,199,273
1997,536,1063,289,207
1998,536,1063,295,206
1999,536,1063,293,237
2000,536,1063,367,221
1997,537,1614,2213,229
1998,537,1614,1981,279
1999,537,1614,2206,265
2000,537,1614,2413,273
1997,538,957,328,182
1998,538,957,312,244
1999,538,957,327,271
2000,538,957,347,297
1997,539,495,273,136
1998,539,495,223,201
1999,539,495,187,228
2000,539,495,201,222
1997,540,472,515,115
1998,540,472,412,171
1999,540,472,433,166
2000,540,472,446,165
1997,541,819,262,154
1998,541,819,256,202
1999,541,819,263,205
2000,541,819,261,220
1997,542,1545,770,196
1998,542,1545,842,197
1999,542,1545,918,190
2000,542,1545,910,230
1997,543,1558,350,371
1998,543,1558,521,309
1999,543,1558,528,310
2000,543,1558,620,297
1997,544,602,2031,106
1998,544,602,1571,170
1999,544,602,1708,168
2000,544,602,1693,185
1997,545,1291,220,294
1998,545,1291,259,255
1999,545,1291,308,246
2000,545,1291,318,259
1997,546,992,650,153
1998,546,992,530,244
1999,546,992,671,197
2000,546,992,749,209
1997,547,1438,187,247
1998,547,1438,218,242
1999,547,1438,259,217
2000,547,1438,248,269
1997,548,805,298,114
1998,548,805,176,191
1999,548,805,181,199
2000,548,805,187,216
1997,549,910,245,234
1998,549,910,344,217
1999,549,910,376,219
2000,549,910,399,248
1997,550,391,999,115
1998,550,391,1062,121
1999,550,391,1030,123
2000,550,391,1013,148
1997,551,795,264,181
1998,551,795,300,200
1999,551,795,282,214
2000,551,795,300,234
1997,552,853,952,131
1998,552,853,873,180
1999,552,853,878,191
2000,552,853,939,194
1997,553,967,2000,146
1998,553,967,1681,203
1999,553,967,1821,219
2000,553,967,1916,233
1997,554,948,514,199
1998,554,948,499,257
1999,554,948,591,296
2000,554,948,858,289
1997,555,846,439,215
1998,555,846,431,264
1999,555,846,516,233
2000,555,846,546,255
1997,556,1024,1200,148
1998,556,1024,1129,197
1999,556,1024,1171,204
2000,556,1024,1241,225
1997,557,837,127,211
1998,557,837,150,205
1999,557,837,146,227
2000,557,837,150,221
1997,558,770,645,154
1998,558,770,589,216
1999,558,770,451,276
2000,558,770,476,253
1997,559,1507,278,258
1998,559,1507,438,216
1999,559,1507,461,218
2000,559,1507,427,247
1997,560,639,214,164
1998,560,639,290,167
1999,560,639,259,187
2000,560,639,232,203
1997,561,541,255,151
1998,561,541,219,221
1999,561,541,182,249
2000,561,541,183,258
1997,562,1454,1513,197
1998,562,1454,1239,255
1999,562,1454,1169,291
2000,562,1454,1348,292
1997,563,419,116,203
1998,563,419,102,212
1999,563,419,94,235
2000,563,419,95,245
1997,564,1218,149,131
1998,564,1218,141,140
1999,564,1218,122,165
2000,564,1218,126,161
1997,565,1143,186,128
1998,565,1143,211,122
1999,565,1143,102,191
2000,565,1143,132,152
1997,566,1152,112,167
1998,566,1152,105,154
1999,566,1152,77,181
2000,566,1152,107,170
1997,567,1127,727,133
1998,567,1127,719,133
1999,567,1127,692,144
2000,567,1127,832,151
1997,568,1085,700,131
1998,568,1085,797,123
1999,568,1085,793,141
2000,568,1085,846,152
1997,569,548,235,277
1998,569,548,263,240
1999,569,548,243,249
2000,569,548,252,251
1997,570,1077,587,182
1998,570,1077,610,171
1999,570,1077,683,163
2000,570,1077,676,190
1997,571,231,589,90
1998,571,231,672,91
1999,571,231,603,89
2000,571,231,494,151
1997,572,815,225,136
1998,572,815,222,155
1999,572,815,224,149
2000,572,815,229,182
1997,573,630,495,137
1998,573,630,496,138
1999,573,630,507,145
2000,573,630,471,155
1997,574,1750,970,164
1998,574,1750,818,186
1999,574,1750,1747,136
2000,574,1750,1645,159
1997,575,1979,1093,239
1998,575,1979,1129,232
1999,575,1979,1387,217
2000,575,1979,1280,253
1997,576,306,268,144
1998,576,306,239,145
1999,576,306,257,145
2000,576,306,268,161
1997,577,610,195,231
1998,577,610,203,222
1999,577,610,190,251
2000,577,610,181,254
1997,578,1145,574,161
1998,578,1145,526,160
1999,578,1145,588,168
2000,578,1145,504,184
1997,579,238,449,105
1998,579,238,408,114
1999,579,238,477,124
2000,579,238,391,164
1997,580,528,587,298
1998,580,528,616,256
1999,580,528,927,180
2000,580,528,1002,175
1997,581,636,132,92
1998,581,636,177,99
1999,581,636,213,96
2000,581,636,202,100
1997,582,457,791,104
1998,582,457,775,105
1999,582,457,777,104
2000,582,457,756,112
1997,583,926,281,160
1998,583,926,282,148
1999,583,926,290,162
2000,583,926,313,177
1997,584,495,2608,139
1998,584,495,3038,126
1999,584,495,3063,138
2000,584,495,2646,187
1997,585,902,124,147
1998,585,902,125,160
1999,585,902,134,154
2000,585,902,135,169
1997,586,957,1334,118
1998,586,957,1558,114
1999,586,957,1794,123
2000,586,957,1601,146
1997,587,453,705,226
1998,587,453,991,114
1999,587,453,970,120
2000,587,453,780,190
1997,588,1671,915,179
1998,588,1671,984,174
1999,588,1671,1052,165
2000,588,1671,1069,185
1997,589,201,220,241
1998,589,201,220,219
1999,589,201,215,227
2000,589,201,203,252
1997,590,1955,202,249
1998,590,1955,177,295
1999,590,1955,187,260
2000,590,1955,202,289
1997,591,501,278,191
1998,591,501,308,188
1999,591,501,393,170
2000,591,501,401,174
1997,592,1906,220,126
1998,592,1906,167,147
1999,592,1906,97,195
2000,592,1906,82,199
1997,593,1483,166,191
1998,593,1483,177,233
1999,593,1483,203,185
2000,593,1483,186,204
1997,594,1218,183,188
1998,594,1218,175,193
1999,594,1218,190,180
2000,594,1218,192,197
1997,595,1958,421,205
1998,595,1958,334,235
1999,595,1958,378,240
2000,595,1958,443,241
1997,596,2080,598,304
1998,596,2080,651,277
1999,596,2080,572,348
2000,596,2080,646,341
1997,597,2066,249,212
1998,597,2066,181,262
1999,597,2066,186,237
2000,597,2066,189,270
1997,598,1962,320,262
1998,598,1962,226,305
1999,598,1962,198,369
2000,598,1962,198,324
1997,599,1024,156,168
1998,599,1024,152,159
1999,599,1024,145,170
2000,599,1024,75,186
1997,600,1928,373,249
1998,600,1928,338,290
1999,600,1928,348,289
2000,600,1928,388,289
1997,601,440,982,81
1998,601,440,1063,77
1999,601,440,1096,78
2000,601,440,1043,95
1997,602,983,1031,119
1998,602,983,1148,114
1999,602,983,1139,129
2000,602,983,1138,150
1997,603,400,680,226
1998,603,400,634,209
1999,603,400,791,195
2000,603,400,728,229
1997,604,1087,342,171
1998,604,1087,554,131
1999,604,1087,645,127
2000,604,1087,513,156
1997,605,505,210,250
1998,605,505,196,204
1999,605,505,182,230
2000,605,505,195,237
1997,606,677,391,139
1998,606,677,361,155
1999,606,677,378,146
2000,606,677,372,159
1997,607,584,422,82
1998,607,584,405,88
1999,607,584,392,101
2000,607,584,423,100
1997,608,714,457,114
1998,608,714,444,120
1999,608,714,441,126
2000,608,714,425,133
1997,609,671,119,114
1998,609,671,118,120
1999,609,671,109,124
2000,609,671,116,132
1997,610,347,597,66
1998,610,347,536,66
1999,610,347,621,61
2000,610,347,561,68
1997,611,496,336,101
1998,611,496,308,113
1999,611,496,350,107
2000,611,496,351,113
1997,612,636,194,110
1998,612,636,184,119
1999,612,636,193,126
2000,612,636,204,135
1997,613,451,282,118
1998,613,451,248,121
1999,613,451,265,125
2000,613,451,231,138
1997,614,1174,269,138
1998,614,1174,448,118
1999,614,1174,745,117
2000,614,1174,770,120
1997,615,965,369,169
1998,615,965,343,179
1999,615,965,430,168
2000,615,965,444,180
1997,616,1006,376,110
1998,616,1006,378,122
1999,616,1006,377,130
2000,616,1006,434,130
1997,617,1093,315,126
1998,617,1093,333,133
1999,617,1093,707,117
2000,617,1093,800,121
1997,618,318,557,58
1998,618,318,675,62
1999,618,318,707,64
2000,618,318,847,67
1997,619,1244,177,136
1998,619,1244,204,145
1999,619,1244,184,159
2000,619,1244,206,165
1997,620,2175,331,164
1998,620,2175,360,181
1999,620,2175,610,167
2000,620,2175,483,174
1997,621,2343,629,213
1998,621,2343,601,215
1999,621,2343,710,208
2000,621,2343,670,222
1997,622,897,134,128
1998,622,897,150,144
1999,622,897,172,144
2000,622,897,157,141
1997,623,1246,160,141
1998,623,1246,152,140
1999,623,1246,159,148
2000,623,1246,192,153
1997,624,1490,131,250
1998,624,1490,163,242
1999,624,1490,167,245
2000,624,1490,266,219
1997,625,793,297,120
1998,625,793,326,129
1999,625,793,388,126
2000,625,793,395,141
1997,626,673,237,133
1998,626,673,262,140
1999,626,673,296,140
2000,626,673,372,142
1997,627,1073,4163,155
1998,627,1073,5206,142
1999,627,1073,6561,133
2000,627,1073,8497,128
1997,628,1122,91,137
1998,628,1122,86,139
1999,628,1122,64,143
2000,628,1122,55,147
1997,629,178,847,57
1998,629,178,807,62
1999,629,178,777,64
2000,629,178,831,73
1997,630,992,887,153
1998,630,992,775,163
1999,630,992,816,168
2000,630,992,1311,131
1997,631,1975,217,219
1998,631,1975,224,206
1999,631,1975,315,188
2000,631,1975,324,210
1997,632,994,325,157
1998,632,994,347,162
1999,632,994,289,168
2000,632,994,395,157
1997,633,1189,357,123
1998,633,1189,358,132
1999,633,1189,346,130
2000,633,1189,395,132
1997,634,680,259,143
1998,634,680,289,139
1999,634,680,429,117
2000,634,680,492,122
1997,635,2587,212,276
1998,635,2587,248,261
1999,635,2587,312,236
2000,635,2587,294,248
1997,636,1057,262,180
1998,636,1057,305,185
1999,636,1057,348,176
2000,636,1057,358,199
1997,637,197,1255,57
1998,637,197,1323,62
1999,637,197,1326,64
2000,637,197,1370,68
1997,638,900,673,146
1998,638,900,851,124
1999,638,900,905,125
2000,638,900,1188,125
1997,639,1181,223,143
1998,639,1181,265,121
1999,639,1181,232,124
2000,639,1181,232,137
1997,640,946,480,129
1998,640,946,473,128
1999,640,946,458,136
2000,640,946,465,140
1997,641,1158,109,141
1998,641,1158,114,142
1999,641,1158,112,155
2000,641,1158,114,164
1997,642,1185,305,130
1998,642,1185,256,133
1999,642,1185,253,144
2000,642,1185,243,152
1997,643,1417,256,217
1998,643,1417,289,191
1999,643,1417,313,191
2000,643,1417,400,180
1997,644,1068,1026,176
1998,644,1068,999,170
1999,644,1068,1051,166
2000,644,1068,1381,148
1997,645,992,356,155
1998,645,992,333,158
1999,645,992,338,174
2000,645,992,423,151
1997,646,967,191,151
1998,646,967,200,154
1999,646,967,205,158
2000,646,967,270,146
1997,647,1203,140,130
1998,647,1203,130,137
1999,647,1203,124,148
2000,647,1203,152,148
1997,648,980,145,185
1998,648,980,172,178
1999,648,980,179,188
2000,648,980,167,182
1997,649,893,235,155
1998,649,893,208,144
1999,649,893,228,149
2000,649,893,240,154
1997,650,1645,139,173
1998,650,1645,165,167
1999,650,1645,154,175
2000,650,1645,156,176
1997,651,613,197,233
1998,651,613,213,203
1999,651,613,245,181
2000,651,613,235,196
1997,652,1024,221,130
1998,652,1024,178,153
1999,652,1024,198,154
2000,652,1024,233,157
1997,653,987,127,192
1998,653,987,155,153
1999,653,987,139,186
2000,653,987,166,184
1997,654,460,764,202
1998,654,460,747,186
1999,654,460,941,164
2000,654,460,972,163
1997,655,535,292,130
1998,655,535,252,147
1999,655,535,215,121
2000,655,535,348,105
1997,656,365,178,212
1998,656,365,212,178
1999,656,365,264,184
2000,656,365,254,173
1997,657,276,562,64
1998,657,276,553,67
1999,657,276,612,64
2000,657,276,528,74
1997,658,233,234,69
1998,658,233,224,73
1999,658,233,216,73
2000,658,233,198,78
1997,659,852,249,109
1998,659,852,248,110
1999,659,852,170,130
2000,659,852,163,153
1997,660,1509,129,386
1998,660,1509,249,201
1999,660,1509,258,209
2000,660,1509,253,253
1997,661,2527,282,319
1998,661,2527,327,304
1999,661,2527,460,240
2000,661,2527,494,247
1997,662,1194,232,152
1998,662,1194,238,158
1999,662,1194,206,155
2000,662,1194,190,165
1997,663,1051,213,359
1998,663,1051,216,314
1999,663,1051,214,335
2000,663,1051,235,355
1997,664,1050,1163,112
1998,664,1050,1266,110
1999,664,1050,1441,107
2000,664,1050,1644,110
1997,665,196,273,239
1998,665,196,278,237
1999,665,196,261,234
2000,665,196,264,272
1997,666,2214,181,287
1998,666,2214,197,274
1999,666,2214,291,200
2000,666,2214,384,196
1997,667,406,210,238
1998,667,406,210,229
1999,667,406,235,226
2000,667,406,257,246
1997,668,532,226,168
1998,668,532,235,163
1999,668,532,321,140
2000,668,532,375,133
1997,669,2627,242,376
1998,669,2627,292,335
1999,669,2627,261,379
2000,669,2627,268,366
1997,670,2437,134,321
1998,670,2437,128,307
1999,670,2437,110,325
2000,670,2437,161,276
1997,671,958,175,267
1998,671,958,172,286
1999,671,958,205,267
2000,671,958,230,245
1997,672,1111,490,132
1998,672,1111,617,112
1999,672,1111,661,111
2000,672,1111,552,130
1997,673,314,596,138
1998,673,314,624,136
1999,673,314,889,112
2000,673,314,512,166
1997,674,1133,631,135
1998,674,1133,606,132
1999,674,1133,732,118
2000,674,1133,675,130
1997,675,846,334,151
1998,675,846,314,160
1999,675,846,363,152
2000,675,846,368,166
1997,676,359,277,66
1998,676,359,274,73
1999,676,359,323,70
2000,676,359,314,75
1997,677,818,212,135
1998,677,818,190,154
1999,677,818,222,155
2000,677,818,237,165
1997,678,644,570,135
1998,678,644,545,147
1999,678,644,589,146
2000,678,644,569,157
1997,679,1229,929,139
1998,679,1229,899,155
1999,679,1229,1087,151
2000,679,1229,1119,162
1997,680,392,321,98
1998,680,392,291,108
1999,680,392,325,106
2000,680,392,312,113
1997,681,1379,1254,225
1998,681,1379,1265,219
1999,681,1379,1420,201
2000,681,1379,1498,225
1997,682,789,198,148
1998,682,789,187,154
1999,682,789,202,153
2000,682,789,223,164
1997,683,472,400,86
1998,683,472,381,93
1999,683,472,389,98
2000,683,472,379,100
1997,684,470,173,206
1998,684,470,202,202
1999,684,470,188,202
2000,684,470,201,211
1997,685,964,434,176
1998,685,964,429,175
1999,685,964,458,189
2000,685,964,461,192
1997,686,440,504,101
1998,686,440,498,108
1999,686,440,495,102
2000,686,440,471,110
1997,687,1035,309,313
1998,687,1035,313,301
1999,687,1035,408,285
2000,687,1035,426,300
1997,688,316,278,77
1998,688,316,242,86
1999,688,316,252,96
2000,688,316,240,96
1997,689,670,628,116
1998,689,670,552,127
1999,689,670,579,121
2000,689,670,596,133
1997,690,303,2181,84
1998,690,303,2109,86
1999,690,303,2207,87
2000,690,303,2176,94
1997,691,1408,1911,388
1998,691,1408,2180,315
1999,691,1408,2389,316
2000,691,1408,2619,313
1997,692,1645,139,221
1998,692,1645,147,237
1999,692,1645,178,206
2000,692,1645,271,246
1997,693,418,603,104
1998,693,418,534,109
1999,693,418,613,108
2000,693,418,588,114
1997,694,782,170,172
1998,694,782,167,170
1999,694,782,190,156
2000,694,782,198,180
1997,695,1336,219,201
1998,695,1336,219,204
1999,695,1336,292,177
2000,695,1336,261,194
1997,696,853,695,147
1998,696,853,715,148
1999,696,853,788,163
2000,696,853,877,168
1997,697,1325,615,301
1998,697,1325,658,255
1999,697,1325,730,259
2000,697,1325,742,286
1997,698,1020,731,176
1998,698,1020,671,187
1999,698,1020,776,173
2000,698,1020,796,184
1997,699,1118,300,336
1998,699,1118,300,305
1999,699,1118,276,339
2000,699,1118,303,314
1997,700,1827,221,248
1998,700,1827,222,235
1999,700,1827,267,223
2000,700,1827,269,274
1997,701,1573,243,166
1998,701,1573,186,183
1999,701,1573,269,168
2000,701,1573,233,210
1997,702,1044,232,190
1998,702,1044,254,172
1999,702,1044,319,178
2000,702,1044,347,200
1997,703,1542,163,163
1998,703,1542,146,172
1999,703,1542,182,158
2000,703,1542,176,177
1997,704,1197,310,203
1998,704,1197,313,194
1999,704,1197,345,172
2000,704,1197,370,197
1997,705,192,1055,74
1998,705,192,980,77
1999,705,192,994,78
2000,705,192,954,80
1997,706,1304,425,213
1998,706,1304,397,225
1999,706,1304,497,186
2000,706,1304,505,218
1997,707,1636,862,266
1998,707,1636,800,269
1999,707,1636,926,256
2000,707,1636,863,295
1997,708,1610,236,275
1998,708,1610,240,255
1999,708,1610,356,233
2000,708,1610,386,295
1997,709,1348,235,292
1998,709,1348,218,290
1999,709,1348,277,276
2000,709,1348,309,308
1997,710,1876,399,246
1998,710,1876,370,248
1999,710,1876,499,221
2000,710,1876,493,277
1997,711,687,861,120
1998,711,687,782,128
1999,711,687,858,126
2000,711,687,841,138
1997,712,787,472,152
1998,712,787,449,163
1999,712,787,490,169
2000,712,787,539,181
1997,713,452,831,111
1998,713,452,759,117
1999,713,452,860,110
2000,713,452,815,119
1997,714,1204,644,285
1998,714,1204,713,252
1999,714,1204,834,273
2000,714,1204,943,293
1997,715,452,281,85
1998,715,452,314,96
1999,715,452,318,89
2000,715,452,331,98
1997,716,1591,786,120
1998,716,1591,885,126
1999,716,1591,793,127
2000,716,1591,885,134
1997,717,1815,577,154
1998,717,1815,573,162
1999,717,1815,565,171
2000,717,1815,626,184
1997,718,1023,180,132
1998,718,1023,186,137
1999,718,1023,164,154
2000,718,1023,171,174
1997,719,503,262,272
1998,719,503,282,260
1999,719,503,278,284
2000,719,503,318,267
1997,720,709,132,133
1998,720,709,120,137
1999,720,709,160,142
2000,720,709,142,154
1997,721,659,847,215
1998,721,659,823,210
1999,721,659,888,225
2000,721,659,995,206
1997,722,828,937,106
1998,722,828,988,106
1999,722,828,1027,113
2000,722,828,1096,112
1997,723,587,303,268
1998,723,587,360,228
1999,723,587,391,235
2000,723,587,364,252
1997,724,1490,568,137
1998,724,1490,480,163
1999,724,1490,560,143
2000,724,1490,544,157
1997,725,1787,222,171
1998,725,1787,253,171
1999,725,1787,230,176
2000,725,1787,237,187
1997,726,1946,455,155
1998,726,1946,406,163
1999,726,1946,334,185
2000,726,1946,314,202
1997,727,877,204,110
1998,727,877,208,111
1999,727,877,213,119
2000,727,877,217,120
1997,728,1869,177,231
1998,728,1869,187,214
1999,728,1869,203,189
2000,728,1869,211,201
1997,729,229,332,69
1998,729,229,360,72
1999,729,229,327,68
2000,729,229,337,77
1997,730,840,612,112
1998,730,840,588,114
1999,730,840,643,117
2000,730,840,688,119
1997,731,499,415,206
1998,731,499,447,176
1999,731,499,398,182
2000,731,499,317,195
1997,732,972,486,112
1998,732,972,397,122
1999,732,972,695,111
2000,732,972,681,113
1997,733,1035,50,133
1998,733,1035,193,112
1999,733,1035,509,107
2000,733,1035,467,115
1997,734,1055,34,137
1998,734,1055,201,114
1999,734,1055,350,117
2000,734,1055,42,130
1997,735,334,163,100
1998,735,334,192,91
1999,735,334,150,111
2000,735,334,132,113
1997,736,484,222,88
1998,736,484,236,103
1999,736,484,271,101
2000,736,484,288,101
1997,737,513,181,88
1998,737,513,168,98
1999,737,513,210,97
2000,737,513,217,96
1997,738,834,753,222
1998,738,834,841,191
1999,738,834,1006,172
2000,738,834,1094,141
1997,739,544,110,144
1998,739,544,129,137
1999,739,544,129,125
2000,739,544,155,139
1997,740,742,346,166
1998,740,742,374,169
1999,740,742,360,161
2000,740,742,425,146
1997,741,180,270,67
1998,741,180,301,68
1999,741,180,298,68
2000,741,180,291,74
1997,742,634,332,151
1998,742,634,275,150
1999,742,634,339,143
2000,742,634,334,158
1997,743,1140,720,103
1998,743,1140,662,131
1999,743,1140,655,140
2000,743,1140,693,142
1997,744,1363,672,152
1998,744,1363,616,171
1999,744,1363,637,165
2000,744,1363,804,153
1997,745,492,165,71
1998,745,492,195,84
1999,745,492,154,92
2000,745,492,161,96
1997,746,1254,175,153
1998,746,1254,212,159
1999,746,1254,219,160
2000,746,1254,223,172
1997,747,436,199,183
1998,747,436,185,176
1999,747,436,209,186
2000,747,436,201,194
1997,748,394,850,88
1998,748,394,792,101
1999,748,394,821,103
2000,748,394,810,101
1997,749,492,368,69
1998,749,492,395,71
1999,749,492,420,70
2000,749,492,414,78
1997,750,691,206,132
1998,750,691,203,142
1999,750,691,223,150
2000,750,691,283,122
1997,751,1093,982,219
1998,751,1093,939,227
1999,751,1093,1007,234
2000,751,1093,1049,227
1997,752,1490,190,143
1998,752,1490,183,180
1999,752,1490,221,172
2000,752,1490,260,182
1997,753,313,379,67
1998,753,313,371,69
1999,753,313,372,68
2000,753,313,353,73
1997,754,1320,175,145
1998,754,1320,188,152
1999,754,1320,165,157
2000,754,1320,162,169
1997,755,1072,556,118
1998,755,1072,696,119
1999,755,1072,737,120
2000,755,1072,730,137
1997,756,1040,248,286
1998,756,1040,271,275
1999,756,1040,318,262
2000,756,1040,288,282
1997,757,1044,829,116
1998,757,1044,740,140
1999,757,1044,795,137
2000,757,1044,798,147
1997,758,1484,196,166
1998,758,1484,228,161
1999,758,1484,206,159
2000,758,1484,236,164
1997,759,906,159,172
1998,759,906,169,175
1999,759,906,252,139
2000,759,906,285,136
1997,760,1444,164,148
1998,760,1444,163,161
1999,760,1444,173,163
2000,760,1444,196,172
1997,761,920,285,135
1998,761,920,263,147
1999,761,920,266,142
2000,761,920,277,148
1997,762,707,203,136
1998,762,707,201,146
1999,762,707,224,147
2000,762,707,234,167
1997,763,1334,386,135
1998,763,1334,341,165
1999,763,1334,380,156
2000,763,1334,385,167
1997,764,1500,451,149
1998,764,1500,451,154
1999,764,1500,318,181
2000,764,1500,290,193
1997,765,1490,353,160
1998,765,1490,378,160
1999,765,1490,323,182
2000,765,1490,378,186
1997,766,238,1026,56
1998,766,238,1015,65
1999,766,238,998,60
2000,766,238,984,69
1997,767,1049,268,129
1998,767,1049,263,140
1999,767,1049,317,136
2000,767,1049,301,154
1997,768,223,205,66
1998,768,223,191,72
1999,768,223,178,71
2000,768,223,163,75
1997,769,950,582,190
1998,769,950,581,196
1999,769,950,584,197
2000,769,950,629,213
1997,770,645,168,221
1998,770,645,239,156
1999,770,645,310,138
2000,770,645,264,189
1997,771,532,227,112
1998,771,532,218,107
1999,771,532,203,119
2000,771,532,150,158
1997,772,236,4411,64
1998,772,236,4557,64
1999,772,236,5469,63
2000,772,236,4782,71
1997,773,1627,185,142
1998,773,1627,158,174
1999,773,1627,193,165
2000,773,1627,233,157
1997,774,776,152,94
1998,774,776,126,123
1999,774,776,116,124
2000,774,776,123,120
1997,775,2177,282,202
1998,775,2177,283,205
1999,775,2177,234,238
2000,775,2177,574,182
1997,776,797,169,97
1998,776,797,136,118
1999,776,797,155,112
2000,776,797,130,126
1997,777,1525,384,139
1998,777,1525,433,143
1999,777,1525,857,119
2000,777,1525,894,131
1997,778,1300,482,188
1998,778,1300,445,189
1999,778,1300,1092,130
2000,778,1300,1123,147
1997,779,1589,326,144
1998,779,1589,324,173
1999,779,1589,362,169
2000,779,1589,337,175
1997,780,1502,277,140
1998,780,1502,319,136
1999,780,1502,322,155
2000,780,1502,350,150
1997,781,2242,2115,211
1998,781,2242,2495,207
1999,781,2242,3188,209
2000,781,2242,3867,191
1997,782,407,1345,78
1998,782,407,1320,89
1999,782,407,1488,91
2000,782,407,1593,96
1997,783,988,310,116
1998,783,988,327,123
1999,783,988,283,152
2000,783,988,205,170
1997,784,1100,386,107
1998,784,1100,430,122
1999,784,1100,446,124
2000,784,1100,521,121
1997,785,197,1034,66
1998,785,197,1064,66
1999,785,197,1162,66
2000,785,197,1129,71
1997,786,2040,523,145
1998,786,2040,536,167
1999,786,2040,565,169
2000,786,2040,643,160
1997,787,2177,587,200
1998,787,2177,781,185
1999,787,2177,934,182
2000,787,2177,1252,164
1997,788,256,2549,57
1998,788,256,2632,63
1999,788,256,2966,61
2000,788,256,2809,66
1997,789,1912,174,222
1998,789,1912,273,201
1999,789,1912,265,218
2000,789,1912,340,213
1997,790,762,1062,90
1998,790,762,1096,94
1999,790,762,1285,94
2000,790,762,1237,106
1997,791,2027,189,201
1998,791,2027,208,213
1999,791,2027,301,178
2000,791,2027,330,188
1997,792,345,1433,56
1998,792,345,1469,61
1999,792,345,1581,61
2000,792,345,1489,68
1997,793,397,899,76
1998,793,397,955,83
1999,793,397,1065,87
2000,793,397,1202,92
1997,794,368,1003,66
1998,794,368,988,73
1999,794,368,1007,76
2000,794,368,1055,78
1997,795,1069,584,109
1998,795,1069,592,121
1999,795,1069,547,135
2000,795,1069,509,145
1997,796,258,1760,64
1998,796,258,1862,67
1999,796,258,1994,68
2000,796,258,1988,73
1997,797,414,1678,87
1998,797,414,1698,91
1999,797,414,2310,88
2000,797,414,2367,93
1997,798,386,1569,75
1998,798,386,1659,83
1999,798,386,1888,89
2000,798,386,1845,96
1997,799,226,388,62
1998,799,226,971,77
1999,799,226,934,91
2000,799,226,868,94
1997,800,866,1562,95
1998,800,866,1607,104
1999,800,866,1888,107
2000,800,866,1845,118
1997,801,807,187,119
1998,801,807,204,126
1999,801,807,217,124
2000,801,807,246,131
1997,802,1373,488,135
1998,802,1373,443,166
1999,802,1373,473,173
2000,802,1373,493,177
1997,803,1985,378,155
1998,803,1985,433,166
1999,803,1985,562,159
2000,803,1985,615,153
1997,804,365,624,55
1998,804,365,602,60
1999,804,365,560,62
2000,804,365,594,67
1997,805,2070,306,253
1998,805,2070,316,289
1999,805,2070,303,310
2000,805,2070,555,232
1997,806,988,147,116
1998,806,988,146,131
1999,806,988,145,138
2000,806,988,130,140
1997,807,1494,175,161
1998,807,1494,143,192
1999,807,1494,155,183
2000,807,1494,146,201
1997,808,296,399,60
1998,808,296,334,66
1999,808,296,341,63
2000,808,296,321,71
1997,809,355,468,63
1998,809,355,517,69
1999,809,355,490,70
2000,809,355,446,76
1997,810,1846,192,169
1998,810,1846,162,213
1999,810,1846,192,190
2000,810,1846,171,214
1997,811,1620,268,227
1998,811,1620,229,271
1999,811,1620,251,251
2000,811,1620,245,288
1997,812,2342,845,289
1998,812,2342,966,275
1999,812,2342,757,351
2000,812,2342,890,318
1997,813,1757,350,208
1998,813,1757,465,194
1999,813,1757,428,211
2000,813,1757,456,202
1997,814,1536,890,243
1998,814,1536,910,228
1999,814,1536,1189,207
2000,814,1536,1193,222
1997,815,1797,401,201
1998,815,1797,538,196
1999,815,1797,587,172
2000,815,1797,530,206
1997,816,1672,736,165
1998,816,1672,667,179
1999,816,1672,719,175
2000,816,1672,790,188
1997,817,2469,7637,307
1998,817,2469,7502,310
1999,817,2469,7340,342
2000,817,2469,6815,381
1997,818,2377,151,279
1998,818,2377,161,264
1999,818,2377,164,273
2000,818,2377,152,272
1997,819,337,3905,64
1998,819,337,3879,67
1999,819,337,4112,73
2000,819,337,4443,80
1997,820,1189,244,149
1998,820,1189,232,168
1999,820,1189,225,161
2000,820,1189,214,180
1997,821,1331,290,156
1998,821,1331,312,149
1999,821,1331,290,168
2000,821,1331,287,171
1997,822,2217,1085,243
1998,822,2217,1108,233
1999,822,2217,1162,215
2000,822,2217,1336,224
1997,823,2402,859,367
1998,823,2402,940,326
1999,823,2402,1054,331
2000,823,2402,1422,278
1997,824,370,3355,58
1998,824,370,3450,62
1999,824,370,3582,60
2000,824,370,3381,67
1997,825,2137,293,307
1998,825,2137,350,293
1999,825,2137,413,257
2000,825,2137,413,290
1997,826,834,1509,116
1998,826,834,1558,117
1999,826,834,1583,120
2000,826,834,1590,137
1997,827,2595,283,195
1998,827,2595,346,194
1999,827,2595,501,177
2000,827,2595,397,201
1997,828,2239,208,308
1998,828,2239,242,292
1999,828,2239,427,192
2000,828,2239,432,211
1997,829,390,884,75
1998,829,390,914,82
1999,829,390,1036,76
2000,829,390,957,90
1997,830,373,2059,62
1998,830,373,2264,68
1999,830,373,2262,74
2000,830,373,2173,80
1997,831,590,1627,84
1998,831,590,1561,97
1999,831,590,1967,85
2000,831,590,1786,95
1997,832,1211,378,166
1998,832,1211,439,155
1999,832,1211,418,159
2000,832,1211,501,162
1997,833,109,353,57
1998,833,109,206,79
1999,833,109,348,84
2000,833,109,242,114
1997,834,337,4392,83
1998,834,337,4377,80
1999,834,337,4501,88
2000,834,337,3410,108
1997,835,308,2481,65
1998,835,308,2722,68
1999,835,308,3144,71
2000,835,308,3080,82
1997,836,954,2692,127
1998,836,954,2627,130
1999,836,954,2690,135
2000,836,954,2707,150
1997,837,945,233,139
1998,837,945,234,133
1999,837,945,250,133
2000,837,945,247,136
1997,838,1593,666,224
1998,838,1593,644,258
1999,838,1593,667,252
2000,838,1593,709,252
1997,839,2159,580,199
1998,839,2159,593,219
1999,839,2159,631,215
2000,839,2159,632,217
1997,840,451,1321,54
1998,840,451,1195,63
1999,840,451,1261,64
2000,840,451,1205,68
1997,841,1283,248,146
1998,841,1283,221,158
1999,841,1283,208,166
2000,841,1283,181,198
1997,842,2290,1865,321
1998,842,2290,2178,276
1999,842,2290,1688,360
2000,842,2290,1793,373
1997,843,2333,176,227
1998,843,2333,204,227
1999,843,2333,224,261
2000,843,2333,162,313
1997,844,657,354,225
1998,844,657,388,219
1999,844,657,392,223
2000,844,657,355,239
1997,845,718,389,99
1998,845,718,401,110
1999,845,718,448,109
2000,845,718,494,111
1997,846,1507,170,153
1998,846,1507,211,161
1999,846,1507,248,154
2000,846,1507,207,166
1997,847,254,266,54
1998,847,254,265,62
1999,847,254,240,59
2000,847,254,245,69
1997,848,728,233,107
1998,848,728,280,114
1999,848,728,259,117
2000,848,728,278,119
1997,849,473,203,151
1998,849,473,186,161
1999,849,473,206,161
2000,849,473,166,177
1997,850,809,199,183
1998,850,809,214,169
1999,850,809,225,187
2000,850,809,233,195
1997,851,209,216,139
1998,851,209,262,153
1999,851,209,275,169
2000,851,209,333,210
1997,852,1143,201,126
1998,852,1143,418,118
1999,852,1143,448,118
2000,852,1143,476,136
1997,853,955,98,177
1998,853,955,423,106
1999,853,955,381,109
2000,853,955,288,125
1997,854,700,178,273
1998,854,700,188,246
1999,854,700,182,257
2000,854,700,189,272
1997,855,957,522,261
1998,855,957,607,234
1999,855,957,651,213
2000,855,957,740,219
1997,856,683,281,136
1998,856,683,307,133
1999,856,683,325,142
2000,856,683,330,147
1997,857,875,233,210
1998,857,875,238,201
1999,857,875,244,200
2000,857,875,269,188
1997,858,656,210,137
1998,858,656,232,133
1999,858,656,221,139
2000,858,656,233,160
1997,859,762,376,177
1998,859,762,368,183
1999,859,762,488,153
2000,859,762,523,181
1997,860,1261,161,132
1998,860,1261,196,130
1999,860,1261,189,147
2000,860,1261,150,169
1997,861,1502,275,278
1998,861,1502,311,249
1999,861,1502,341,263
2000,861,1502,365,224
1997,862,807,162,148
1998,862,807,157,155
1999,862,807,132,163
2000,862,807,120,180
1997,863,674,242,169
1998,863,674,243,176
1999,863,674,209,174
2000,863,674,228,187
1997,864,1093,4956,157
1998,864,1093,5180,154
1999,864,1093,4785,169
2000,864,1093,3714,188
1997,865,193,389,101
1998,865,193,346,109
1999,865,193,283,124
2000,865,193,284,149
1997,866,1013,509,193
1998,866,1013,632,178
1999,866,1013,686,180
2000,866,1013,697,162
1997,867,1976,197,258
1998,867,1976,168,263
1999,867,1976,204,249
2000,867,1976,184,244
1997,868,1014,183,175
1998,868,1014,211,175
1999,868,1014,223,179
2000,868,1014,261,168
1997,869,700,160,178
1998,869,700,179,174
1999,869,700,158,174
2000,869,700,161,172
1997,870,2585,555,314
1998,870,2585,541,330
1999,870,2585,540,361
2000,870,2585,609,359
1997,871,2724,257,234
1998,871,2724,267,247
1999,871,2724,215,293
2000,871,2724,201,300
1997,872,1069,119,237
1998,872,1069,201,216
1999,872,1069,188,228
2000,872,1069,166,239
1997,873,406,27,116
1998,873,406,23,141
1999,873,406,15,155
2000,873,406,210,179
1997,874,204,516,75
1998,874,204,463,78
1999,874,204,397,97
2000,874,204,337,120
1997,875,920,827,197
1998,875,920,904,183
1999,875,920,1257,152
2000,875,920,1076,183
1997,876,297,417,239
1998,876,297,386,240
1999,876,297,682,107
2000,876,297,703,117
1997,877,734,822,196
1998,877,734,800,188
1999,877,734,844,200
2000,877,734,794,233
1997,878,1066,766,127
1998,878,1066,788,127
1999,878,1066,847,125
2000,878,1066,863,140
1997,879,690,239,211
1998,879,690,277,196
1999,879,690,299,207
2000,879,690,317,220
1997,880,1461,386,178
1998,880,1461,358,176
1999,880,1461,413,186
2000,880,1461,507,180
1997,881,1742,184,192
1998,881,1742,195,173
1999,881,1742,176,201
2000,881,1742,148,225
1997,882,1847,359,196
1998,882,1847,375,182
1999,882,1847,356,203
2000,882,1847,460,187
1997,883,1697,111,302
1998,883,1697,121,271
1999,883,1697,121,277
2000,883,1697,183,210
1997,884,1077,529,125
1998,884,1077,416,123
1999,884,1077,380,133
2000,884,1077,353,145
1997,885,632,343,178
1998,885,632,354,174
1999,885,632,557,121
2000,885,632,448,191
1997,886,695,184,242
1998,886,695,203,218
1999,886,695,190,230
2000,886,695,196,239
1997,887,1041,173,261
1998,887,1041,164,228
1999,887,1041,191,254
2000,887,1041,299,205
1997,888,1016,1450,322
1998,888,1016,1479,291
1999,888,1016,1810,296
2000,888,1016,1936,296
1997,889,282,207,229
1998,889,282,292,147
1999,889,282,213,230
2000,889,282,211,242
1997,890,1310,594,220
1998,890,1310,657,206
1999,890,1310,1178,153
2000,890,1310,1461,150
1997,891,980,508,299
1998,891,980,536,283
1999,891,980,517,294
2000,891,980,598,282
1997,892,1276,1134,188
1998,892,1276,1206,182
1999,892,1276,1486,170
2000,892,1276,1619,175
1997,893,727,205,225
1998,893,727,307,158
1999,893,727,369,157
2000,893,727,328,193
1997,894,1427,291,263
1998,894,1427,288,283
1999,894,1427,293,288
2000,894,1427,335,281
1997,895,982,174,255
1998,895,982,186,257
1999,895,982,215,262
2000,895,982,249,254
1997,896,992,263,201
1998,896,992,311,174
1999,896,992,256,212
2000,896,992,278,223
1997,897,1098,138,246
1998,897,1098,138,243
1999,897,1098,256,173
2000,897,1098,318,174
1997,898,1533,443,223
1998,898,1533,427,229
1999,898,1533,508,211
2000,898,1533,569,218
1997,899,1589,947,249
1998,899,1589,937,254
1999,899,1589,1152,242
2000,899,1589,1277,254
1997,900,1577,177,417
1998,900,1577,188,340
1999,900,1577,190,356
2000,900,1577,216,381
1997,901,1523,209,352
1998,901,1523,219,326
1999,901,1523,187,334
2000,901,1523,252,316
1997,902,1399,595,234
1998,902,1399,604,217
1999,902,1399,885,174
2000,902,1399,852,203
1997,903,449,484,224
1998,903,449,575,195
1999,903,449,501,229
2000,903,449,560,236
1997,904,1308,339,256
1998,904,1308,371,239
1999,904,1308,370,239
2000,904,1308,466,221
1997,905,1300,112,240
1998,905,1300,114,233
1999,905,1300,96,237
2000,905,1300,124,231
1997,906,923,819,283
1998,906,923,842,255
1999,906,923,1041,226
2000,906,923,1110,245
1997,907,559,294,104
1998,907,559,401,101
1999,907,559,720,90
2000,907,559,687,98
1997,908,471,432,69
1998,908,471,420,75
1999,908,471,495,71
2000,908,471,435,81
1997,909,764,838,228
1998,909,764,825,236
1999,909,764,735,247
2000,909,764,689,272
1997,910,616,612,96
1998,910,616,661,102
1999,910,616,664,103
2000,910,616,699,111
1997,911,675,305,203
1998,911,675,296,208
1999,911,675,324,202
2000,911,675,280,249
1997,912,1449,299,171
1998,912,1449,330,182
1999,912,1449,342,173
2000,912,1449,324,180
1997,913,908,221,111
1998,913,908,225,117
1999,913,908,196,134
2000,913,908,209,140
1997,914,443,254,132
1998,914,443,216,168
1999,914,443,518,81
2000,914,443,562,89
1997,915,1406,129,170
1998,915,1406,103,199
1999,915,1406,132,170
2000,915,1406,133,188
1997,916,823,214,109
1998,916,823,227,113
1999,916,823,215,121
2000,916,823,204,134
1997,917,1754,177,156
1998,917,1754,179,192
1999,917,1754,188,166
2000,917,1754,188,187
1997,918,1968,150,228
1998,918,1968,168,218
1999,918,1968,168,204
2000,918,1968,160,230
1997,919,1980,176,194
1998,919,1980,170,198
1999,919,1980,231,162
2000,919,1980,216,187
1997,920,612,399,106
1998,920,612,482,113
1999,920,612,490,113
2000,920,612,487,121
1997,921,562,337,159
1998,921,562,243,153
1999,921,562,269,160
2000,921,562,231,208
1997,922,1168,1019,240
1998,922,1168,1207,203
1999,922,1168,1400,200
2000,922,1168,1520,219
1997,923,550,499,79
1998,923,550,525,88
1999,923,550,524,86
2000,923,550,734,96
1997,924,1088,401,190
1998,924,1088,423,181
1999,924,1088,482,170
2000,924,1088,501,178
1997,925,1302,229,161
1998,925,1302,222,173
1999,925,1302,254,179
2000,925,1302,276,171
1997,926,1429,156,136
1998,926,1429,143,169
1999,926,1429,146,155
2000,926,1429,161,159
1997,927,495,282,98
1998,927,495,264,110
1999,927,495,277,104
2000,927,495,283,109
1997,928,1601,196,181
1998,928,1601,192,193
1999,928,1601,224,180
2000,928,1601,294,170
1997,929,1912,340,236
1998,929,1912,387,218
1999,929,1912,413,202
2000,929,1912,515,210
1997,930,2090,183,212
1998,930,2090,207,207
1999,930,2090,267,180
2000,930,2090,243,213
1997,931,604,298,140
1998,931,604,308,159
1999,931,604,310,175
2000,931,604,315,187
1997,932,487,484,85
1998,932,487,478,94
1999,932,487,539,93
2000,932,487,524,97
1997,933,969,629,166
1998,933,969,656,149
1999,933,969,711,157
2000,933,969,645,178
1997,934,296,606,147
1998,934,296,528,168
1999,934,296,509,176
2000,934,296,524,182
1997,935,2569,92,381
1998,935,2569,86,451
1999,935,2569,94,409
2000,935,2569,468,294
1997,936,1338,211,226
1998,936,1338,194,244
1999,936,1338,189,279
2000,936,1338,192,292
1997,937,1137,244,275
1998,937,1137,264,259
1999,937,1137,263,246
2000,937,1137,248,270
1997,938,2425,126,305
1998,938,2425,139,303
1999,938,2425,145,317
2000,938,2425,362,232
1997,939,945,5367,135
1998,939,945,5582,132
1999,939,945,6368,122
2000,939,945,7365,121
1997,940,2143,1788,294
1998,940,2143,1575,310
1999,940,2143,1702,296
2000,940,2143,1679,355
1997,941,330,1518,180
1998,941,330,1499,187
1999,941,330,1494,195
2000,941,330,1504,203
1997,942,284,143,178
1998,942,284,145,170
1999,942,284,146,191
2000,942,284,266,209
1997,943,2453,502,337
1998,943,2453,608,281
1999,943,2453,609,332
2000,943,2453,577,376
1997,944,427,1652,165
1998,944,427,1676,168
1999,944,427,1829,164
2000,944,427,2021,154
1997,945,2406,134,293
1998,945,2406,139,272
1999,945,2406,142,297
2000,945,2406,153,298
1997,946,292,566,215
1998,946,292,514,211
1999,946,292,537,224
2000,946,292,632,211
1997,947,254,768,138
1998,947,254,678,129
1999,947,254,661,144
2000,947,254,1308,100
1997,948,2512,200,362
1998,948,2512,195,351
1999,948,2512,212,352
2000,948,2512,257,344
1997,949,1982,510,305
1998,949,1982,604,284
1999,949,1982,562,301
2000,949,1982,692,287
1997,950,1574,567,250
1998,950,1574,482,263
1999,950,1574,494,301
2000,950,1574,505,318
1997,951,2426,1025,342
1998,951,2426,1188,318
1999,951,2426,1242,335
2000,951,2426,1265,383
1997,952,2577,5034,392
1998,952,2577,5455,365
1999,952,2577,5713,404
2000,952,2577,5161,477
1997,953,2565,210,427
1998,953,2565,398,341
1999,953,2565,627,368
2000,953,2565,808,458
1997,954,2434,399,394
1998,954,2434,575,312
1999,954,2434,616,361
2000,954,2434,667,401
1997,955,1034,431,168
1998,955,1034,413,169
1999,955,1034,389,173
2000,955,1034,342,172
1997,956,713,364,164
1998,956,713,438,147
1999,956,713,416,158
2000,956,713,521,139
1997,957,2402,994,381
1998,957,2402,1191,326
1999,957,2402,1200,375
2000,957,2402,1287,416
1997,958,882,1145,271
1998,958,882,1212,273
1999,958,882,1163,294
2000,958,882,1198,310
1997,959,198,435,141
1998,959,198,363,138
1999,959,198,320,155
2000,959,198,373,161
1997,960,998,2770,160
1998,960,998,2781,156
1999,960,998,3232,143
2000,960,998,3914,130
1997,961,2126,286,300
1998,961,2126,318,271
1999,961,2126,325,267
2000,961,2126,305,295
1997,962,1226,200,245
1998,962,1226,201,263
1999,962,1226,159,323
2000,962,1226,185,321
1997,963,214,5676,133
1998,963,214,5937,129
1999,963,214,6342,127
2000,963,214,5889,133
1997,964,1024,3879,154
1998,964,1024,4043,149
1999,964,1024,3768,160
2000,964,1024,4273,144
1997,965,991,263,120
1998,965,991,100,134
1999,965,991,105,134
2000,965,991,68,140
1997,966,463,167,156
1998,966,463,162,181
1999,966,463,201,158
2000,966,463,151,146
1997,967,656,235,120
1998,967,656,190,123
1999,967,656,200,132
2000,967,656,225,124
1997,968,2334,159,263
1998,968,2334,160,257
1999,968,2334,173,263
2000,968,2334,195,273
1997,969,361,1523,64
1998,969,361,1615,70
1999,969,361,1756,72
2000,969,361,1745,80
1997,970,646,968,91
1998,970,646,968,103
1999,970,646,1105,98
2000,970,646,1118,114
1997,971,543,999,79
1998,971,543,1013,84
1999,971,543,1212,76
2000,971,543,1270,89
1997,972,180,547,54
1998,972,180,531,60
1999,972,180,543,58
2000,972,180,518,65
1997,973,588,656,81
1998,973,588,542,95
1999,973,588,658,91
2000,973,588,680,98
1997,974,446,1695,66
1998,974,446,1831,73
1999,974,446,1922,80
2000,974,446,2063,87
1997,975,371,1857,72
1998,975,371,1936,79
1999,975,371,2060,80
2000,975,371,2153,88
1997,976,671,1572,81
1998,976,671,1533,85
1999,976,671,1918,80
2000,976,671,1957,97
1997,977,724,201,86
1998,977,724,192,96
1999,977,724,243,84
2000,977,724,240,104
1997,978,748,248,99
1998,978,748,262,113
1999,978,748,222,115
2000,978,748,227,126
1997,979,1071,162,142
1998,979,1071,145,159
1999,979,1071,169,164
2000,979,1071,168,167
1997,980,833,275,130
1998,980,833,256,150
1999,980,833,263,153
2000,980,833,263,162
1997,981,407,189,102
1998,981,407,172,109
1999,981,407,178,108
2000,981,407,163,115
1997,982,1522,132,174
1998,982,1522,125,181
1999,982,1522,148,166
2000,982,1522,142,182
1997,983,462,334,75
1998,983,462,350,74
1999,983,462,336,71
2000,983,462,316,86
1997,984,1212,307,117
1998,984,1212,324,112
1999,984,1212,257,142
2000,984,1212,270,149
1997,985,1037,532,116
1998,985,1037,496,135
1999,985,1037,581,133
2000,985,1037,541,138
1997,986,1316,130,146
1998,986,1316,181,138
1999,986,1316,148,156
2000,986,1316,159,156
1997,987,1435,146,165
1998,987,1435,183,157
1999,987,1435,148,175
2000,987,1435,129,173
1997,988,1370,133,188
1998,988,1370,155,168
1999,988,1370,166,164
2000,988,1370,151,175
1997,989,342,353,67
1998,989,342,435,76
1999,989,342,434,71
2000,989,342,369,82
1997,990,1013,224,181
1998,990,1013,242,187
1999,990,1013,253,189
2000,990,1013,267,206
1997,991,325,1440,58
1998,991,325,1493,62
1999,991,325,1638,60
2000,991,325,1495,68
1997,992,838,493,115
1998,992,838,515,121
1999,992,838,528,123
2000,992,838,537,132
1997,993,394,333,68
1998,993,394,275,87
1999,993,394,231,91
2000,993,394,286,95
1997,994,389,1560,61
1998,994,389,1715,70
1999,994,389,1737,77
2000,994,389,1891,82
1997,995,558,426,87
1998,995,558,418,96
1999,995,558,375,105
2000,995,558,450,100
1997,996,363,762,75
1998,996,363,664,77
1999,996,363,609,84
2000,996,363,542,96
1997,997,333,934,64
1998,997,333,958,71
1999,997,333,1000,73
2000,997,333,1000,82
1997,998,956,758,116
1998,998,956,721,122
1999,998,956,735,128
2000,998,956,776,139
1997,999,1549,170,183
1998,999,1549,171,208
1999,999,1549,184,195
2000,999,1549,198,197
1997,1000,861,1704,129
1998,1000,861,1687,138
1999,1000,861,1559,151
2000,1000,861,2230,127
1997,1001,1849,459,181
1998,1001,1849,468,182
1999,1001,1849,617,166
2000,1001,1849,575,177
1997,1002,834,575,156
1998,1002,834,654,148
1999,1002,834,632,155
2000,1002,834,797,148
1997,1003,2537,249,205
1998,1003,2537,305,184
1999,1003,2537,309,182
2000,1003,2537,326,190
1997,1004,1073,1017,102
1998,1004,1073,976,111
1999,1004,1073,970,114
2000,1004,1073,1083,125
1997,1005,534,458,117
1998,1005,534,510,113
1999,1005,534,857,81
2000,1005,534,788,92
1997,1006,668,244,131
1998,1006,668,221,126
1999,1006,668,156,170
2000,1006,668,191,168
1997,1007,1034,347,121
1998,1007,1034,440,103
1999,1007,1034,345,121
2000,1007,1034,308,131
1997,1008,2412,178,193
1998,1008,2412,181,199
1999,1008,2412,178,195
2000,1008,2412,195,211
1997,1009,1930,459,141
1998,1009,1930,387,171
1999,1009,1930,377,181
2000,1009,1930,401,184
1997,1010,1041,319,112
1998,1010,1041,253,148
1999,1010,1041,264,154
2000,1010,1041,271,162
1997,1011,2151,261,224
1998,1011,2151,237,225
1999,1011,2151,287,208
2000,1011,2151,326,202
1997,1012,2446,576,259
1998,1012,2446,532,274
1999,1012,2446,548,266
2000,1012,2446,640,270
1997,1013,2423,177,262
1998,1013,2423,201,265
1999,1013,2423,246,251
2000,1013,2423,273,251
1997,1014,2191,153,249
1998,1014,2191,158,239
1999,1014,2191,136,273
2000,1014,2191,123,294
1997,1015,2555,488,187
1998,1015,2555,487,189
1999,1015,2555,582,181
2000,1015,2555,535,198
1997,1016,880,541,147
1998,1016,880,603,158
1999,1016,880,711,138
2000,1016,880,638,171
1997,1017,1053,399,120
1998,1017,1053,445,110
1999,1017,1053,460,120
2000,1017,1053,505,121
1997,1018,921,149,114
1998,1018,921,72,112
1999,1018,921,47,152
2000,1018,921,141,115
1997,1019,758,1444,135
1998,1019,758,1698,121
1999,1019,758,1898,114
2000,1019,758,1876,131
1997,1020,2076,541,291
1998,1020,2076,593,260
1999,1020,2076,568,281
2000,1020,2076,648,282
1997,1021,267,908,158
1998,1021,267,924,167
1999,1021,267,852,184
2000,1021,267,775,218
1997,1022,365,113,190
1998,1022,365,138,188
1999,1022,365,153,193
2000,1022,365,152,220
1997,1023,2412,135,337
1998,1023,2412,125,353
1999,1023,2412,118,364
2000,1023,2412,128,362
1997,1024,336,437,187
1998,1024,336,454,193
1999,1024,336,476,192
2000,1024,336,541,188
1997,1025,198,168,258
1998,1025,198,157,258
1999,1025,198,170,250
2000,1025,198,150,291
1997,1026,257,193,203
1998,1026,257,186,197
1999,1026,257,174,204
2000,1026,257,160,233
1997,1027,1928,167,279
1998,1027,1928,185,280
1999,1027,1928,143,315
2000,1027,1928,194,290
1997,1028,2371,328,314
1998,1028,2371,357,303
1999,1028,2371,339,312
2000,1028,2371,465,316
1997,1029,2522,837,404
1998,1029,2522,884,372
1999,1029,2522,910,392
2000,1029,2522,1214,364
1997,1030,2380,191,336
1998,1030,2380,165,355
1999,1030,2380,155,369
2000,1030,2380,153,371
1997,1031,958,135,135
1998,1031,958,91,152
1999,1031,958,82,180
2000,1031,958,53,172
1997,1032,2380,298,368
1998,1032,2380,317,333
1999,1032,2380,339,328
2000,1032,2380,477,318
1997,1033,813,309,299
1998,1033,813,390,257
1999,1033,813,392,274
2000,1033,813,375,302
1997,1034,920,906,151
1998,1034,920,906,158
1999,1034,920,929,165
2000,1034,920,1282,132
1997,1035,951,699,148
1998,1035,951,618,162
1999,1035,951,564,181
2000,1035,951,495,181
1997,1036,1814,210,270
1998,1036,1814,254,247
1999,1036,1814,261,239
2000,1036,1814,280,258
1997,1037,1009,1004,128
1998,1037,1009,986,128
1999,1037,1009,1197,118
2000,1037,1009,1345,136
1997,1038,2280,240,150
1998,1038,2280,230,178
1999,1038,2280,309,163
2000,1038,2280,326,187
1997,1039,601,457,82
1998,1039,601,485,92
1999,1039,601,503,88
2000,1039,601,483,102
1997,1040,647,816,90
1998,1040,647,789,105
1999,1040,647,864,106
2000,1040,647,928,114
1997,1041,507,1356,86
1998,1041,507,1297,97
1999,1041,507,1381,94
2000,1041,507,1408,96
1997,1042,843,338,129
1998,1042,843,315,145
1999,1042,843,349,140
2000,1042,843,376,148
1997,1043,304,1988,56
1998,1043,304,2000,61
1999,1043,304,2120,61
2000,1043,304,1937,68
1997,1044,651,1779,95
1998,1044,651,1604,100
1999,1044,651,1697,98
2000,1044,651,1671,109
1997,1045,621,1215,99
1998,1045,621,1252,99
1999,1045,621,1308,103
2000,1045,621,1411,113
1997,1046,338,392,70
1998,1046,338,402,155
1999,1046,338,440,155
2000,1046,338,440,152
1997,1047,1107,1446,138
1998,1047,1107,1462,130
1999,1047,1107,1678,135
2000,1047,1107,1818,140
1997,1048,1021,253,108
1998,1048,1021,203,136
1999,1048,1021,235,135
2000,1048,1021,254,132
1997,1049,1262,722,138
1998,1049,1262,682,156
1999,1049,1262,734,153
2000,1049,1262,738,163
1997,1050,1790,302,182
1998,1050,1790,321,183
1999,1050,1790,352,176
2000,1050,1790,346,192
1997,1051,935,287,125
1998,1051,935,248,152
1999,1051,935,267,155
2000,1051,935,248,159
1997,1052,1960,473,316
1998,1052,1960,405,296
1999,1052,1960,368,303
2000,1052,1960,461,312
1997,1053,2254,313,331
1998,1053,2254,320,318
1999,1053,2254,416,303
2000,1053,2254,398,353
1997,1054,2127,128,315
1998,1054,2127,163,279
1999,1054,2127,178,270
2000,1054,2127,169,324
1997,1055,554,158,230
1998,1055,554,181,231
1999,1055,554,173,238
2000,1055,554,175,269
1997,1056,873,452,157
1998,1056,873,472,156
1999,1056,873,533,154
2000,1056,873,545,152
1997,1057,201,316,211
1998,1057,201,320,221
1999,1057,201,328,230
2000,1057,201,312,254
1997,1058,953,256,155
1998,1058,953,240,155
1999,1058,953,241,165
2000,1058,953,244,156
1997,1059,483,134,170
1998,1059,483,110,190
1999,1059,483,127,209
2000,1059,483,109,216
1997,1060,444,949,52
1998,1060,444,807,59
1999,1060,444,706,63
2000,1060,444,610,72
1997,1061,479,922,69
1998,1061,479,1024,70
1999,1061,479,1049,76
2000,1061,479,1088,83
1997,1062,630,729,92
1998,1062,630,727,102
1999,1062,630,732,99
2000,1062,630,784,110
1997,1063,933,754,115
1998,1063,933,797,116
1999,1063,933,831,128
2000,1063,933,900,144
1997,1064,550,1381,86
1998,1064,550,1298,91
1999,1064,550,1397,87
2000,1064,550,1167,108
1997,1065,569,1244,84
1998,1065,569,1292,82
1999,1065,569,1568,79
2000,1065,569,1626,99
1997,1066,859,542,131
1998,1066,859,528,130
1999,1066,859,551,133
2000,1066,859,616,148
1997,1067,129,720,106
1998,1067,129,666,108
1999,1067,129,616,118
2000,1067,129,577,129
1997,1068,279,728,56
1998,1068,279,745,63
1999,1068,279,777,60
2000,1068,279,746,70
1997,1069,1710,163,210
1998,1069,1710,188,222
1999,1069,1710,183,220
2000,1069,1710,200,236
1997,1070,2336,293,321
1998,1070,2336,264,323
1999,1070,2336,233,331
2000,1070,2336,256,355
1997,1071,2695,202,232
1998,1071,2695,84,310
1999,1071,2695,284,198
2000,1071,2695,316,213
1997,1072,1022,193,141
1998,1072,1022,175,150
1999,1072,1022,207,151
2000,1072,1022,169,167
1997,1073,1137,423,111
1998,1073,1137,426,120
1999,1073,1137,476,119
2000,1073,1137,543,131
1997,1074,357,402,135
1998,1074,357,370,142
1999,1074,357,396,159
2000,1074,357,372,164
1997,1075,1149,187,138
1998,1075,1149,174,144
1999,1075,1149,146,149
2000,1075,1149,148,154
1997,1076,2400,227,366
1998,1076,2400,239,353
1999,1076,2400,244,334
2000,1076,2400,266,312
1997,1077,587,283,134
1998,1077,587,310,134
1999,1077,587,551,89
2000,1077,587,609,96
1997,1078,227,419,176
1998,1078,227,416,180
1999,1078,227,689,98
2000,1078,227,449,149
1997,1079,422,260,64
1998,1079,422,296,71
1999,1079,422,327,69
2000,1079,422,255,78
1997,1080,488,474,74
1998,1080,488,488,80
1999,1080,488,472,84
2000,1080,488,416,98
1997,1081,192,440,58
1998,1081,192,391,64
1999,1081,192,324,67
2000,1081,192,262,81
1997,1082,188,779,50
1998,1082,188,725,57
1999,1082,188,713,55
2000,1082,188,614,63
1997,1083,415,423,72
1998,1083,415,447,80
1999,1083,415,438,76
2000,1083,415,182,97
1997,1084,564,1204,64
1998,1084,564,1118,66
1999,1084,564,1046,74
2000,1084,564,865,85
1997,1085,572,192,69
1998,1085,572,155,84
1999,1085,572,160,85
2000,1085,572,132,92
1997,1086,1080,153,154
1998,1086,1080,155,135
1999,1086,1080,168,141
2000,1086,1080,187,142
1997,1087,296,234,168
1998,1087,296,259,163
1999,1087,296,239,168
2000,1087,296,200,171
1997,1088,532,458,85
1998,1088,532,437,101
1999,1088,532,403,116
2000,1088,532,421,122
1997,1089,480,1663,61
1998,1089,480,1870,70
1999,1089,480,1891,77
2000,1089,480,1969,82
1997,1090,404,639,90
1998,1090,404,471,137
1999,1090,404,608,112
2000,1090,404,588,121
1997,1091,605,983,86
1998,1091,605,983,90
1999,1091,605,1074,90
2000,1091,605,1111,104
1997,1092,650,174,87
1998,1092,650,183,95
1999,1092,650,191,95
2000,1092,650,196,104
1997,1093,2369,163,327
1998,1093,2369,165,315
1999,1093,2369,180,358
2000,1093,2369,190,389
1997,1094,1087,142,165
1998,1094,1087,138,173
1999,1094,1087,141,171
2000,1094,1087,152,183
1997,1095,626,717,86
1998,1095,626,706,101
1999,1095,626,626,118
2000,1095,626,663,120
1997,1096,599,693,90
1998,1096,599,762,107
1999,1096,599,700,118
2000,1096,599,748,129
1997,1097,585,418,95
1998,1097,585,420,107
1999,1097,585,374,123
2000,1097,585,418,134
1997,1098,588,535,94
1998,1098,588,478,110
1999,1098,588,437,116
2000,1098,588,435,120
1997,1099,689,965,93
1998,1099,689,927,100
1999,1099,689,984,98
2000,1099,689,974,110
1997,1100,546,211,89
1998,1100,546,202,96
1999,1100,546,207,95
2000,1100,546,198,102
1997,1101,601,119,109
1998,1101,601,138,115
1999,1101,601,156,118
2000,1101,601,161,121
1997,1102,1834,350,255
1998,1102,1834,388,244
1999,1102,1834,312,276
2000,1102,1834,386,268
1997,1103,1131,180,165
1998,1103,1131,194,169
1999,1103,1131,213,158
2000,1103,1131,222,182
1997,1104,1482,201,191
1998,1104,1482,207,188
1999,1104,1482,189,185
2000,1104,1482,184,205
1997,1105,1776,181,181
1998,1105,1776,187,182
1999,1105,1776,226,168
2000,1105,1776,210,194
1997,1106,483,158,104
1998,1106,483,149,115
1999,1106,483,152,116
2000,1106,483,133,122
1997,1107,1377,325,229
1998,1107,1377,373,212
1999,1107,1377,379,204
2000,1107,1377,375,227
1997,1108,447,2917,66
1998,1108,447,2910,69
1999,1108,447,2870,76
2000,1108,447,2754,86
1997,1109,417,1978,67
1998,1109,417,2125,72
1999,1109,417,2247,77
2000,1109,417,2338,89
1997,1110,1050,1301,126
1998,1110,1050,1287,129
1999,1110,1050,1384,138
2000,1110,1050,1460,153
1997,1111,1027,130,134
1998,1111,1027,138,136
1999,1111,1027,137,133
2000,1111,1027,152,147
1997,1112,2091,167,230
1998,1112,2091,183,224
1999,1112,2091,204,209
2000,1112,2091,234,207
1997,1113,367,454,58
1998,1113,367,449,65
1999,1113,367,555,65
2000,1113,367,535,68
1997,1114,2256,575,316
1998,1114,2256,570,338
1999,1114,2256,559,367
2000,1114,2256,638,386
1997,1115,372,1906,80
1998,1115,372,1483,92
1999,1115,372,1657,89
2000,1115,372,1539,115
1997,1116,262,345,92
1998,1116,262,324,94
1999,1116,262,298,123
2000,1116,262,321,122
1997,1117,678,2275,95
1998,1117,678,2275,95
1999,1117,678,2407,94
2000,1117,678,2133,120
1997,1118,733,215,95
1998,1118,733,212,96
1999,1118,733,225,94
2000,1118,733,178,111
1997,1119,2395,311,264
1998,1119,2395,318,250
1999,1119,2395,345,248
2000,1119,2395,331,246
1997,1120,752,205,100
1998,1120,752,213,105
1999,1120,752,198,116
2000,1120,752,184,126
1997,1121,1466,181,129
1998,1121,1466,94,198
1999,1121,1466,113,174
2000,1121,1466,95,212
1997,1122,2421,1562,400
1998,1122,2421,1325,430
1999,1122,2421,1251,492
2000,1122,2421,1434,518
1997,1123,342,2218,67
1998,1123,342,2370,70
1999,1123,342,2430,75
2000,1123,342,2309,92
1997,1124,697,1458,84
1998,1124,697,1561,82
1999,1124,697,1823,80
2000,1124,697,1869,102
1997,1125,742,126,89
1998,1125,742,129,93
1999,1125,742,116,96
2000,1125,742,132,110
1997,1126,722,256,104
1998,1126,722,221,117
1999,1126,722,215,128
2000,1126,722,259,129
1997,1127,2404,193,401
1998,1127,2404,368,351
1999,1127,2404,324,447
2000,1127,2404,352,520
1997,1128,978,829,161
1998,1128,978,1035,136
1999,1128,978,1112,149
2000,1128,978,1305,159
1997,1129,2279,206,371
1998,1129,2279,263,304
1999,1129,2279,206,350
2000,1129,2279,207,396
1997,1130,224,1959,56
1998,1130,224,2079,58
1999,1130,224,2078,57
2000,1130,224,1900,70
1997,1131,2525,187,233
1998,1131,2525,210,212
1999,1131,2525,242,200
2000,1131,2525,273,214
1997,1132,1217,252,133
1998,1132,1217,232,147
1999,1132,1217,287,140
2000,1132,1217,400,131
1997,1133,2310,538,343
1998,1133,2310,545,361
1999,1133,2310,587,400
2000,1133,2310,609,405
1997,1134,1157,267,129
1998,1134,1157,249,157
1999,1134,1157,267,143
2000,1134,1157,234,171
1997,1135,786,333,150
1998,1135,786,339,159
1999,1135,786,321,169
2000,1135,786,335,192
1997,1136,1559,336,185
1998,1136,1559,321,221
1999,1136,1559,342,211
2000,1136,1559,367,224
1997,1137,1737,442,249
1998,1137,1737,446,264
1999,1137,1737,440,287
2000,1137,1737,449,307
1997,1138,1718,155,238
1998,1138,1718,143,259
1999,1138,1718,167,256
2000,1138,1718,170,272
1997,1139,1571,167,264
1998,1139,1571,164,304
1999,1139,1571,189,270
2000,1139,1571,159,298
1997,1140,1711,341,250
1998,1140,1711,342,278
1999,1140,1711,373,255
2000,1140,1711,391,297
1997,1141,869,463,142
1998,1141,869,447,162
1999,1141,869,508,144
2000,1141,869,546,177
1997,1142,351,307,66
1998,1142,351,301,72
1999,1142,351,319,67
2000,1142,351,303,78
1997,1143,713,391,262
1998,1143,713,405,259
1999,1143,713,761,168
2000,1143,713,471,297
1997,1144,1105,147,147
1998,1144,1105,160,130
1999,1144,1105,152,136
2000,1144,1105,169,134
1997,1145,298,184,183
1998,1145,298,170,200
1999,1145,298,166,200
2000,1145,298,162,193
1997,1146,200,227,97
1998,1146,200,239,110
1999,1146,200,243,97
2000,1146,200,228,118
1997,1147,814,802,150
1998,1147,814,881,135
1999,1147,814,1073,124
2000,1147,814,1142,142
1997,1148,1948,190,295
1998,1148,1948,238,257
1999,1148,1948,213,296
2000,1148,1948,198,311
1997,1149,857,493,147
1998,1149,857,523,142
1999,1149,857,441,146
2000,1149,857,556,145
