address,postcode,price,area,num_rooms,lon,lat,price_per_sqm,four_digit_postcode
"Blasiusstraat 8 2, Amsterdam",1091 CR,685000.0,64,3,4.907736,52.356157,10703.125,1091
"Kromme Leimuidenstraat 13 H, Amsterdam",1059 EL,475000.0,60,3,4.850476,52.348586,7916.666666666667,1059
"Zaaiersweg 11 A, Amsterdam",1097 SM,850000.0,109,4,4.944774,52.343782,7798.165137614679,1097
"Tenerifestraat 40, Amsterdam",1060 TH,580000.0,128,6,4.789928,52.343712,4531.25,1060
"Winterjanpad 21, Amsterdam",1036 KN,720000.0,138,5,4.902503,52.410538,5217.391304347826,1036
"De Wittenkade 134 I, Amsterdam",1051 AM,450000.0,53,2,4.875024,52.382228,8490.566037735849,1051
"Pruimenstraat 18 B, Amsterdam",1033 KM,450000.0,87,3,4.896536,52.410585,5172.413793103448,1033
"Da Costakade 32 II, Amsterdam",1053 WL,590000.0,80,2,4.871555,52.371041,7375.0,1053
"Postjeskade 41 2, Amsterdam",1058 DG,399000.0,49,3,4.854671,52.363471,8142.857142857143,1058
"Van Ostadestraat 193 H, Amsterdam",1073 TM,300000.0,33,2,4.897142,52.353111,9090.90909090909,1073
"Sloterkade 152 1, Amsterdam",1058 HN,540000.0,69,3,4.851985,52.351244,7826.086956521739,1058
"KNSM-laan 609, Amsterdam",1019 LD,539000.0,88,3,4.942972,52.377442,6125.0,1019
"Blasiusstraat 17 II, Amsterdam",1091 CK,390000.0,45,3,4.908173,52.356446,8666.666666666666,1091
"Amstel 124 B, Amsterdam",1017 AD,575000.0,70,2,4.897782,52.366928,8214.285714285714,1017
"Blasiusstraat 50 II, Amsterdam",1091 CT,650000.0,86,3,4.909361,52.356532,7558.139534883721,1091
"Suikerpeerpad 39, Amsterdam",1036 KE,475000.0,105,5,4.900926,52.408311,4523.809523809524,1036
"Paramaribostraat 122 3, Amsterdam",1058 VP,700000.0,102,6,4.85452,52.36209,6862.745098039216,1058
"Burgemeester Hogguerstraat 273, Amsterdam",1064 CP,325000.0,78,3,4.829644,52.372068,4166.666666666667,1064
"Anna Blamansingel 274 VII, Amsterdam",1102 SX,399000.0,100,3,4.949572,52.317294,3990.0,1102
"Oostzaanstraat 271, Amsterdam",1013 WJ,375000.0,52,3,4.872555,52.392426,7211.538461538462,1013
"Keizersgracht 171 F, Amsterdam",1016 DP,1625000.0,199,6,4.88583,52.374742,8165.829145728643,1016
"Cornelis Troostplein 2 2, Amsterdam",1072 JK,575000.0,71,3,4.891161,52.351082,8098.591549295775,1072
"Thorn Prikkerstraat 93, Amsterdam",1062 BS,600000.0,114,4,4.837666,52.362011,5263.1578947368425,1062
"Kramatweg 58 A, Amsterdam",1095 JX,525000.0,75,3,4.945438,52.361355,7000.0,1095
"Bramzeilhof 56, Amsterdam",1034 LH,350000.0,110,5,4.921574,52.408269,3181.818181818182,1034
"Bruinvisstraat 36, Amsterdam",1035 HG,350000.0,89,3,4.88516,52.423543,3932.5842696629215,1035
"Arent Janszoon Ernststraat 41, Amsterdam",1083 GP,575000.0,134,5,4.887858,52.332103,4291.044776119403,1083
"Willem de Zwijgerlaan 115 II, Amsterdam",1056 JJ,375000.0,51,3,4.862875,52.373735,7352.941176470588,1056
"Colenbranderhof 30, Amsterdam",1065 BG,1650000.0,235,7,4.820848,52.358631,7021.276595744681,1065
"Dusartstraat 33 2, Amsterdam",1072 HN,325000.0,37,2,4.889539,52.351732,8783.783783783783,1072
"Churchill-laan 37 A, Amsterdam",1078 DE,800000.0,98,3,4.900342,52.346366,8163.265306122449,1078
"Prinseneiland 545, Amsterdam",1013 EC,1950000.0,258,4,4.887444,52.385346,7558.139534883721,1013
"Van Tuyll van Serooskerkenweg 86 H, Amsterdam",1076 JP,735000.0,83,3,4.86109,52.344643,8855.421686746988,1076
"Vondelstraat 51 hs, Amsterdam",1054 GJ,3925000.0,319,7,4.875471,52.361571,12304.075235109718,1054
"Kinkerstraat 215 D, Amsterdam",1053 DS,475000.0,74,3,4.865792,52.365372,6418.918918918919,1053
"Oldengaarde 116, Amsterdam",1083 TL,275000.0,31,2,4.883566,52.330963,8870.967741935483,1083
"Rustenburgerstraat 154 2, Amsterdam",1073 GJ,375000.0,47,2,4.899509,52.352717,7978.723404255319,1073
"J.J. Cremerplein 24 II, Amsterdam",1054 TL,570000.0,63,3,4.85856,52.359929,9047.619047619048,1054
"Oostenburgergracht 41 A, Amsterdam",1018 NB,375000.0,43,2,4.921855,52.368922,8720.93023255814,1018
"C.J.K. van Aalststraat 94 PP, Amsterdam",1019 JX,895000.0,163,6,4.93704,52.373016,5490.79754601227,1019
"John Franklinstraat 38 3, Amsterdam",1056 TD,365000.0,49,3,4.854277,52.371899,7448.9795918367345,1056
"Potgieterstraat 23 IV, Amsterdam",1053 XP,550000.0,62,3,4.874257,52.369627,8870.967741935483,1053
"Wamelstraat 76, Amsterdam",1106 DM,325000.0,91,4,4.987296,52.300656,3571.4285714285716,1106
"Nieuwe Prinsengracht 48 G, Amsterdam",1018 VS,429000.0,50,3,4.907585,52.363609,8580.0,1018
"Commelinstraat 9 H, Amsterdam",1093 TE,650000.0,120,4,4.924306,52.36344,5416.666666666667,1093
"Orteliusstraat 309 I, Amsterdam",1056 NZ,350000.0,55,3,4.847389,52.373198,6363.636363636364,1056
"Tweede Ceramstraat 10, Amsterdam",1095 BN,475000.0,79,3,4.942841,52.362693,6012.658227848101,1095
"1e Kekerstraat 77 PP, Amsterdam",1104 VA,325000.0,99,3,4.981149,52.314,3282.8282828282827,1104
"Rietveld Schröderpad 15, Amsterdam",1064 WX,425000.0,82,3,4.83186,52.364372,5182.926829268293,1064
"Beemsterstraat 98, Amsterdam",1024 BG,350000.0,77,4,4.948371,52.392858,4545.454545454545,1024
"Postjesweg 341, Amsterdam",1062 JS,350000.0,81,3,4.837764,52.363887,4320.9876543209875,1062
"Eastonstraat 86, Amsterdam",1068 JC,375000.0,93,4,4.815101,52.356914,4032.2580645161293,1068
"Adrichemstraat 15, Amsterdam",1013 DR,450000.0,73,3,4.877698,52.388468,6164.3835616438355,1013
"Vijzelstraat 91, Amsterdam",1017 HH,1185000.0,160,5,4.892374,52.363383,7406.25,1017
"IJdoornlaan 1449 F, Amsterdam",1034 BM,385000.0,74,3,4.91913,52.406915,5202.7027027027025,1034
"Amstelveenseweg 184 III, Amsterdam",1075 XR,687500.0,86,4,4.855875,52.352448,7994.186046511628,1075
"Zuideinde 387 D, Amsterdam",1035 PE,585000.0,52,4,4.891858,52.42145,11250.0,1035
"Amstel 13, Amsterdam",1011 PT,1295000.0,145,5,4.89952,52.367261,8931.034482758621,1011
"Egidiusstraat 42 3, Amsterdam",1055 GW,375000.0,61,3,4.851777,52.379483,6147.540983606557,1055
"Zeeburgerdijk 578, Amsterdam",1095 AN,500000.0,86,4,4.944196,52.366168,5813.953488372093,1095
"Groetstraat 201, Amsterdam",1024 VE,300000.0,78,4,4.951093,52.393956,3846.153846153846,1024
"Jan Haringstraat 32 I, Amsterdam",1056 XJ,375000.0,52,4,4.86106,52.376873,7211.538461538462,1056
"Crynssenstraat 74 2, Amsterdam",1058 XZ,400000.0,51,2,4.85633,52.36355,7843.137254901961,1058
"Churchill-laan 254 3, Amsterdam",1078 EZ,850000.0,117,5,4.889851,52.347518,7264.957264957265,1078
"Overtoom 502 I, Amsterdam",1054 KJ,550000.0,72,3,4.859628,52.359026,7638.888888888889,1054
"Wieringerwaardstraat 226, Amsterdam",1024 HM,275000.0,56,2,4.959199,52.395846,4910.714285714285,1024
"Wiltzanghlaan 31 I, Amsterdam",1055 KE,330000.0,54,3,4.848563,52.381715,6111.111111111111,1055
"Faas Wilkesstraat 321 PP, Amsterdam",1095 MD,700000.0,102,3,4.969203,52.372762,6862.745098039216,1095
"Fahrenheitsingel 17, Amsterdam",1097 NR,500000.0,72,2,4.922788,52.342942,6944.444444444444,1097
"Bankastraat 39 D, Amsterdam",1094 EB,369000.0,47,3,4.933378,52.364949,7851.063829787234,1094
"Toutenburgstraat 75, Amsterdam",1107 PW,245000.0,68,3,4.9688878,52.2923239,3602.9411764705883,1107
"Vegastraat 97, Amsterdam",1033 HR,350000.0,65,4,4.885364,52.412066,5384.615384615385,1033
"Hofwijckstraat 22 III, Amsterdam",1055 GG,425000.0,69,3,4.850643,52.379711,6159.420289855072,1055
"Sam van Houtenstraat 191 C, Amsterdam",1067 JG,375000.0,94,4,4.800745,52.379133,3989.3617021276596,1067
"Het Hoogt 180, Amsterdam",1025 HE,335000.0,92,4,4.936896,52.394478,3641.304347826087,1025
"Van Hilligaertstraat 32 C, Amsterdam",1072 KA,450000.0,56,3,4.888332,52.349498,8035.714285714285,1072
"Wethouder Wierdelsstraat 6, Amsterdam",1107 DK,395000.0,101,5,4.993551,52.292948,3910.891089108911,1107
"Van Houweningenstraat 66 2, Amsterdam",1052 TR,300000.0,45,2,4.87065,52.37314,6666.666666666667,1052
"Ternatestraat 174, Amsterdam",1095 RZ,450000.0,84,3,4.944032,52.365457,5357.142857142857,1095
"Hudsonstraat 55 hs, Amsterdam",1057 RX,415000.0,51,2,4.853803,52.366082,8137.254901960784,1057
"Maarten Jansz. Kosterstraat 10, Amsterdam",1017 VX,650000.0,67,4,4.901713,52.360545,9701.492537313432,1017
"Spaarndammerplantsoen 20, Amsterdam",1013 XT,425000.0,52,2,4.876149,52.390376,8173.076923076923,1013
"Driehoekstraat 72, Amsterdam",1015 GL,469000.0,67,2,4.882743,52.382746,7000.0,1015
"Admiraliteitstraat 48, Amsterdam",1018 KP,485000.0,73,4,4.924634,52.368555,6643.835616438356,1018
"Willem de Zwijgerlaan 334 E15, Amsterdam",1055 RD,225000.0,32,1,4.860857,52.380834,7031.25,1055
"De Wittenkade 23 2V, Amsterdam",1052 AA,285000.0,29,2,4.880046,52.384661,9827.586206896553,1052
"Keizersgracht 343 F, Amsterdam",1016 EH,995000.0,97,2,4.884982,52.369202,10257.731958762886,1016
"Geschutswerf 81, Amsterdam",1018 AW,1475000.0,220,5,4.920481,52.366984,6704.545454545455,1018
"Bilderdijkkade 22 IV, Amsterdam",1053 VC,475000.0,60,3,4.868057,52.370073,7916.666666666667,1053
"Jan Mankesstraat 13 hs, Amsterdam",1061 SR,475000.0,124,5,4.837522,52.364821,3830.6451612903224,1061
"Sassenheimstraat 30 1, Amsterdam",1059 BH,395000.0,56,2,4.848779,52.348138,7053.571428571428,1059
"Oudezijds Voorburgwal 161 E, Amsterdam",1012 ET,375000.0,47,2,4.896579,52.372127,7978.723404255319,1012
"Amstelveenseweg 186 4A, Amsterdam",1075 XR,400000.0,37,2,4.855832,52.352385,10810.81081081081,1075
"Nova Zemblastraat 544, Amsterdam",1013 RP,325000.0,42,2,4.879081,52.390874,7738.0952380952385,1013
"Achillesstraat 113 2, Amsterdam",1076 RA,400000.0,53,3,4.864958,52.343986,7547.169811320755,1076
"Parnassusweg 151, Amsterdam",1077 DE,475000.0,80,3,4.868693,52.343328,5937.5,1077
"Lamarckhof 11 I, Amsterdam",1098 TK,425000.0,68,3,4.944251,52.352317,6250.0,1098
"Cornelis van Vollenhovenstraat 4 B, Amsterdam",1063 KS,375000.0,101,3,4.819711,52.379837,3712.871287128713,1063
"Van Boetzelaerstraat 73 II, Amsterdam",1051 EA,365000.0,47,2,4.871178,52.382031,7765.95744680851,1051
"Pretoriusstraat 11 II, Amsterdam",1092 EW,500000.0,67,3,4.926673,52.356043,7462.686567164179,1092
"Wittgensteinlaan 137, Amsterdam",1062 KC,450000.0,92,3,4.835487,52.353658,4891.304347826087,1062
"Prinsengracht 201 E, Amsterdam",1015 DT,725000.0,95,3,4.886006,52.377377,7631.578947368421,1015
"Westeinde 16, Amsterdam",1017 ZP,4550000.0,497,13,4.89862,52.358798,9154.929577464789,1017
"Groenhoven 453, Amsterdam",1103 LN,225000.0,52,2,4.976804,52.325544,4326.923076923077,1103
"Reinier Claeszenstraat 74 3, Amsterdam",1056 WR,375000.0,55,3,4.862201,52.373597,6818.181818181818,1056
"Waterkeringweg 49, Amsterdam",1051 NX,495000.0,74,3,4.867549,52.384604,6689.189189189189,1051
"Lange Leidsedwarsstraat 95 C, Amsterdam",1017 NH,475000.0,58,3,4.885902,52.363158,8189.6551724137935,1017
"Lange Leidsedwarsstraat 32 B, Amsterdam",1017 NL,450000.0,53,2,4.882472,52.365273,8490.566037735849,1017
"Vrijheidslaan 14 I, Amsterdam",1078 PJ,475000.0,66,3,4.910224,52.347296,7196.969696969697,1078
"Heemstedestraat 10 I, Amsterdam",1058 NM,475000.0,62,3,4.848941,52.351734,7661.290322580645,1058
"Veldzicht 85, Amsterdam",1068 SM,345000.0,61,3,4.798199,52.362969,5655.737704918033,1068
"Rijswijkstraat 69, Amsterdam",1062 ER,369000.0,78,3,4.841525,52.35007,4730.7692307692305,1062
"Steenderenstraat 74, Amsterdam",1107 LD,320000.0,91,4,4.983191,52.294198,3516.4835164835163,1107
"Sijsjesstraat 12, Amsterdam",1021 CW,465000.0,66,3,4.917899,52.386198,7045.454545454545,1021
"Oudezijds Voorburgwal 93 B, Amsterdam",1012 EL,340000.0,35,2,4.898311,52.373509,9714.285714285714,1012
"Mijehof 285, Amsterdam",1106 HH,375000.0,111,5,4.970987,52.301346,3378.3783783783783,1106
"Blasiusstraat 63 2, Amsterdam",1091 CL,595000.0,93,3,4.910003,52.356903,6397.8494623655915,1091
"Dirk Vreekenstraat 72, Amsterdam",1019 GD,525000.0,92,3,4.936101,52.371484,5706.521739130435,1019
"Langswater 278, Amsterdam",1069 EC,245000.0,61,3,4.789682,52.355404,4016.3934426229507,1069
"Jisperveldstraat 371, Amsterdam",1024 AS,275000.0,85,4,4.95037,52.399252,3235.294117647059,1024
"Funenpark 316, Amsterdam",1018 AK,575000.0,72,2,4.931839,52.369014,7986.111111111111,1018
"Tielstraat 53, Amsterdam",1107 RA,250000.0,70,3,4.968806,52.291803,3571.4285714285716,1107
"Panamakade 66, Amsterdam",1019 AX,975000.0,165,5,4.946186,52.373257,5909.090909090909,1019
"Van Oldenbarneveldtstraat 22 II, Amsterdam",1052 KB,375000.0,52,2,4.875248,52.376809,7211.538461538462,1052
"Amstelvlietstraat 193, Amsterdam",1096 GG,1100000.0,159,5,4.919919,52.338283,6918.238993710692,1096
"Haparandaweg 750, Amsterdam",1013 BD,750000.0,102,3,4.877406,52.394832,7352.941176470588,1013
"Prins Hendrikkade 510 K, Amsterdam",1011 TE,439000.0,55,3,4.90487,52.374978,7981.818181818182,1011
"Afrikanerplein 118, Amsterdam",1091 PW,375000.0,57,2,4.91638,52.352165,6578.9473684210525,1091
"Anne Frankstraat 224, Amsterdam",1011 MP,445000.0,66,3,4.909207,52.369475,6742.424242424242,1011
"Alkmaarstraat 277, Amsterdam",1024 TR,325000.0,77,4,4.947655,52.395417,4220.779220779221,1024
"Geuzenkade 46 H, Amsterdam",1056 KM,415000.0,57,2,4.865612,52.373199,7280.701754385965,1056
"Borgerstraat 29 D, Amsterdam",1053 PA,300000.0,43,2,4.868786,52.365466,6976.7441860465115,1053
"Prinsenstraat 4, Amsterdam",1015 DC,915000.0,88,5,4.887412,52.377742,10397.727272727272,1015
"Schotse Hooglanden 4, Amsterdam",1060 NM,685000.0,183,6,4.7717,52.35337,3743.1693989071036,1060
"Van Spilbergenstraat 69 II, Amsterdam",1057 PZ,350000.0,50,3,4.85167,52.366405,7000.0,1057
"Cliostraat 23 HS, Amsterdam",1077 KB,1025000.0,135,4,4.875881,52.347368,7592.592592592592,1077
"Windroosplein 96, Amsterdam",1018 ZW,895000.0,177,4,4.924895,52.373122,5056.497175141243,1018
"Nachtwachtlaan 345, Amsterdam",1058 EM,350000.0,59,2,4.84399,52.362946,5932.203389830508,1058
"Antony Moddermanstraat 178, Amsterdam",1063 LW,265000.0,65,3,4.81787,52.383684,4076.923076923077,1063
"Wevelgemstraat 8, Amsterdam",1066 TM,500000.0,100,4,4.802122,52.346011,5000.0,1066
"Reigersbos 251, Amsterdam",1107 EX,295000.0,106,4,4.977496,52.295032,2783.0188679245284,1107
"Rubensstraat 26 2, Amsterdam",1077 MR,1175000.0,159,7,4.873365,52.349164,7389.937106918239,1077
"Herengracht 193 C, Amsterdam",1016 BE,995000.0,113,3,4.888199,52.374321,8805.309734513274,1016
"Jozef Israëlskade 30 B, Amsterdam",1072 RW,385000.0,54,2,4.889927,52.348587,7129.62962962963,1072
"Tollensstraat 321, Amsterdam",1053 RV,550000.0,89,4,4.870523,52.365141,6179.775280898876,1053
"Kinkerstraat 326 1, Amsterdam",1053 GD,325000.0,40,2,4.862992,52.365,8125.0,1053
"Hogevecht 47, Amsterdam",1102 HB,225000.0,62,2,4.957403,52.309773,3629.032258064516,1102
"Van Boshuizenstraat 135, Amsterdam",1083 AT,395000.0,66,3,4.885793,52.324797,5984.848484848485,1083
"J.G. Suurhoffstraat 123, Amsterdam",1067 VR,425000.0,102,4,4.789341,52.380775,4166.666666666667,1067
"Lijnbaansgracht 188 H, Amsterdam",1016 XA,525000.0,64,4,4.878779,52.368556,8203.125,1016
"Ank van der Moerstraat 29, Amsterdam",1065 LH,800000.0,132,6,4.824867,52.35227,6060.606060606061,1065
"Osdorpplein 57, Amsterdam",1068 EK,400000.0,88,4,4.80651,52.359451,4545.454545454545,1068
"Wieringerwaardstraat 221, Amsterdam",1024 HL,250000.0,50,2,4.959052,52.3958,5000.0,1024
"Van Boetzelaerstraat 40 H, Amsterdam",1051 CW,360000.0,41,2,4.873624,52.382635,8780.487804878048,1051
"Faas Wilkesstraat 275, Amsterdam",1095 MD,1050000.0,154,4,4.968819,52.373001,6818.181818181818,1095
"IJsselmeerstraat 52, Amsterdam",1024 ML,799000.0,230,8,4.961381,52.389087,3473.913043478261,1024
"Utrechtsedwarsstraat 4, Amsterdam",1017 WG,1700000.0,194,6,4.896542,52.360937,8762.886597938144,1017
"Neerkanne 7, Amsterdam",1082 BG,825000.0,178,7,4.870427,52.324201,4634.831460674157,1082
"Dirk Bonsstraat 18 I, Amsterdam",1063 TZ,290000.0,50,2,4.834901,52.378363,5800.0,1063
"Singel 32 G, Amsterdam",1015 AA,469000.0,50,3,4.893043,52.37844,9380.0,1015
"Amstel 186 HS, Amsterdam",1017 AG,625000.0,74,3,4.89965,52.366621,8445.945945945947,1017
"Nieuwe Prinsengracht 8 3, Amsterdam",1018 XH,1050000.0,149,8,4.904917,52.362949,7046.979865771812,1018
"Plejadenplein 1, Amsterdam",1033 VK,540000.0,79,4,4.88439,52.413734,6835.443037974684,1033
"Kikkenstein 3534, Amsterdam",1104 TT,285000.0,96,4,4.972596,52.317512,2968.75,1104
"Quashibastraat 42 C, Amsterdam",1087 VS,859000.0,168,3,5.016505,52.350556,5113.0952380952385,1087
"Het Breed 605, Amsterdam",1025 HW,275000.0,63,2,4.93924,52.396536,4365.079365079365,1025
"Tjeukemeerhof 14, Amsterdam",1060 PR,525000.0,153,6,4.778978,52.349265,3431.372549019608,1060
"Van Mourik Broekmanstraat 12 I, Amsterdam",1065 EX,375000.0,73,4,4.826759,52.356709,5136.986301369863,1065
"Vrijzicht 180, Amsterdam",1068 CK,399500.0,89,2,4.807068,52.362692,4488.76404494382,1068
"Oeverpad 482, Amsterdam",1068 PM,430000.0,103,4,4.807703,52.363646,4174.757281553398,1068
"Ouderkerkerdijk 34, Amsterdam",1096 CR,1300000.0,141,4,4.904363,52.333206,9219.85815602837,1096
"Leonard Bernsteinstraat 96 A, Amsterdam",1082 MR,1750000.0,130,3,4.872151,52.336348,13461.538461538461,1082
"Westerstraat 268, Amsterdam",1015 MT,950000.0,109,4,4.879612,52.377871,8715.59633027523,1015
"Nieuwezijds Voorburgwal 294 1, Amsterdam",1012 RT,1450000.0,150,3,4.88987,52.370706,9666.666666666666,1012
"Kleiburg 524, Amsterdam",1104 EA,285000.0,69,3,4.979002,52.318782,4130.434782608696,1104
"Willem Leevendstraat 1 1, Amsterdam",1055 KB,300000.0,54,2,4.846858,52.384197,5555.555555555556,1055
"Amstelveenseweg 970 C, Amsterdam",1081 JR,1500000.0,166,4,4.857216,52.325762,9036.144578313253,1081
"Henri Zagwijnstraat 14 3, Amsterdam",1077 XR,685000.0,107,4,4.868754,52.341846,6401.869158878505,1077
"Dam 5 V, Amsterdam",1012 JS,4495000.0,178,5,4.89429,52.373106,25252.808988764045,1012
"Zuideinde 356, Amsterdam",1035 PP,989000.0,171,5,4.893261,52.419532,5783.625730994152,1035
"'t Nopeind 2, Amsterdam",1027 AE,765000.0,100,4,4.964853,52.409986,7650.0,1027
"Hillenraadt 46, Amsterdam",1083 AJ,900000.0,159,9,4.886918,52.323885,5660.377358490566,1083
"Archimedesweg 56, Amsterdam",1098 JR,665000.0,118,4,4.938738,52.356081,5635.593220338983,1098
"Huidekoperstraat 24 F, Amsterdam",1017 ZM,2475000.0,183,4,4.897473,52.358943,13524.590163934427,1017
"Bos en Lommerweg 360, Amsterdam",1061 DJ,475000.0,98,4,4.83852,52.379072,4846.938775510204,1061
"Groetstraat 193, Amsterdam",1024 VE,300000.0,78,4,4.950977,52.393821,3846.153846153846,1024
"Catharina Boudewijnshof 51, Amsterdam",1064 PE,350000.0,103,4,4.809689,52.378,3398.0582524271845,1064
"Mauritsstraat 2, Amsterdam",1091 DA,450000.0,45,2,4.9064,52.358857,10000.0,1091
"Ringvaartdijk 80, Amsterdam",1066 DJ,600000.0,145,4,4.799931,52.334488,4137.931034482759,1066
"Joan Melchior Kemperstraat 46 IV, Amsterdam",1051 TS,350000.0,39,2,4.874462,52.38503,8974.358974358975,1051
"Nachtwachtlaan 164, Amsterdam",1058 EE,595000.0,100,3,4.84313,52.359998,5950.0,1058
"Borgerstraat 202 I, Amsterdam",1053 RD,335000.0,42,2,4.862224,52.364187,7976.190476190476,1053
"Gerrit van der Veenstraat 134, Amsterdam",1077 ES,1295000.0,154,4,4.867645,52.348806,8409.09090909091,1077
"Pieter de Hoochstraat 25 B, Amsterdam",1071 ED,825000.0,103,3,4.885645,52.35602,8009.708737864078,1071
"Keizersgracht 544, Amsterdam",1017 EL,5950000.0,394,10,4.887378,52.365078,15101.522842639593,1017
"Leerdamhof 177, Amsterdam",1108 BR,325000.0,85,4,4.976098,52.308383,3823.529411764706,1108
"Willem Heselaarsstraat 70, Amsterdam",1069 KA,450000.0,115,3,4.798695,52.352124,3913.0434782608695,1069
"Singel 463 F., Amsterdam",1012 WP,1450000.0,125,2,4.891701,52.367182,11600.0,1012
"Karel Klinkenbergstraat 1 A, Amsterdam",1061 AH,585000.0,99,3,4.835845,52.366451,5909.090909090909,1061
"Noordermarkt 32 A, Amsterdam",1015 MZ,1200000.0,105,4,4.886034,52.379546,11428.57142857143,1015
"Pieter Cornelisz. Hooftstraat 36 1 2 3, Amsterdam",1071 BZ,1550000.0,153,5,4.88242,52.360824,10130.718954248367,1071
"Westerdok 452, Amsterdam",1013 BH,1250000.0,147,4,4.891955,52.38514,8503.401360544218,1013
"Herengracht 12 C, Amsterdam",1015 BK,998000.0,121,2,4.891161,52.378843,8247.933884297521,1015
"Jan van Riebeekstraat 17 3, Amsterdam",1057 ZW,395000.0,54,3,4.857567,52.370557,7314.814814814815,1057
"Keizersgracht 515 R, Amsterdam",1017 DN,935000.0,85,3,4.8887,52.365003,11000.0,1017
"Nieuwe Keizersgracht 570 L, Amsterdam",1018 VG,1050000.0,63,3,4.90885,52.365524,16666.666666666668,1018
"Geldersekade 52 A, Amsterdam",1012 BJ,729000.0,110,5,4.90132,52.375059,6627.272727272727,1012
"Tenerifestraat 8, Amsterdam",1060 TH,699000.0,130,5,4.788762,52.344183,5376.923076923077,1060
"Parosstraat 6, Amsterdam",1060 LP,1500000.0,255,7,4.790343,52.345566,5882.35294117647,1060
"Diemerzeedijk 76 S, Amsterdam",1087 SM,400000.0,25,2,4.962333,52.362891,16000.0,1087
"Karel Doormanstraat 138, Amsterdam",1055 VJ,550000.0,102,4,4.858163,52.379474,5392.156862745098,1055
"Lijnbaansstraat 7, Amsterdam",1016 ST,950000.0,133,7,4.644819,52.37806,7142.857142857143,1016
"Frans van Mierisstraat 47 C, Amsterdam",1071 RK,975000.0,93,3,4.882903,52.354535,10483.870967741936,1071
"Nicolaas Anslijnstraat 116, Amsterdam",1068 WT,295000.0,79,3,4.807977,52.357443,3734.1772151898736,1068
"Jan van Duivenvoordestraat 10 II, Amsterdam",1067 XN,350000.0,71,4,4.803337,52.378625,4929.577464788732,1067
"Ouderkerkerdijk 42, Amsterdam",1096 CR,685000.0,110,4,4.901539,52.333097,6227.272727272727,1096
"Baarsjesweg 313 H, Amsterdam",1058 AH,1499000.0,245,8,4.854662,52.358204,6118.367346938776,1058
"Prinsengracht 416 A, Amsterdam",1016 JC,1275000.0,165,5,4.882122,52.366395,7727.272727272727,1016
"Lange Leidsedwarsstraat 103 1 A, Amsterdam",1017 NJ,375000.0,38,1,4.886109,52.363042,9868.421052631578,1017
"Herengracht 116 F+K, Amsterdam",1015 BT,1595000.0,199,6,4.888459,52.375994,8015.075376884422,1015
"Entrepotdok 85 A, Amsterdam",1018 AD,439000.0,48,2,4.917931,52.367418,9145.833333333334,1018
"Chasséstraat 21 III, Amsterdam",1057 HW,785000.0,95,5,4.861607,52.367915,8263.157894736842,1057
"Fazantenweg 15 1, Amsterdam",1021 HJ,395000.0,68,3,4.920126,52.388122,5808.823529411765,1021
"Droogbak 5 B, Amsterdam",1013 GE,595000.0,78,3,4.893924,52.379828,7628.205128205128,1013
"Nieuwe Uilenburgerstraat 9 F, Amsterdam",1011 LM,875000.0,117,3,4.906839,52.371272,7478.6324786324785,1011
"Beulingstraat 13 D, Amsterdam",1017 BA,295000.0,29,2,4.887596,52.367946,10172.413793103447,1017
"Kiefskamp 24, Amsterdam",1082 KA,520000.0,80,2,4.872336,52.33033,6500.0,1082
"Herculesstraat 60 B, Amsterdam",1076 SP,439000.0,57,3,4.862129,52.347398,7701.754385964912,1076
"Tweede Oosterparkstraat 188 2, Amsterdam",1092 BT,410000.0,66,4,4.920472,52.357987,6212.121212121212,1092
"Marnixstraat 237 E, Amsterdam",1015 WE,275000.0,23,1,4.877725,52.376041,11956.521739130434,1015
"Nieuwe Leliestraat 11, Amsterdam",1015 SH,2450000.0,259,8,4.883278,52.375756,9459.45945945946,1015
"Van Boetzelaerstraat 36 1, Amsterdam",1051 CW,350000.0,45,2,4.873726,52.382654,7777.777777777777,1051
"Weesperzijde 114 huis, Amsterdam",1091 EN,1795000.0,158,6,4.912109,52.350755,11360.759493670887,1091
"Brouwersgracht 187 G, Amsterdam",1015 GJ,835000.0,120,5,4.88447,52.382635,6958.333333333333,1015
"Wijdesteeg 62, Amsterdam",1012 RN,985000.0,111,5,4.890089,52.371683,8873.873873873874,1012
"Van der Hoopstraat 33 A2, Amsterdam",1051 VB,425000.0,56,2,4.943696,52.338795,7589.285714285715,1051
"Prins Hendrikkade 156 2, Amsterdam",1011 AW,635000.0,58,3,4.907085,52.372907,10948.275862068966,1011
"Willem Frederik Hermansstraat 169 PP, Amsterdam",1011 DG,999500.0,151,3,4.907627,52.376281,6619.205298013245,1011
"Stadhouderskade 16 H, Amsterdam",1054 ES,1050000.0,151,4,4.880571,52.362038,6953.64238410596,1054
"Langswater 198, Amsterdam",1069 TS,225000.0,60,3,4.790457,52.35459,3750.0,1069
"Cliostraat 35 1, Amsterdam",1077 KC,1099000.0,165,5,4.875455,52.347348,6660.606060606061,1077
"Pieter de Hoochstraat 25 B +PP, Amsterdam",1071 ED,895000.0,103,3,4.885645,52.35602,8689.320388349515,1071
"Uilengouw 2, Amsterdam",1027 EZ,899000.0,258,1,4.967897,52.410672,3484.4961240310076,1027
"Argonautenstraat 98, Amsterdam",1076 KV,799000.0,146,5,4.858845,52.343402,5472.602739726028,1076
"Kortrijk 50, Amsterdam",1066 TC,719000.0,129,4,4.802093,52.343737,5573.643410852713,1066
"Haarlemmerstraat 98 B, Amsterdam",1013 EW,750000.0,119,6,4.890977,52.380642,6302.5210084033615,1013
"Laan van Vlaanderen 141 A2*, Amsterdam",1066 MP,285000.0,37,2,4.807805,52.344914,7702.7027027027025,1066
"Laan van Vlaanderen 141 A2, Amsterdam",1066 MP,285000.0,37,2,4.807805,52.344914,7702.7027027027025,1066
"Keizersgracht 131 E, Amsterdam",1015 CJ,900000.0,111,2,4.887092,52.376105,8108.108108108108,1015
"Fritz Dietrich Kahlenbergstraat 83, Amsterdam",1087 LL,475000.0,93,3,5.009767,52.349453,5107.5268817204305,1087
"Gerda Brautigamstraat 37, Amsterdam",1067 VM,545000.0,110,4,4.789083,52.379219,4954.545454545455,1067
"Van Oldenbarneveldtstraat 96 A3, Amsterdam",1052 KH,685000.0,94,3,4.873591,52.374016,7287.234042553191,1052
"Valeriusstraat 137 H, Amsterdam",1075 ET,2200000.0,198,7,4.865847,52.353256,11111.111111111111,1075
"Bakkersstraat 11, Amsterdam",1017 CW,650000.0,81,3,4.897432,52.366729,8024.691358024691,1017
"Klaprozenweg 73 A, Amsterdam",1032 KK,1100011.0,207,5,4.90048,52.400948,5314.062801932367,1032
"Zocherstraat 23 X, Amsterdam",1054 LR,1200000.0,81,3,4.858004,52.3574,14814.814814814816,1054
"Dorpsstraat Holysloot 62, Amsterdam",1028 BE,1495000.0,214,5,5.029122,52.41355,6985.981308411215,1028
"Willem de Zwijgerlaan 334 c29, Amsterdam",1055 RD,295000.0,47,2,4.860857,52.380834,6276.595744680851,1055
"Kalverstraat 218 G+2PP, Amsterdam",1012 XJ,1000000.0,117,4,4.892522,52.367449,8547.008547008547,1012
"Singel 115 B, Amsterdam",1012 VH,1150000.0,162,5,4.890591,52.375342,7098.765432098766,1012
"Plantage Muidergracht 105 A, Amsterdam",1018 TP,2250000.0,250,8,4.915246,52.364132,9000.0,1018
"Ruysdaelkade 107, Amsterdam",1072 AN,1350000.0,173,5,4.887183,52.355065,7803.468208092486,1072
"Ruysdaelkade 109, Amsterdam",1072 AN,1650000.0,232,9,4.887183,52.35502,7112.068965517241,1072
"Olympiakade 12, Amsterdam",1076 XP,2750000.0,309,8,4.862413,52.349528,8899.676375404531,1076
"Cornelis Zillesenlaan 94, Amsterdam",1086 ZK,1050000.0,216,7,4.979483,52.361333,4861.111111111111,1086
"Binnenkant 2, Amsterdam",1011 BG,469000.0,90,3,4.903526,52.374705,5211.111111111111,1011
"Zuideinde 417, Amsterdam",1035 PG,669000.0,107,5,4.89278,52.420465,6252.336448598131,1035
"Leerdamhof 294, Amsterdam",1108 CA,300000.0,71,2,4.976454,52.306326,4225.352112676056,1108
"Hertspieghelweg 26 huis, Amsterdam",1055 KM,425000.0,49,2,4.852468,52.380663,8673.469387755102,1055
"Cas Oorthuyskade 47, Amsterdam",1087 DP,749000.0,150,5,4.90981909560303,52.3686532505277,4993.333333333333,1087
"Eurokade 36, Amsterdam",1060 RZ,700000.0,186,8,4.786024,52.348087,3763.440860215054,1060
"Prins Hendrikkade 512, Amsterdam",1011 TE,389000.0,30,2,4.906059,52.374085,12966.666666666666,1011
"Osdorperweg 94, Amsterdam",1066 EM,900000.0,187,6,4.797164,52.343623,4812.834224598931,1066
"Borneokade 70, Amsterdam",1019 AW,1750000.0,246,8,4.90981909560303,52.3686532505277,7113.821138211382,1019
"Barbusselaan 77, Amsterdam",1102 TS,275000.0,85,4,4.943931,52.321174,3235.294117647059,1102
"Sophialaan 45, Amsterdam",1075 BM,3500000.0,374,7,4.857608,52.352366,9358.288770053476,1075
"Duke Ellingtonstraat 46, Amsterdam",1066 GE,400000.0,79,3,4.826718,52.343893,5063.291139240507,1066
"Insulindeweg 116, Amsterdam",1094 PT,850000.0,110,2,4.936223,52.360906,7727.272727272727,1094
"Raphaëlstraat 5, Amsterdam",1077 PN,1700000.0,203,5,4.869966,52.349904,8374.384236453201,1077
"Amstel 102, Amsterdam",1017 AD,2325000.0,150,6,4.896842,52.366965,15500.0,1017
"Singel 436 G, Amsterdam",1017 AV,1495000.0,175,6,4.888094,52.368029,8542.857142857143,1017
"Levantkade 170, Amsterdam",1019 BG,549000.0,91,5,4.943456,52.376191,6032.9670329670325,1019
"Vossiusstraat 6 C, Amsterdam",1071 AB,1375000.0,115,3,4.881814,52.361226,11956.521739130434,1071
"Bloemgracht 81 6, Amsterdam",1016 KH,1250000.0,165,7,4.879978,52.374421,7575.757575757576,1016
"Brouwersgracht 182 I, Amsterdam",1013 HC,500000.0,72,2,4.887619,52.381092,6944.444444444444,1013
"Marskramerstraat 124, Amsterdam",1033 WG,575000.0,183,5,4.881542,52.41986,3142.0765027322404,1033
"Huidekoperstraat 24 F, Amsterdam",1017 ZM,2475000.0,183,3,4.897473,52.358943,13524.590163934427,1017
"Prins Hendrikkade 132 A, Amsterdam",1011 AR,1425000.0,257,4,4.905372,52.373727,5544.747081712062,1011
"Pieter Cornelisz. Hooftstraat 169 B, Amsterdam",1071 BW,1695000.0,117,3,4.876144,52.358928,14487.179487179486,1071
"Ladogameerhof 3, Amsterdam",1060 PJ,515000.0,130,4,4.7836987,52.3496214,3961.5384615384614,1060
"George Gershwinlaan 177, Amsterdam",1082 MT,1095000.0,134,3,4.872859,52.335851,8171.641791044776,1082
"Vossiusstraat 71, Amsterdam",1071 AK,2500000.0,202,6,4.876117,52.359763,12376.237623762376,1071
"Dijkwater 189, Amsterdam",1025 CW,519900.0,120,5,4.937065,52.400905,4332.5,1025
"Amstel 75 F, Amsterdam",1018 EK,700000.0,88,5,4.902826,52.363883,7954.545454545455,1018
"Tweede Jan van der Heijdenstraat 13, Amsterdam",1073 VE,2650000.0,387,10,4.89935,52.355179,6847.545219638243,1073
"Churchill-laan 216 3, Amsterdam",1078 EW,1149000.0,141,6,4.891921,52.347409,8148.936170212766,1078
"Hogevecht 186 B, Amsterdam",1102 HJ,280000.0,93,4,4.95868,52.309724,3010.7526881720432,1102
"Valkenburgerstraat 138 A, Amsterdam",1011 NA,600000.0,129,4,4.905853,52.369804,4651.162790697675,1011
"Pontsteiger 137, Amsterdam",1014 ZP,950000.0,94,1,4.886388,52.393577,10106.382978723404,1014
"Nieuwe Nieuwstraat 28, Amsterdam",1012 NH,849000.0,120,3,4.893709,52.375387,7075.0,1012
"Badhuiskade 353, Amsterdam",1031 KV,3680000.0,374,4,4.905695,52.385321,9839.57219251337,1031
"Witte de Withstraat 20 AH, Amsterdam",1057 XW,850000.0,149,7,4.859626,52.365326,5704.697986577181,1057
"Mauvestraat 56 II+III, Amsterdam",1073 RN,750750.0,114,4,4.902864,52.349279,6585.526315789473,1073
"Oudezijds Voorburgwal 126 A+B, Amsterdam",1012 GH,1400000.0,213,7,4.897256,52.373343,6572.769953051643,1012
"Singel 318, Amsterdam",1016 AE,4900000.0,623,13,4.887869,52.371039,7865.168539325843,1016
"Termietergouw 6 A, Amsterdam",1027 AD,899000.0,128,5,4.960756,52.409584,7023.4375,1027
"Termietergouw 6, Amsterdam",1027 AD,895000.0,95,3,4.960756,52.409584,9421.052631578947,1027
"Broekergouw 4, Amsterdam",1027 AH,1695000.0,467,14,4.97083,52.412038,3629.5503211991436,1027
"Cliostraat 12 III, Amsterdam",1077 KG,1085000.0,131,5,4.876231,52.347558,8282.442748091604,1077
"Ward Bingleystraat 1, Amsterdam",1065 TJ,300000.0,30,3,4.832087,52.354406,10000.0,1065
"Rapenburgerplein 8 A, Amsterdam",1011 VB,649000.0,82,3,4.910725,52.370289,7914.634146341464,1011
"Rapenburgerplein 8 B, Amsterdam",1011 VB,785000.0,105,5,4.910725,52.370289,7476.190476190476,1011
"Willem Mollhof 3, Amsterdam",1065 AH,565000.0,94,3,4.825673,52.361323,6010.63829787234,1065
"De Bleeckster 1, Amsterdam",1035 RW,1395000.0,133,3,4.898884,52.418864,10488.721804511279,1035
"Prinsengracht 460 A, Amsterdam",1017 KE,795000.0,102,3,4.884579,52.364626,7794.117647058823,1017
"Eerste Looiersdwarsstraat 24 E, Amsterdam",1016 VM,1200000.0,121,4,4.881097,52.368746,9917.355371900827,1016
"Herengracht 553 I, Amsterdam",1017 BW,995000.0,146,3,4.895233,52.365084,6815.068493150685,1017
"Prinsengracht 1031 C, Amsterdam",1017 KP,775000.0,127,3,4.895121,52.361947,6102.36220472441,1017
"Prinsengracht 1035 D, Amsterdam",1017 KP,825000.0,148,3,4.895224,52.361929,5574.324324324324,1017
"Uilengouw 2, Amsterdam",1027 EZ,1249000.0,258,5,4.967897,52.410672,4841.085271317829,1027
"Pieter van der Werfstraat 44, Amsterdam",1067 EP,380000.0,100,4,4.80256,52.380679,3800.0,1067
"Claus van Amsbergstraat 45, Amsterdam",1102 AZ,450000.0,120,5,4.956167,52.317822,3750.0,1102
"Sumatrakade 1523, Amsterdam",1019 RS,399000.0,66,2,4.923315,52.379524,6045.454545454545,1019
"Marnixstraat 255 H, Amsterdam",1015 WH,650000.0,102,3,4.877436,52.375551,6372.549019607844,1015
"Oostakkerstraat 95, Amsterdam",1066 HR,485000.0,109,1,4.817309,52.345051,4449.54128440367,1066
"Eerste Helmersstraat 183 III, Amsterdam",1054 DT,1599000.0,139,5,4.868596,52.361672,11503.597122302159,1054
"Noorderakerweg 124, Amsterdam",1069 LW,950000.0,226,7,4.776234,52.349215,4203.539823008849,1069
"Ringvaartdijk 28, Amsterdam",1066 DE,629000.0,127,4,4.794478,52.338652,4952.755905511811,1066
"Schellingwouderdijk 352 e, Amsterdam",1023 NM,359000.0,69,4,4.965813,52.381514,5202.898550724638,1023
"Zeeburgerdijk 585, Amsterdam",1095 AE,419000.0,75,4,4.952089,52.36658,5586.666666666667,1095
"Bernard Shawsingel 250, Amsterdam",1102 VE,250000.0,60,3,4.945909,52.320409,4166.666666666667,1102
"Reigersbos 79, Amsterdam",1106 AP,320000.0,104,5,4.976237,52.296421,3076.923076923077,1106
"Singel 146 A, Amsterdam",1015 AG,3500000.0,348,8,4.889816,52.375532,10057.471264367816,1015
"Clara Zetkinstraat 58, Amsterdam",1103 DH,415000.0,115,4,4.961952,52.321743,3608.695652173913,1103
"Sarphatistraat 478, Amsterdam",1018 GW,750000.0,124,5,4.918831,52.363292,6048.387096774193,1018
"Rupelmonde 10, Amsterdam",1081 GP,420000.0,73,3,4.859128,52.327841,5753.424657534247,1081
"Westerdoksdijk 375, Amsterdam",1013 AD,525000.0,63,3,4.892914,52.384794,8333.333333333334,1013
"Cor van Weelehof 3, Amsterdam",1087 GL,550000.0,107,4,4.997979,52.354825,5140.186915887851,1087
"Linnaeusstraat 243 1., Amsterdam",1093 ER,450000.0,60,4,4.928173,52.355788,7500.0,1093
"Herculesstraat 124 I, Amsterdam",1076 ST,425000.0,54,3,4.861234,52.346145,7870.37037037037,1076
"Akoleienstraat 8 4, Amsterdam",1016 LN,699000.0,108,6,4.878139,52.373119,6472.222222222223,1016
"Amsteldijk 64, Amsterdam",1074 HZ,675000.0,95,3,4.906809,52.353645,7105.263157894737,1074
"Hoofdweg 34 H, Amsterdam",1058 BD,1150000.0,150,5,4.853623,52.360284,7666.666666666667,1058
"Wiborgeiland 146 PP, Amsterdam",1014 ZC,1250000.0,131,4,4.878356,52.394101,9541.984732824427,1014
"Wiborgeiland 147 PP, Amsterdam",1014 ZC,1450000.0,158,4,4.878463,52.394178,9177.215189873417,1014
"Nieuwevaart 10 4V, Amsterdam",1018 AA,240000.0,26,1,4.913448,52.370666,9230.76923076923,1018
"Klaas Katerstraat 118, Amsterdam",1069 RT,345000.0,80,3,4.795934,52.350007,4312.5,1069
"Rozenstraat 80 E, Amsterdam",1016 NX,425000.0,56,3,4.880816,52.37278,7589.285714285715,1016
"Charlotte Brontéstraat 152, Amsterdam",1102 XH,250000.0,60,2,4.947171,52.325081,4166.666666666667,1102
"Vrolikstraat 292 1, Amsterdam",1092 VA,485000.0,59,3,4.925675,52.358255,8220.338983050848,1092
"Overtoom 184 III, Amsterdam",1054 HR,1200000.0,166,5,4.872275,52.362146,7228.915662650603,1054
"Johan Huizingalaan 310 I, Amsterdam",1065 JN,325000.0,71,4,4.827036,52.353376,4577.4647887323945,1065
"Blauwvoetstraat 59, Amsterdam",1061 BM,275000.0,39,2,4.839165,52.37701,7051.282051282052,1061
"Dikninge 105, Amsterdam",1083 VA,365000.0,78,3,4.886519,52.331919,4679.48717948718,1083
"Wethouder In 't Veldstraat 77, Amsterdam",1107 AX,300000.0,84,4,4.991578,52.293948,3571.4285714285716,1107
"Amaliastraat 16 H, Amsterdam",1052 GP,485000.0,67,3,4.874335,52.379574,7238.805970149254,1052
"Marnixkade 26 III, Amsterdam",1015 XP,725000.0,87,4,4.881073,52.382434,8333.333333333334,1015
"Pieter Calandlaan 724, Amsterdam",1060 TX,325000.0,87,3,4.788052,52.349876,3735.632183908046,1060
"Barbusselaan 261, Amsterdam",1102 TV,225000.0,61,3,4.945309,52.319741,3688.5245901639346,1102
"Revaleiland 383, Amsterdam",1014 ZG,690000.0,100,3,4.881116,52.393955,6900.0,1014
"Marnixkade 89 1A, Amsterdam",1015 ZH,250000.0,28,1,4.877315,52.376658,8928.57142857143,1015
"Kanaalstraat 11 3/4, Amsterdam",1054 WX,825000.0,114,3,4.866454,52.362822,7236.8421052631575,1054
"Groenhoven 358, Amsterdam",1103 LK,239000.0,53,3,4.977675,52.324231,4509.433962264151,1103
"Bilderdijkstraat 180 II, Amsterdam",1053 LD,400000.0,49,2,4.872222,52.366766,8163.265306122449,1053
"Warmondstraat 176 2, Amsterdam",1058 LB,430000.0,58,3,4.849307,52.35303,7413.793103448276,1058
"Linnaeusparkweg 224 HS, Amsterdam",1098 ER,485000.0,65,3,4.940682,52.349698,7461.538461538462,1098
"Hoofdweg 241 III, Amsterdam",1057 CW,300000.0,44,2,4.85225,52.367037,6818.181818181818,1057
"Roelof Hartstraat 13 II, Amsterdam",1071 VE,550000.0,61,3,4.884848,52.352502,9016.393442622952,1071
"Marcantilaan 123, Amsterdam",1051 LW,325000.0,41,2,4.867459,52.375562,7926.829268292683,1051
"Bilderdijkstraat 201 2, Amsterdam",1053 KS,250000.0,29,2,4.872989,52.366428,8620.689655172413,1053
"Orteliusstraat 279 3, Amsterdam",1056 NV,675000.0,109,3,4.8479,52.372221,6192.660550458716,1056
"Baden Powellweg 107, Amsterdam",1069 LD,295000.0,91,4,4.795401,52.348468,3241.7582417582416,1069
"Waterlandplein 290 E, Amsterdam",1024 NB,350000.0,92,3,4.954434,52.393227,3804.3478260869565,1024
"Wethouder Ramstraat 11, Amsterdam",1107 CM,375000.0,98,5,4.990488,52.292974,3826.530612244898,1107
"Willem de Zwijgerlaan 309 I, Amsterdam",1055 PZ,360000.0,53,2,4.860817,52.380045,6792.452830188679,1055
"Cosmariumstraat 9, Amsterdam",1035 VS,325000.0,85,4,4.901357,52.419916,3823.529411764706,1035
"Antony Moddermanstraat 222 HS, Amsterdam",1063 NA,250000.0,61,2,4.812509,52.383676,4098.360655737705,1063
"Insulindeweg 920, Amsterdam",1095 DX,550000.0,102,3,4.945592,52.362164,5392.156862745098,1095
"Loggerhof 149, Amsterdam",1034 CG,325000.0,76,3,4.910084,52.406722,4276.315789473684,1034
"Bataviastraat 67 C, Amsterdam",1095 EP,235000.0,26,2,4.944758,52.36173,9038.461538461539,1095
"Kuipersstraat 43 2, Amsterdam",1074 EE,450000.0,56,2,4.904866,52.354123,8035.714285714285,1074
"Poederooienstraat 97, Amsterdam",1106 CG,245000.0,71,3,4.98042,52.299114,3450.7042253521126,1106
"Stadionweg 61 2, Amsterdam",1077 SC,1400000.0,153,4,4.875155,52.346664,9150.32679738562,1077
"Spadinalaan 53, Amsterdam",1031 KB,650000.0,90,3,4.900901,52.386904,7222.222222222223,1031
"Westlandgracht 139 H, Amsterdam",1059 TG,465000.0,67,3,4.846172,52.351371,6940.298507462687,1059
"Cliostraat 61 I, Amsterdam",1077 KE,735000.0,104,3,4.87459,52.347318,7067.307692307692,1077
"Stadhouderskade 153 A, Amsterdam",1074 BC,675000.0,93,4,4.902853,52.358348,7258.064516129032,1074
"Erasmusgracht 552 PP, Amsterdam",1061 BL,425000.0,78,2,4.837463,52.376658,5448.717948717948,1061
"Silodam 446, Amsterdam",1013 AW,635000.0,90,3,4.891367,52.389872,7055.555555555556,1013
"Bilderdijkstraat 177 2A, Amsterdam",1053 KR,300000.0,35,1,4.872597,52.366735,8571.42857142857,1053
"Arènpalmstraat 24, Amsterdam",1104 DB,375000.0,99,4,4.981355,52.320364,3787.878787878788,1104
"Van Ostadestraat 27 1, Amsterdam",1072 SM,300000.0,35,2,4.888159,52.351789,8571.42857142857,1072
"Vincent van Goghstraat 19, Amsterdam",1072 KJ,910000.0,136,5,4.888188,52.3492,6691.176470588235,1072
"Geervliet 20 A, Amsterdam",1082 NT,385000.0,65,3,4.87989,52.331729,5923.076923076923,1082
"Jacob van Lennepstraat 17 I, Amsterdam",1053 HA,775000.0,93,3,4.875949,52.366908,8333.333333333334,1053
"Oogststraat 81, Amsterdam",1097 ZS,349500.0,51,3,4.941752,52.339554,6852.941176470588,1097
"Egidiusstraat 17 1, Amsterdam",1055 GL,375000.0,65,3,4.852493,52.377329,5769.2307692307695,1055
"Bentinckstraat 95 3, Amsterdam",1051 GJ,325000.0,41,2,4.871342,52.383093,7926.829268292683,1051
"Dickenslaan 146, Amsterdam",1102 ZW,295000.0,89,4,4.945355,52.323983,3314.6067415730336,1102
"Gibraltarstraat 105 hs, Amsterdam",1055 NM,345000.0,50,2,4.849011,52.384683,6900.0,1055
"Ruimzicht 296, Amsterdam",1068 CZ,325000.0,88,3,4.809676,52.361641,3693.181818181818,1068
"Stoutenburggracht 11, Amsterdam",1107 KW,245000.0,73,3,4.98366,52.294299,3356.1643835616437,1107
"Eerste Jan Steenstraat 112 2, Amsterdam",1072 NR,650000.0,70,3,4.892242,52.354197,9285.714285714286,1072
"Mercatorstraat 15 III, Amsterdam",1056 PW,450000.0,56,4,4.850735,52.370868,8035.714285714285,1056
"Komijnstraat 24, Amsterdam",1104 HP,525000.0,176,5,4.986145,52.316165,2982.9545454545455,1104
"Nicolaas Anslijnstraat 108, Amsterdam",1068 WT,315000.0,81,3,4.80824,52.357393,3888.8888888888887,1068
"Aurikelstraat 5, Amsterdam",1032 AP,500000.0,83,4,4.917034,52.395677,6024.096385542169,1032
"Barentszstraat 205, Amsterdam",1013 NM,285000.0,36,2,4.887419,52.388788,7916.666666666667,1013
"Warmoesstraat 139 A, Amsterdam",1012 JB,600000.0,116,4,4.895989,52.373751,5172.413793103448,1012
"Egelantiersstraat 142 B, Amsterdam",1015 PS,425000.0,67,3,4.881551,52.376576,6343.2835820895525,1015
"Gouden Leeuw 326, Amsterdam",1103 KG,225000.0,53,3,4.974337,52.324304,4245.2830188679245,1103
"Antillenstraat 28 2, Amsterdam",1058 HB,440000.0,59,3,4.85128,52.359788,7457.627118644068,1058
"Borneolaan 342, Amsterdam",1019 KL,450000.0,85,3,4.937516,52.370995,5294.117647058823,1019
"Martin Vlaarkade 97, Amsterdam",1013 CS,425000.0,75,3,4.8814,52.388529,5666.666666666667,1013
"Boeninlaan 81, Amsterdam",1102 TH,230000.0,60,2,4.942778,52.320576,3833.3333333333335,1102
"Czaar Peterstraat 45 B, Amsterdam",1018 PA,395000.0,69,3,4.927419,52.369015,5724.63768115942,1018
"Venetiëhof 101, Amsterdam",1019 NC,550000.0,93,3,4.948159,52.377174,5913.978494623656,1019
"Sean MacBridestraat 16, Amsterdam",1102 JW,350000.0,93,3,4.960086,52.318673,3763.440860215054,1102
"Het Hoogt 166, Amsterdam",1025 HD,335000.0,92,4,4.936689,52.394567,3641.304347826087,1025
"Spinaker 219, Amsterdam",1034 MK,300000.0,92,4,4.922975,52.410584,3260.8695652173915,1034
"Papendrechtstraat 84, Amsterdam",1106 BR,270000.0,84,3,4.976048,52.29785,3214.285714285714,1106
"C. Kruyswijkstraat 17, Amsterdam",1022 KJ,675000.0,136,5,4.933513,52.407695,4963.235294117647,1022
"Van Rappardstraat 41 H, Amsterdam",1051 HX,450000.0,73,3,4.869487,52.378402,6164.3835616438355,1051
"Kuipersstraat 77 H, Amsterdam",1074 EH,450000.0,53,2,4.90355,52.353704,8490.566037735849,1074
"Magnoliastraat 10, Amsterdam",1031 VD,549000.0,101,4,4.907913,52.388684,5435.6435643564355,1031
"Dalsteindreef 270, Amsterdam",1102 WZ,265000.0,58,3,4.946436,52.326171,4568.9655172413795,1102
"Elandsgracht 84 2, Amsterdam",1016 TZ,395000.0,42,2,4.880279,52.369659,9404.761904761905,1016
"Binnenzagerij 25, Amsterdam",1021 PJ,275000.0,42,2,4.916345,52.383109,6547.619047619048,1021
"Jan van Riebeekstraat 3 1, Amsterdam",1057 ZW,400000.0,61,2,4.858697,52.370661,6557.377049180328,1057
"Fahrenheitsingel 101, Amsterdam",1097 NX,450000.0,55,2,4.925792,52.344742,8181.818181818182,1097
"Nieuwezijds Voorburgwal 266 2V, Amsterdam",1012 RS,395000.0,63,2,4.890125,52.371498,6269.841269841269,1012
"Van Noordtkade 140, Amsterdam",1013 CA,335000.0,61,2,4.881952,52.389025,5491.803278688524,1013
"Von Zesenstraat 225, Amsterdam",1093 DD,425000.0,82,3,4.925735,52.364335,5182.926829268293,1093
"Van Bossestraat 32 I, Amsterdam",1051 JZ,325000.0,35,2,4.868498,52.381319,9285.714285714286,1051
"Admiraal De Ruijterweg 375 I, Amsterdam",1055 MB,590000.0,76,4,4.851989,52.381995,7763.1578947368425,1055
"Spaarndammerstraat 62 1, Amsterdam",1013 SZ,345000.0,48,2,4.880745,52.388005,7187.5,1013
"Kleine Beerstraat 6, Amsterdam",1033 CR,398011.0,61,3,4.892619,52.413849,6524.770491803279,1033
"Entrepotdok 161, Amsterdam",1018 AD,900000.0,128,4,4.921707,52.366234,7031.25,1018
"Johan Herman Doornstraat 26, Amsterdam",1063 ED,400000.0,78,3,4.832758,52.384105,5128.205128205128,1063
"Cliostraat 21 II, Amsterdam",1077 KB,825000.0,100,3,4.875925,52.347368,8250.0,1077
"Nida Senffstraat 133 PP, Amsterdam",1095 MX,415000.0,69,3,4.964407,52.373057,6014.492753623188,1095
"Kuipersstraat 43 HS, Amsterdam",1074 EE,685000.0,91,4,4.904866,52.354123,7527.472527472528,1074
"Baffinstraat 13 H, Amsterdam",1057 SV,610000.0,77,4,4.854361,52.368574,7922.077922077922,1057
"Werengouw 409, Amsterdam",1024 NZ,295000.0,59,3,4.946534,52.394352,5000.0,1024
"Eerste Van Swindenstraat 203, Amsterdam",1093 GB,339000.0,47,2,4.926678,52.36264,7212.765957446809,1093
"Oeverpad 221, Amsterdam",1068 PJ,310000.0,78,3,4.806801,52.364911,3974.358974358974,1068
"Pieter van der Meulenhof 14, Amsterdam",1106 WV,395000.0,115,6,4.995049,52.2976,3434.782608695652,1106
"Madurastraat 64 1, Amsterdam",1094 GR,335000.0,49,2,4.934237,52.364224,6836.734693877551,1094
"Burgemeester Cramergracht 67, Amsterdam",1064 AG,275000.0,64,2,4.832681,52.372996,4296.875,1064
"Van Gentstraat 6 1, Amsterdam",1055 PE,425000.0,69,4,4.851176,52.383021,6159.420289855072,1055
"Groenhoven 864, Amsterdam",1103 NB,225000.0,54,2,4.975727,52.326205,4166.666666666667,1103
"Joop Gerritzestraat 14, Amsterdam",1063 EK,500000.0,113,6,4.830151,52.383526,4424.778761061947,1063
"Kleefkruidstraat 30, Amsterdam",1104 HX,600000.0,159,6,4.982447,52.315883,3773.5849056603774,1104
"Marcantilaan 225, Amsterdam",1051 NB,300000.0,41,2,4.867456,52.375584,7317.073170731707,1051
"Robert Fruinlaan 24 III, Amsterdam",1065 XX,350000.0,68,3,4.829034,52.36373,5147.058823529412,1065
"Pesetalaan 59, Amsterdam",1060 SC,475000.0,106,5,4.784425,52.345886,4481.132075471698,1060
"Buiksloterbreek 35, Amsterdam",1034 XC,510000.0,91,3,4.909786,52.401616,5604.395604395604,1034
"Bernard Shawsingel 336, Amsterdam",1102 VG,225000.0,60,2,4.946485,52.319485,3750.0,1102
"Nieuwe Keizersgracht 452, Amsterdam",1018 VG,545000.0,61,2,4.907725,52.365333,8934.426229508197,1018
"Prinsengracht 1029 C, Amsterdam",1017 KP,550000.0,66,2,4.895062,52.361956,8333.333333333334,1017
"Boris Pasternakstraat 427, Amsterdam",1102 TD,225000.0,43,2,4.943668,52.317544,5232.558139534884,1102
"Wamelplein 158, Amsterdam",1106 DS,320000.0,83,3,4.988144,52.299293,3855.421686746988,1106
"Merlijnstraat 16 I, Amsterdam",1055 DE,360000.0,49,3,4.854243,52.379548,7346.938775510204,1055
"Buitendraaierij 36, Amsterdam",1021 NN,475000.0,113,4,4.916194,52.382138,4203.539823008849,1021
"Erasmusgracht 5 2, Amsterdam",1056 BB,425000.0,62,3,4.848229,52.375341,6854.8387096774195,1056
"Sandenburch 46, Amsterdam",1082 GN,395000.0,81,3,4.878726,52.325783,4876.543209876543,1082
"Alfred Döblinstraat 109, Amsterdam",1102 VJ,265000.0,71,3,4.943523,52.319589,3732.394366197183,1102
"Barbusselaan 127, Amsterdam",1102 TT,230000.0,53,2,4.944301,52.320816,4339.622641509434,1102
"Kamperfoelieweg 6, Amsterdam",1032 HN,750000.0,116,4,4.913949,52.392914,6465.517241379311,1032
"Reyer Anslostraat 17 H, Amsterdam",1054 KT,1000000.0,122,5,4.860517,52.358293,8196.72131147541,1054
"Sarphatipark 136 H, Amsterdam",1073 EE,825000.0,112,5,4.898909,52.353937,7366.071428571428,1073
"Cornelis Dopperkade 6 6A, Amsterdam",1077 KL,425000.0,67,2,4.877222,52.344263,6343.2835820895525,1077
"Formosastraat 61, Amsterdam",1094 SW,369000.0,56,2,4.934903,52.360041,6589.285714285715,1094
"Schalk Burgerstraat 10, Amsterdam",1091 LJ,300000.0,46,3,4.920288,52.353214,6521.739130434783,1091
"Korenbloemstraat 45, Amsterdam",1032 GT,389000.0,61,1,4.913147,52.399212,6377.049180327869,1032
"Robert Fruinlaan 17 1, Amsterdam",1065 XW,300000.0,59,3,4.830106,52.363717,5084.745762711865,1065
"Churchill-laan 256 III, Amsterdam",1078 EZ,800000.0,123,6,4.889777,52.347517,6504.065040650406,1078
"Kea Boumanstraat 30 B, Amsterdam",1095 MA,600000.0,120,4,4.966154,52.375408,5000.0,1095
"Groetstraat 210, Amsterdam",1024 VG,300000.0,65,3,4.951253,52.394145,4615.384615384615,1024
"Amazonenstraat 20 1, Amsterdam",1076 LJ,415000.0,54,2,4.862373,52.345315,7685.185185185185,1076
"Groetstraat 207, Amsterdam",1024 VG,325000.0,77,4,4.95118,52.394073,4220.779220779221,1024
"Nieuwendammerdijk 142, Amsterdam",1025 LS,775000.0,117,4,4.93174,52.391546,6623.931623931624,1025
"Willy Mullenskade 15, Amsterdam",1087 KH,750000.0,158,6,5.000973,52.353136,4746.835443037975,1087
"Retiefstraat 61 3, Amsterdam",1092 VZ,650000.0,102,4,4.922217,52.355442,6372.549019607844,1092
"Eef Kamerbeekstraat 584 PP, Amsterdam",1095 MP,600000.0,108,4,4.967326,52.371556,5555.555555555556,1095
"Zaagmolenstraat 9 3, Amsterdam",1052 HB,325000.0,46,2,4.873501,52.377961,7065.217391304348,1052
"Billitonstraat 4 3, Amsterdam",1094 BC,385000.0,49,3,4.938408,52.365552,7857.142857142857,1094
"Keizersgracht 444 C, Amsterdam",1016 GD,875000.0,96,5,4.884002,52.367652,9114.583333333334,1016
"Lindengracht 215 A, Amsterdam",1015 KG,500000.0,52,2,4.881809,52.379633,9615.384615384615,1015
"Schouwstraat 11, Amsterdam",1023 CS,900000.0,120,5,4.948739,52.386865,7500.0,1023
"Jesse Owenshof 27 PP, Amsterdam",1034 WT,350000.0,83,3,4.920989,52.403808,4216.8674698795185,1034
"Leerdamhof 478, Amsterdam",1108 CN,350000.0,118,5,4.978704,52.305543,2966.101694915254,1108
"Katwijkstraat 1 a, Amsterdam",1059 XL,450000.0,62,2,4.847484,52.350909,7258.064516129032,1059
"Ruimzicht 40, Amsterdam",1068 CM,325000.0,88,4,4.806863,52.362205,3693.181818181818,1068
"Burgemeester De Vlugtlaan 219, Amsterdam",1063 BL,200000.0,27,2,4.818173,52.38178,7407.407407407408,1063
"Bestevâerstraat 5 2, Amsterdam",1056 HD,575000.0,80,3,4.860112,52.372671,7187.5,1056
"Pieter Calandlaan 379, Amsterdam",1068 NJ,325000.0,81,3,4.81015,52.353861,4012.3456790123455,1068
"Tweede Jan van der Heijdenstraat 57 I, Amsterdam",1074 XP,400000.0,47,2,4.90153,52.355844,8510.63829787234,1074
"J.C. van Epenstraat 47, Amsterdam",1019 GP,365000.0,59,2,4.944414,52.368343,6186.440677966101,1019
"Teldershof 57, Amsterdam",1067 ML,350000.0,88,3,4.800286,52.380052,3977.2727272727275,1067
"Johan Huizingalaan 260 II, Amsterdam",1065 JM,300000.0,73,4,4.827023,52.354418,4109.58904109589,1065
"Kantershof 451, Amsterdam",1104 GZ,375000.0,90,4,4.992035,52.316742,4166.666666666667,1104
"Ruyschstraat 335, Amsterdam",1091 MR,415000.0,61,3,4.914021,52.358618,6803.2786885245905,1091
"Burgemeester Van de Pollstraat 18, Amsterdam",1064 PB,300000.0,65,4,4.831964,52.371338,4615.384615384615,1064
"Slatuinenweg 37, Amsterdam",1057 KB,625000.0,75,3,4.863344,52.370007,8333.333333333334,1057
"Steenderenstraat 72, Amsterdam",1107 LD,315000.0,102,5,4.983162,52.294189,3088.235294117647,1107
"Gillis van Ledenberchstraat 3 HS, Amsterdam",1052 TV,325000.0,44,2,4.873179,52.377933,7386.363636363636,1052
"Tweede Kostverlorenkade 28 2, Amsterdam",1053 TP,370000.0,46,2,4.865067,52.369611,8043.478260869565,1053
"Mezenstraat 58, Amsterdam",1021 VL,298000.0,43,2,4.920012,52.386342,6930.232558139535,1021
"Bankastraat 36 III, Amsterdam",1094 EG,375000.0,56,3,4.933659,52.364743,6696.428571428572,1094
"Jan Zwanenburghof 17 H, Amsterdam",1063 JK,325000.0,81,3,4.819431,52.382253,4012.3456790123455,1063
"Niasstraat 12 B, Amsterdam",1095 VA,325000.0,42,2,4.940171,52.364934,7738.0952380952385,1095
"Hugo de Grootkade 78 2, Amsterdam",1052 LX,375000.0,54,2,4.870127,52.372608,6944.444444444444,1052
"Harry Koningsbergerstraat 192, Amsterdam",1063 AH,295000.0,46,2,4.837695,52.383556,6413.04347826087,1063
"Haarlemmerdijk 178 C, Amsterdam",1013 JK,375000.0,44,2,4.884769,52.384121,8522.727272727272,1013
"Aalbersestraat 232, Amsterdam",1067 GM,295000.0,65,4,4.798255,52.378644,4538.461538461538,1067
"Cola Debrotstraat 6, Amsterdam",1087 VJ,275000.0,48,2,5.014044,52.350961,5729.166666666667,1087
"IJselstraat 40 2, Amsterdam",1078 CJ,345000.0,47,2,4.899374,52.347656,7340.425531914893,1078
"Hoofdweg 947, Amsterdam",1055 SC,500000.0,82,3,4.846047,52.37786,6097.5609756097565,1055
"Hudsonstraat 45 II, Amsterdam",1057 RX,390000.0,58,2,4.853953,52.365813,6724.137931034483,1057
"Wagenaarstraat 417, Amsterdam",1093 CN,400000.0,58,2,4.928824,52.363772,6896.551724137931,1093
"Krimpertplein 54, Amsterdam",1104 PH,250000.0,70,3,4.9685,52.316374,3571.4285714285716,1104
"Tweede Jan Steenstraat 34 HS, Amsterdam",1073 VP,625000.0,72,4,4.899724,52.355854,8680.555555555555,1073
"Bert Haanstrakade 222, Amsterdam",1087 DK,550000.0,97,3,4.996295,52.359277,5670.103092783505,1087
"KNSM-laan 479 PP, Amsterdam",1019 LG,585000.0,87,3,4.941549,52.377347,6724.137931034483,1019
"Spengenpad 34, Amsterdam",1107 WH,425000.0,142,6,4.977631,52.291519,2992.957746478873,1107
"Amerbos 92, Amsterdam",1025 ZP,300000.0,85,3,4.945566,52.403049,3529.4117647058824,1025
"Van Houweningenstraat 74 2, Amsterdam",1052 TS,300000.0,45,2,4.870505,52.372951,6666.666666666667,1052
"Steenderenstraat 32, Amsterdam",1107 LC,275000.0,73,2,4.983209,52.29383,3767.123287671233,1107
"Winthontstraat 28, Amsterdam",1013 BR,525000.0,69,3,4.892282,52.384356,7608.695652173913,1013
"Bonairestraat 73 H, Amsterdam",1058 XE,725000.0,88,4,4.855145,52.361963,8238.636363636364,1058
"Haarlemmerdijk 178 B, Amsterdam",1013 JK,350000.0,48,2,4.884769,52.384121,7291.666666666667,1013
"Overleg 82, Amsterdam",1068 RL,275000.0,57,2,4.803983,52.355143,4824.561403508772,1068
"Kortrijk 171, Amsterdam",1066 TB,450000.0,97,4,4.802374,52.342435,4639.1752577319585,1066
"Van Spilbergenstraat 7 2, Amsterdam",1057 PV,325000.0,47,3,4.852015,52.364636,6914.893617021276,1057
"Goudsbloemstraat 191 A, Amsterdam",1015 JN,425000.0,48,2,4.881348,52.380215,8854.166666666666,1015
"Bolestein 756, Amsterdam",1081 EP,300000.0,44,2,4.859323,52.324179,6818.181818181818,1081
"Rhenenhof 19, Amsterdam",1106 JC,330000.0,108,5,4.971123,52.297841,3055.5555555555557,1106
"Dickenslaan 79, Amsterdam",1102 XP,215000.0,43,2,4.945155,52.324953,5000.0,1102
"Da Costakade 171 III, Amsterdam",1053 WX,695000.0,88,3,4.874092,52.367502,7897.727272727273,1053
"Hoogte Kadijk 110 F + PP, Amsterdam",1018 BT,750000.0,108,3,4.915967,52.368943,6944.444444444444,1018
"Marius Meijboomstraat 21, Amsterdam",1087 LD,400000.0,79,3,5.009082,52.351935,5063.291139240507,1087
"Frederik Hendrikstraat 117 E, Amsterdam",1052 HN,585000.0,82,3,4.872665,52.374093,7134.1463414634145,1052
"Eerste Boerhaavestraat 16 1, Amsterdam",1091 SB,395000.0,44,2,4.907275,52.358042,8977.272727272728,1091
"Jisperveldstraat 427, Amsterdam",1024 AV,250000.0,84,3,4.951827,52.399557,2976.190476190476,1024
"Admiralengracht 162 H, Amsterdam",1057 GH,725000.0,103,3,4.857291,52.370304,7038.834951456311,1057
"Baden Powellweg 165, Amsterdam",1069 LE,275000.0,92,4,4.795583,52.348505,2989.1304347826085,1069
"Nieuwe Kerkstraat 461, Amsterdam",1018 VK,700000.0,107,3,4.908421,52.364761,6542.056074766355,1018
"Kolfschotenstraat 154, Amsterdam",1104 PC,260000.0,83,4,4.969802,52.316702,3132.5301204819275,1104
"Toutenburgstraat 104, Amsterdam",1107 PX,275000.0,83,3,4.9688878,52.2923239,3313.253012048193,1107
"Lumeijstraat 24 III, Amsterdam",1056 VX,535000.0,75,4,4.861328,52.372929,7133.333333333333,1056
"Leeuwendalersweg 636, Amsterdam",1061 BJ,465000.0,94,4,4.838028,52.377317,4946.808510638298,1061
"Eerste Constantijn Huygensstraat 49 I, Amsterdam",1054 BS,490000.0,62,3,4.87487,52.363758,7903.225806451613,1054
"Van Karnebeekstraat 7, Amsterdam",1067 RG,375000.0,69,4,4.799561,52.37431,5434.782608695652,1067
"Curaçaostraat 82 H, Amsterdam",1058 CA,425000.0,58,3,4.852231,52.361321,7327.586206896552,1058
"Groenhoven 430, Amsterdam",1103 LM,265000.0,109,5,4.976731,52.325525,2431.1926605504586,1103
"Lodewijk Boisotstraat 6 H, Amsterdam",1057 ZN,425000.0,58,3,4.858639,52.369339,7327.586206896552,1057
"Beemsterstraat 517, Amsterdam",1024 BE,525000.0,122,5,4.950277,52.396263,4303.2786885245905,1024
"Westlandgracht 189 IV, Amsterdam",1059 TL,625000.0,77,4,4.846204,52.349933,8116.883116883117,1059
"Willem Kromhoutstraat 17, Amsterdam",1067 RC,380000.0,77,4,4.795007,52.375474,4935.064935064935,1067
"Milletstraat 43 2, Amsterdam",1077 ZC,950000.0,148,7,4.869544,52.345822,6418.918918918919,1077
"Jacob van Lennepstraat 284 H, Amsterdam",1053 KD,350000.0,41,2,4.863282,52.363713,8536.585365853658,1053
"Robert Fruinlaan 16 III, Amsterdam",1065 XW,325000.0,70,4,4.830209,52.363691,4642.857142857143,1065
"Potgieterstraat 21 hs, Amsterdam",1053 XP,550000.0,74,2,4.874332,52.369651,7432.4324324324325,1053
"Elpermeer 250, Amsterdam",1025 AP,300000.0,85,4,4.947646,52.402266,3529.4117647058824,1025
"Reizigersweg 185, Amsterdam",1033 ZP,245000.0,50,2,4.883861,52.417569,4900.0,1033
"Welnastraat 479, Amsterdam",1096 GJ,230000.0,28,1,4.920676,52.338759,8214.285714285714,1096
"Van Spilbergenstraat 41 I, Amsterdam",1057 PX,395000.0,53,3,4.851991,52.365663,7452.830188679245,1057
"Quellijnstraat 46 H, Amsterdam",1072 XT,365000.0,40,2,4.887941,52.35683,9125.0,1072
"Van der Helstplein 10 3, Amsterdam",1072 PH,698000.0,89,5,4.894517,52.351528,7842.696629213483,1072
"Landzicht 23, Amsterdam",1068 ZV,495000.0,117,6,4.803386,52.364806,4230.7692307692305,1068
"Postjesweg 203, Amsterdam",1062 JN,375000.0,80,4,4.840015,52.363904,4687.5,1062
"Osdorpplein 62, Amsterdam",1068 EM,375000.0,88,3,4.806525,52.359424,4261.363636363636,1068
"James Bradleystraat 11, Amsterdam",1086 ZM,1200000.0,231,8,4.979592,52.360578,5194.805194805195,1086
"Admiraal De Ruijterweg 301 2, Amsterdam",1055 LW,425000.0,71,3,4.855635,52.37986,5985.915492957746,1055
"Grevelingenstraat 4 hs, Amsterdam",1078 KN,730000.0,89,3,4.88956,52.345979,8202.247191011236,1078
"Gibraltarstraat 68 2, Amsterdam",1055 NS,325000.0,48,4,4.849943,52.384166,6770.833333333333,1055
"Bijlmerdreef 1099, Amsterdam",1103 TT,275000.0,78,3,4.972526,52.321871,3525.641025641026,1103
"Keizersgracht 682 E, Amsterdam",1017 ET,535000.0,67,2,4.894107,52.363363,7985.074626865671,1017
"Doggersbankstraat 4 1, Amsterdam",1055 NX,375000.0,57,3,4.850695,52.383963,6578.9473684210525,1055
"Dulcie Septemberpad 12, Amsterdam",1093 NK,775000.0,126,5,4.932925,52.358206,6150.793650793651,1093
"Josephus Jittastraat 65, Amsterdam",1063 NK,375000.0,78,3,4.814789,52.382249,4807.692307692308,1063
"Aalsmeerweg 28 1, Amsterdam",1059 AK,400000.0,54,3,4.849224,52.350198,7407.407407407408,1059
"Tweede Oosterparkstraat 132 E, Amsterdam",1092 BP,300000.0,40,2,4.91803,52.357424,7500.0,1092
"Koolpalmhof 18, Amsterdam",1104 DH,375000.0,104,3,4.983057,52.318698,3605.769230769231,1104
"1e Kekerstraat 119, Amsterdam",1104 VA,295000.0,91,3,4.981371,52.313749,3241.7582417582416,1104
"Ter Boede 2 hs, Amsterdam",1082 CB,345000.0,57,2,4.878162,52.325097,6052.631578947368,1082
"Kloekhorststraat 231, Amsterdam",1104 MN,260000.0,71,3,4.967708,52.317064,3661.9718309859154,1104
"Wethouder De Vriesplantsoen 8, Amsterdam",1107 AN,225000.0,56,2,4.992412,52.295757,4017.8571428571427,1107
"Van Spilbergenstraat 68 H, Amsterdam",1057 RK,425000.0,50,2,4.852084,52.366236,8500.0,1057
"Talbotstraat 223, Amsterdam",1087 DM,475000.0,90,3,4.996258,52.358696,5277.777777777777,1087
"Oeverpad 570, Amsterdam",1068 PM,425000.0,108,3,4.808883,52.363274,3935.185185185185,1068
"Prinsengracht 303 F, Amsterdam",1016 GX,1170000.0,121,2,4.883377,52.373492,9669.421487603306,1016
"Tugelaweg 40 f+PP, Amsterdam",1092 VG,520000.0,69,3,4.923063,52.35637,7536.231884057971,1092
"Petrus Blokhof 12 II, Amsterdam",1065 XK,350000.0,68,4,4.829524,52.363328,5147.058823529412,1065
"Gouden Leeuw 930, Amsterdam",1103 KW,289500.0,108,5,4.974531,52.325473,2680.5555555555557,1103
"Willebroekstraat 38, Amsterdam",1066 WE,480000.0,127,5,4.80722,52.344454,3779.527559055118,1066
"Statenjachtstraat 542, Amsterdam",1034 EZ,325000.0,84,4,4.917985,52.405783,3869.0476190476193,1034
"Overleg 84, Amsterdam",1068 RL,250000.0,57,2,4.803968,52.355143,4385.964912280701,1068
"Pieter van der Werfstraat 127, Amsterdam",1067 EM,350000.0,87,3,4.802688,52.382381,4022.9885057471265,1067
"Edmond Halleylaan 25, Amsterdam",1086 ZV,600000.0,110,4,4.981387,52.360243,5454.545454545455,1086
"Waterlandplein 292 D, Amsterdam",1024 NB,350000.0,87,3,4.954462,52.393215,4022.9885057471265,1024
"Ceintuurbaan 199 1, Amsterdam",1074 CV,525000.0,70,3,4.901743,52.355153,7500.0,1074
"Venetiëhof 212, Amsterdam",1019 NE,500000.0,89,3,4.947119,52.376909,5617.9775280898875,1019
"Jacob Burggraafstraat 90, Amsterdam",1018 WA,700000.0,106,3,4.922868,52.371793,6603.773584905661,1018
"Vianenstraat 97, Amsterdam",1106 DB,300000.0,90,4,4.984519,52.299712,3333.3333333333335,1106
"Amerbos 34, Amsterdam",1025 ZM,175000.0,28,1,4.945552,52.402968,6250.0,1025
"Burgemeester Hogguerstraat 329, Amsterdam",1064 CR,365000.0,78,4,4.829607,52.372067,4679.48717948718,1064
"Philip Vingboonsstraat 19, Amsterdam",1067 BG,375000.0,84,4,4.7958,52.38318,4464.285714285715,1067
"Haarlemmerweg 33 D, Amsterdam",1051 KN,425000.0,74,3,4.878057,52.385387,5743.243243243243,1051
"Den Texstraat 35 2, Amsterdam",1017 XX,1320000.0,230,8,4.894964,52.358917,5739.130434782609,1017
"Bombraak 4, Amsterdam",1035 JR,469000.0,109,3,4.891949,52.423805,4302.752293577982,1035
"Cliffordstraat 40 II, Amsterdam",1051 GV,270000.0,38,1,4.870659,52.383656,7105.263157894737,1051
"Tweede Weteringdwarsstraat 44 2, Amsterdam",1017 SX,325000.0,44,3,4.889549,52.361331,7386.363636363636,1017
"Kaneelappelstraat 90, Amsterdam",1036 LG,650000.0,113,6,4.903976,52.407476,5752.212389380531,1036
"Conradstraat 126 F, Amsterdam",1018 NM,550000.0,90,3,4.930426,52.371197,6111.111111111111,1018
"Stephensonstraat 1 D, Amsterdam",1097 BA,1150000.0,163,7,4.921657,52.351422,7055.21472392638,1097
"Van Hallstraat 33 I, Amsterdam",1051 GX,385000.0,50,2,4.870167,52.384355,7700.0,1051
"Bloys van Treslongstraat 62 H, Amsterdam",1056 XD,325000.0,43,2,4.859637,52.375563,7558.139534883721,1056
"Hof van Versailles 37, Amsterdam",1064 NX,750000.0,155,6,4.832889,52.367757,4838.709677419355,1064
"Zwanenplein 69, Amsterdam",1021 CK,465000.0,73,4,4.918062,52.387403,6369.86301369863,1021
"Ladogameerhof 162, Amsterdam",1060 RE,300000.0,67,3,4.783188,52.350225,4477.611940298508,1060
"Jisperveldstraat 598, Amsterdam",1024 BD,250000.0,84,3,4.952138,52.400571,2976.190476190476,1024
"Paramariboplein 67 bel, Amsterdam",1058 AR,500000.0,64,3,4.854288,52.359955,7812.5,1058
"Ter Haarstraat 21 E, Amsterdam",1053 LH,875000.0,108,4,4.655161,52.376552,8101.851851851852,1053
"Sloterkade 33 C, Amsterdam",1058 HE,399000.0,62,2,4.853523,52.356392,6435.4838709677415,1058
"Veemkade 1200, Amsterdam",1019 BZ,925000.0,145,4,4.933939,52.374739,6379.310344827586,1019
"Zuidelijke Wandelweg 151, Amsterdam",1079 RK,875000.0,123,4,4.894206,52.33822,7113.821138211382,1079
"Zuidelijke Wandelweg 151 PP, Amsterdam",1079 RK,930000.0,123,4,4.894206,52.33822,7560.975609756098,1079
"Funenpark 349, Amsterdam",1018 AK,725000.0,101,4,4.931075,52.369038,7178.217821782178,1018
"Bos en Lommerplein 109 PP, Amsterdam",1055 AD,575000.0,119,3,4.845779,52.37755,4831.9327731092435,1055
"IJburglaan 1445, Amsterdam",1087 KH,600000.0,132,4,5.00033,52.35282,4545.454545454545,1087
"Pesetalaan 47, Amsterdam",1060 SC,600000.0,146,7,4.784642,52.346094,4109.58904109589,1060
"Kloekhorststraat 215, Amsterdam",1104 MN,265000.0,72,3,4.9684,52.317292,3680.5555555555557,1104
"Zaagmolenstraat 9, Amsterdam",1052 HB,350000.0,46,3,4.873501,52.377961,7608.695652173913,1052
"Burgemeester Hogguerstraat 769, Amsterdam",1064 EB,340000.0,78,3,4.829629,52.372955,4358.974358974359,1064
"Jan van Schaffelaarplantsoen 29 A, Amsterdam",1061 DM,350000.0,58,3,4.84314,52.378753,6034.482758620689,1061
"Vrolikstraat 309 C, Amsterdam",1091 VE,430000.0,56,2,4.917761,52.356215,7678.571428571428,1091
"Moestuinlaan 10, Amsterdam",1036 KD,975000.0,180,5,4.900779,52.408945,5416.666666666667,1036
"Amsteldijk 828, Amsterdam",1079 LM,500000.0,84,3,4.913659,52.343221,5952.380952380952,1079
"Tollensstraat 62, Amsterdam",1053 RW,850000.0,123,7,4.869096,52.366755,6910.569105691057,1053
"Kazernestraat 2 2, Amsterdam",1018 CC,645000.0,89,3,4.921169,52.364353,7247.191011235955,1018
"Tweede Jan van der Heijdenstraat 53 III, Amsterdam",1074 XP,425000.0,49,3,4.901398,52.355807,8673.469387755102,1074
"Van Hilligaertstraat 47, Amsterdam",1072 JX,1090000.0,149,3,4.890751,52.349678,7315.436241610738,1072
"Doggerstraat 15, Amsterdam",1086 VG,895000.0,184,6,4.986808,52.364679,4864.130434782609,1086
"Statenjachtstraat 211, Amsterdam",1034 GA,465000.0,104,3,4.918343,52.405579,4471.153846153846,1034
"Uiterwaardenstraat 9 H, Amsterdam",1079 BN,700000.0,79,3,4.911378,52.342112,8860.759493670887,1079
"Nijenburg 20, Amsterdam",1081 GG,325000.0,55,2,4.865786,52.328459,5909.090909090909,1081
"Panamalaan 84, Amsterdam",1019 AZ,695000.0,107,4,4.934082,52.371077,6495.327102803738,1019
"Govert Flinckstraat 392 II, Amsterdam",1074 CJ,825000.0,97,4,4.902906,52.35753,8505.154639175258,1074
"S. F. van Ossstraat 180, Amsterdam",1068 JN,280000.0,64,3,4.811771,52.355712,4375.0,1068
"Buziaustraat 14, Amsterdam",1068 KN,550000.0,160,6,4.811827,52.353554,3437.5,1068
"Schoorlstraat 42, Amsterdam",1024 PN,325000.0,77,3,4.945778,52.393622,4220.779220779221,1024
"Ponserstraat 12, Amsterdam",1033 DL,325000.0,77,3,4.899777,52.40313,4220.779220779221,1033
"Tefelenstraat 82, Amsterdam",1107 SM,275000.0,111,5,4.970438,52.294244,2477.4774774774774,1107
"Juliana van Stolbergstraat 45 H, Amsterdam",1055 RL,340000.0,46,2,4.856593,52.380808,7391.304347826087,1055
"Hoofdweg 252 H, Amsterdam",1057 DH,550000.0,72,3,4.85255,52.367739,7638.888888888889,1057
"Venetiëhof 10, Amsterdam",1019 NA,500000.0,84,3,4.947231,52.377422,5952.380952380952,1019
"ms. van Riemsdijkweg 266, Amsterdam",1033 RD,750000.0,111,4,4.892182,52.401519,6756.756756756757,1033
"Leeuwendalersweg 648 PP, Amsterdam",1061 BJ,499000.0,92,4,4.837996,52.37746,5423.913043478261,1061
"Prinsengracht 483 A, Amsterdam",1016 HP,1750000.0,212,4,4.883097,52.369689,8254.716981132075,1016
"Bellamystraat 13 15, Amsterdam",1053 BE,1250000.0,202,6,4.866447,52.367118,6188.118811881188,1053
"Gulden Winckelplantsoen 16 II, Amsterdam",1055 EL,319000.0,50,2,4.847496,52.378843,6380.0,1055
"Hondecoeterstraat 20 III, Amsterdam",1071 LS,1100000.0,147,4,4.878689,52.353303,7482.993197278912,1071
"Waverstraat 48 2, Amsterdam",1079 VM,325000.0,47,2,4.909223,52.34615,6914.893617021276,1079
"Kortrijk 35, Amsterdam",1066 TA,475000.0,109,4,4.801543,52.344264,4357.798165137615,1066
"Ruimzicht 83, Amsterdam",1068 CP,300000.0,88,2,4.807168,52.361653,3409.090909090909,1068
"Loenermark 372, Amsterdam",1025 TH,265000.0,66,2,4.930826,52.398984,4015.151515151515,1025
"Baden Powellweg 60 B, Amsterdam",1069 LK,399500.0,99,3,4.792451,52.354762,4035.3535353535353,1069
"Pyreneeën 7, Amsterdam",1060 NP,725000.0,173,7,4.773171,52.349954,4190.751445086706,1060
"Ferguutstraat 16 III, Amsterdam",1055 SX,625000.0,95,5,4.855072,52.377799,6578.9473684210525,1055
"Lange Leidsedwarsstraat 103 1 B, Amsterdam",1017 NJ,399000.0,40,2,4.886109,52.363042,9975.0,1017
"Egidiusstraat 23 1, Amsterdam",1055 GL,445000.0,66,3,4.852373,52.377544,6742.424242424242,1055
"IJburglaan 1468, Amsterdam",1087 KG,550000.0,145,3,5.000011,52.352324,3793.103448275862,1087
"Bonairestraat 46 Hs, Amsterdam",1058 XJ,675000.0,84,4,4.855835,52.360699,8035.714285714285,1058
"De Boelelaan 223, Amsterdam",1082 RA,325000.0,84,3,4.877949,52.334686,3869.0476190476193,1082
"Hertspieghelweg 64 H, Amsterdam",1055 KR,600000.0,82,4,4.852076,52.381479,7317.073170731707,1055
"Curaçaostraat 76 1, Amsterdam",1058 CA,375000.0,57,3,4.852248,52.361159,6578.9473684210525,1058
"Rijnstraat 238 1, Amsterdam",1079 HV,575000.0,82,4,4.906854,52.341296,7012.195121951219,1079
"Burgemeester Hogguerstraat 353, Amsterdam",1064 CR,475000.0,79,3,4.829591,52.372067,6012.658227848101,1064
"Tilanusstraat 334, Amsterdam",1091 MZ,500000.0,62,3,4.914296,52.358996,8064.5161290322585,1091
"Hofgeest 111, Amsterdam",1102 EE,275000.0,94,4,4.95696,52.311632,2925.531914893617,1102
"Valeriusstraat 148 Hs, Amsterdam",1075 GE,1775000.0,177,9,4.865595,52.353408,10028.24858757062,1075
"Brederodestraat 42 4, Amsterdam",1054 MV,525000.0,63,3,4.865952,52.361768,8333.333333333334,1054
"Blasiusstraat 13 1, Amsterdam",1091 CJ,400000.0,52,2,4.908012,52.356419,7692.307692307692,1091
"Hof van Groenen 13, Amsterdam",1083 JR,375000.0,80,4,4.882011,52.330956,4687.5,1083
"Baron G.A. Tindalplein 10, Amsterdam",1019 TJ,550000.0,87,2,4.942751,52.373127,6321.83908045977,1019
"Retiefstraat 49 2, Amsterdam",1092 VX,525000.0,76,2,4.922699,52.355605,6907.894736842105,1092
"Lindengracht 24 III, Amsterdam",1015 KJ,760000.0,90,4,4.886718,52.380687,8444.444444444445,1015
"Latherusstraat 54, Amsterdam",1032 EC,700000.0,123,6,4.91506,52.393449,5691.056910569106,1032
"Derde Helmersstraat 50 H, Amsterdam",1054 BJ,675000.0,75,3,4.876322,52.365121,9000.0,1054
"Fleerde 203, Amsterdam",1102 AV,325000.0,97,4,4.955054,52.317674,3350.5154639175257,1102
"Carolina MacGillavrylaan 130, Amsterdam",1098 XA,459000.0,75,3,4.94178,52.357269,6120.0,1098
"Kinkerstraat 320 III, Amsterdam",1053 GD,350000.0,46,2,4.863132,52.36504,7608.695652173913,1053
"Zeeburgerdijk 64 I, Amsterdam",1094 AE,325000.0,43,2,4.934601,52.36596,7558.139534883721,1094
"Pieter Calandlaan 231, Amsterdam",1068 ND,275000.0,81,3,4.810853,52.354008,3395.061728395062,1068
"Het Hoogt 215, Amsterdam",1025 GW,275000.0,57,2,4.937616,52.397321,4824.561403508772,1025
"Rijswijkstraat 32, Amsterdam",1062 EE,700000.0,140,5,4.837658,52.350226,5000.0,1062
"Ruiseveenpad 48, Amsterdam",1106 AM,209000.0,59,2,4.975309,52.296957,3542.3728813559323,1106
"Weteringschans 122 A, Amsterdam",1017 XT,1325000.0,150,5,4.896605,52.359176,8833.333333333334,1017
"Prinsengracht 1033 C, Amsterdam",1017 KP,850000.0,120,3,4.89518,52.361947,7083.333333333333,1017
"IJburglaan 1453 PP, Amsterdam",1087 KH,485000.0,105,4,5.000345,52.352811,4619.047619047619,1087
"Oude-IJselstraat 3 1, Amsterdam",1078 CL,385000.0,53,2,4.901411,52.347889,7264.1509433962265,1078
"Rijsbesstraat 2, Amsterdam",1036 LN,650000.0,125,5,4.901879,52.406292,5200.0,1036
"Haarlemmermeerstraat 151 1, Amsterdam",1058 JX,450000.0,64,3,4.850607,52.352379,7031.25,1058
"Cas Oorthuyskade 252, Amsterdam",1087 DP,450000.0,87,3,4.990866,52.360697,5172.413793103448,1087
"Poeldijkstraat 259, Amsterdam",1059 VL,600000.0,90,3,4.844731,52.349856,6666.666666666667,1059
"Langswater 885 XII, Amsterdam",1069 EH,245000.0,71,3,4.787319,52.359244,3450.7042253521126,1069
"Tweede Keucheniusstraat 8 3, Amsterdam",1051 VR,500000.0,70,3,4.869195,52.380747,7142.857142857143,1051
"Hasebroekstraat 41 H, Amsterdam",1053 CM,600000.0,80,2,4.865609,52.365991,7500.0,1053
"Hoendiepstraat 36 hs, Amsterdam",1079 LW,595000.0,73,3,4.910454,52.34221,8150.684931506849,1079
"Eerste Jacob van Campenstraat 54 III-IV, Amsterdam",1072 BH,995000.0,127,4,4.889858,52.357323,7834.645669291339,1072
"Leghornstraat 4, Amsterdam",1109 BW,475000.0,118,5,5.015376,52.305296,4025.423728813559,1109
"Bijlmerdreef 1097, Amsterdam",1103 TT,275000.0,78,3,4.972526,52.321871,3525.641025641026,1103
"Jisperveldstraat 212, Amsterdam",1024 AK,285000.0,85,4,4.950198,52.39832,3352.9411764705883,1024
"Hoofdweg 150 hs, Amsterdam",1057 DB,585000.0,75,3,4.853451,52.364831,7800.0,1057
"J.M. den Uylstraat 76, Amsterdam",1067 WD,310000.0,75,3,4.790104,52.381911,4133.333333333333,1067
"Valkhof 21, Amsterdam",1082 VC,495000.0,81,4,4.870861,52.332238,6111.111111111111,1082
"Wilhelminastraat 81 I, Amsterdam",1054 VX,475000.0,54,2,4.863781,52.361606,8796.296296296296,1054
"Gibraltarstraat 73 1, Amsterdam",1055 NK,425000.0,57,3,4.849341,52.384118,7456.140350877193,1055
"Noorderakerweg 100, Amsterdam",1069 LW,875000.0,161,4,4.777448,52.350596,5434.782608695652,1069
"Kanaalstraat 204 H, Amsterdam",1054 XS,560000.0,73,3,4.857873,52.360923,7671.232876712329,1054
"Erich Salomonstraat 629, Amsterdam",1087 JA,700000.0,130,6,5.001384,52.354845,5384.615384615385,1087
"Eerste Helmersstraat 56 hs, Amsterdam",1054 DJ,1150000.0,144,6,4.875312,52.363634,7986.111111111111,1054
"Bilderdijkkade 50 D2, Amsterdam",1053 VN,1250000.0,149,6,4.868023,52.370359,8389.261744966443,1053
"Leeuwenwerf 119, Amsterdam",1018 KB,275000.0,40,2,4.921147,52.373395,6875.0,1018
"Eurokade 11, Amsterdam",1060 RZ,575000.0,145,5,4.78754,52.348859,3965.5172413793102,1060
"Saxenburgerstraat 1 B, Amsterdam",1054 KM,1025000.0,125,3,4.860922,52.358834,8200.0,1054
"Louise de Colignystraat 54 H, Amsterdam",1055 XN,340000.0,47,2,4.856817,52.380458,7234.04255319149,1055
"Nachtwachtlaan 501, Amsterdam",1058 ES,550000.0,125,5,4.84351,52.363743,4400.0,1058
"Donker Curtiusstraat 49, Amsterdam",1051 MC,400000.0,59,2,4.871359,52.378707,6779.661016949152,1051
"Marius Bauerstraat 235 B2, Amsterdam",1062 AL,235000.0,33,2,4.836971,52.362788,7121.212121212121,1062
"Grootzeilhof 10, Amsterdam",1034 LX,335000.0,93,4,4.92221,52.409314,3602.1505376344085,1034
"Willem Augustinstraat 179, Amsterdam",1061 MJ,975000.0,221,5,4.838629,52.37491,4411.764705882353,1061
"Javakade 112, Amsterdam",1019 RV,450000.0,64,2,4.930926,52.377783,7031.25,1019
"Pontanusstraat 200, Amsterdam",1093 SH,350000.0,53,2,4.930264,52.363679,6603.773584905661,1093
"Oostzaanstraat 255, Amsterdam",1013 WJ,725000.0,118,4,4.87252,52.392217,6144.067796610169,1013
"Kinkerstraat 268 2, Amsterdam",1053 GB,340000.0,44,3,4.864588,52.365393,7727.272727272727,1053
"Geschutswerf 15, Amsterdam",1018 AW,1175000.0,164,2,4.92035,52.366858,7164.634146341464,1018
"Het Hoogt 178, Amsterdam",1025 HD,325000.0,92,4,4.936866,52.394487,3532.608695652174,1025
"Dorpsweg Ransdorp 36, Amsterdam",1028 BP,700000.0,103,4,4.99474,52.392365,6796.116504854369,1028
"Nicolaas Anslijnstraat 125, Amsterdam",1068 WV,295000.0,82,3,4.808181,52.357419,3597.560975609756,1068
"Lutmastraat 202 B, Amsterdam",1074 VA,335000.0,44,2,4.904467,52.35165,7613.636363636364,1074
"Lootsstraat 24 II, Amsterdam",1053 NX,300000.0,38,2,4.86116,52.363527,7894.736842105263,1053
"Commelinstraat 174, Amsterdam",1093 VD,600000.0,83,4,4.925816,52.363614,7228.915662650603,1093
"Koninginneweg 195 2, Amsterdam",1075 CR,675000.0,72,3,4.860601,52.352451,9375.0,1075
"Van Speijkstraat 175 2, Amsterdam",1057 GZ,495000.0,80,4,4.859791,52.371205,6187.5,1057
"Van Speijkstraat 138 3, Amsterdam",1057 HJ,539000.0,75,3,4.860239,52.370632,7186.666666666667,1057
"Kinderdijkstraat 48 3, Amsterdam",1079 GL,499000.0,75,3,4.902863,52.342664,6653.333333333333,1079
"Overtoom 427 I, Amsterdam",1054 JR,475000.0,67,3,4.860847,52.358995,7089.55223880597,1054
"Dulcie Septemberpad 2, Amsterdam",1093 NK,800000.0,130,5,4.932943,52.358329,6153.846153846154,1093
"Gerrit van der Veenstraat 145 B*, Amsterdam",1077 DZ,1625000.0,257,9,4.869761,52.348636,6322.95719844358,1077
"Akerwateringstraat 71, Amsterdam",1069 GB,315000.0,99,4,4.78504,52.354616,3181.818181818182,1069
"Pesetalaan 27, Amsterdam",1060 SC,450000.0,111,4,4.785975,52.347341,4054.054054054054,1060
"Kanaalstraat 38 2, Amsterdam",1054 XJ,495000.0,54,3,4.86547,52.3628,9166.666666666666,1054
"Beethovenstraat 225, Amsterdam",1077 JE,550000.0,78,3,4.877208,52.342458,7051.282051282052,1077
"Ben van Meerendonkstraat 295, Amsterdam",1087 LN,400000.0,89,3,5.012134,52.349139,4494.38202247191,1087
"Weissenbruchstraat 49 hs, Amsterdam",1058 KN,525000.0,70,3,4.849656,52.353346,7500.0,1058
"Frissenstein 304, Amsterdam",1102 AP,350000.0,98,4,4.952422,52.316855,3571.4285714285716,1102
"Retiefstraat 97 A, Amsterdam",1092 XB,620000.0,86,4,4.92068,52.354968,7209.302325581395,1092
"Voorsteven 11, Amsterdam",1034 SK,375000.0,89,5,4.915413,52.40997,4213.483146067416,1034
"Enkhuizerstraat 5, Amsterdam",1023 VP,550000.0,114,6,4.942035,52.393266,4824.561403508772,1023
"Jacob van Lennepstraat 11 I/ II, Amsterdam",1053 HA,1095000.0,204,6,4.876183,52.366972,5367.64705882353,1053
"Meeuwenlaan 175 B, Amsterdam",1021 JC,485000.0,93,5,4.918067,52.385525,5215.05376344086,1021
"J.M. den Uylstraat 4, Amsterdam",1067 WC,385000.0,87,3,4.793277,52.381864,4425.287356321839,1067
"Noorder IJdijk 63, Amsterdam",1023 NT,1575000.0,138,4,4.961457,52.38257,11413.04347826087,1023
"Van Nijenrodeweg 81, Amsterdam",1083 EE,249000.0,33,2,4.883913,52.327585,7545.454545454545,1083
"Burgemeester Cramergracht 60, Amsterdam",1064 AE,350000.0,74,4,4.832383,52.373012,4729.72972972973,1064
"Jan van Zutphenstraat 103, Amsterdam",1069 RR,600000.0,136,4,4.802149,52.350604,4411.764705882353,1069
"Doddendaal 56, Amsterdam",1082 XW,425000.0,79,3,4.874705,52.332273,5379.7468354430375,1082
"Hendrik Bulthuisstraat 8, Amsterdam",1067 SC,345000.0,69,4,4.795948,52.374337,5000.0,1067
"Prins Hendrikkade 156 3, Amsterdam",1011 AW,640000.0,58,3,4.907085,52.372907,11034.48275862069,1011
"Prins Hendrikkade 156 1, Amsterdam",1011 AW,645000.0,58,3,4.907085,52.372907,11120.689655172413,1011
"Jan van Duivenvoordestraat 35, Amsterdam",1067 MT,350000.0,92,3,4.802618,52.378567,3804.3478260869565,1067
"Celebesstraat 112 A, Amsterdam",1094 EZ,350000.0,65,2,4.935377,52.358917,5384.615384615385,1094
"Brenner 24, Amsterdam",1060 NV,475000.0,115,5,4.776722,52.351033,4130.434782608696,1060
"Singel 57 3, Amsterdam",1012 VD,400000.0,46,1,4.892211,52.376702,8695.652173913044,1012
"IJburglaan 754, Amsterdam",1087 EM,450000.0,96,3,4.993345,52.355933,4687.5,1087
"Hellingstraat 52, Amsterdam",1033 WW,450000.0,59,2,4.891511,52.401727,7627.118644067797,1033
"Albert Luthulistraat 26 B, Amsterdam",1091 NW,375000.0,54,3,4.919118,52.352814,6944.444444444444,1091
"Kinkerstraat 205 B, Amsterdam",1053 DS,485000.0,69,3,4.866392,52.365536,7028.985507246377,1053
"Willemsparkweg 125 C, Amsterdam",1071 GW,1100000.0,136,3,4.872591,52.356414,8088.235294117647,1071
"Bosplaat 80, Amsterdam",1025 AT,1000000.0,220,7,4.948314,52.400138,4545.454545454545,1025
"Sportstraat 6 1, Amsterdam",1076 TV,375000.0,43,2,4.860276,52.347686,8720.93023255814,1076
"Le Tourmalet 8, Amsterdam",1060 NX,525000.0,138,5,4.774348,52.350823,3804.3478260869565,1060
"Nieuwevaartweg, Amsterdam",1019 AL,1325000.0,162,4,4.95437552819149,52.3679823,8179.0123456790125,1019
"Grootzeil 197, Amsterdam",1034 LW,335000.0,92,4,4.921825,52.409609,3641.304347826087,1034
"Schalk Burgerstraat 72, Amsterdam",1091 LM,400000.0,58,3,4.920732,52.352847,6896.551724137931,1091
"Cliostraat 14 B, Amsterdam",1077 KG,835000.0,124,3,4.876154,52.347558,6733.870967741936,1077
"Cliostraat 14 A, Amsterdam",1077 KG,885000.0,136,3,4.876154,52.347558,6507.35294117647,1077
"Niersstraat 35 HS, Amsterdam",1078 VH,635000.0,81,3,4.894509,52.343016,7839.506172839506,1078
"Eerste Helmersstraat 244 A, Amsterdam",1054 ER,1120000.0,129,5,4.860337,52.359856,8682.170542635658,1054
"Van Spilbergenstraat 36 3, Amsterdam",1057 RH,375000.0,52,3,4.852329,52.365365,7211.538461538462,1057
"De Bazelhof 24, Amsterdam",1067 LZ,400000.0,107,6,4.79581,52.376916,3738.3177570093458,1067
"Pretoriusstraat 57 4, Amsterdam",1092 GA,285000.0,41,2,4.922721,52.354922,6951.219512195122,1092
"Kantershof 137, Amsterdam",1104 GG,425137.0,92,4,4.98896,52.321172,4621.054347826087,1104
"Lange Stammerdijk 1 G, Amsterdam",1109 BK,549001.0,107,4,5.016522,52.305075,5130.85046728972,1109
"Hamontstraat 59, Amsterdam",1066 LG,575000.0,134,6,4.812092,52.348999,4291.044776119403,1066
"Jacob Melkmanstraat 52, Amsterdam",1063 GN,500000.0,102,5,4.823859,52.383847,4901.9607843137255,1063
"Dalsteindreef 198, Amsterdam",1102 WX,179000.0,29,2,4.945048,52.325695,6172.413793103448,1102
"Anjeliersstraat 31 A, Amsterdam",1015 ND,790000.0,90,3,4.884941,52.378055,8777.777777777777,1015
"Balboastraat 52 II, Amsterdam",1057 VX,350000.0,50,3,4.853093,52.368955,7000.0,1057
"Meer en Vaart 90 B, Amsterdam",1068 ZZ,425000.0,110,4,4.804152,52.364802,3863.6363636363635,1068
"Noordzijde 48, Amsterdam",1064 GV,600000.0,135,6,4.820624,52.373918,4444.444444444444,1064
"Stadionweg 140 3, Amsterdam",1077 SX,1099000.0,191,6,4.874975,52.346978,5753.926701570681,1077
"Wolbrantskerkweg 66 E, Amsterdam",1069 DA,525000.0,112,5,4.79733,52.356512,4687.5,1069
"Loenermark 130, Amsterdam",1025 SM,329000.0,74,4,4.928532,52.397672,4445.945945945946,1025
"Van Abbestraat 66, Amsterdam",1064 WV,445000.0,101,3,4.83075,52.365104,4405.940594059406,1064
"Osdorperweg 177, Amsterdam",1069 LL,950000.0,174,6,4.794378,52.347806,5459.770114942528,1069
"Rozengracht 104 lll, Amsterdam",1016 NG,800000.0,107,3,4.879459,52.373268,7476.6355140186915,1016
"Haag en Veld 245 B, Amsterdam",1102 GL,350000.0,144,6,4.955915,52.310514,2430.5555555555557,1102
"Jacob Groenplantsoen 7, Amsterdam",1035 MA,875000.0,135,5,4.897048,52.417382,6481.481481481482,1035
"Admiraal De Ruijterweg 125 2, Amsterdam",1056 EX,575000.0,78,3,4.858844,52.373106,7371.794871794872,1056
"Keizersgracht 649 F, Amsterdam",1017 DT,700000.0,76,4,4.895174,52.363763,9210.526315789473,1017
"Loodskotterhof 4, Amsterdam",1034 CN,325000.0,80,4,4.909069,52.405451,4062.5,1034
"Archimedesweg 32 I, Amsterdam",1098 JR,750000.0,102,5,4.937898,52.356428,7352.941176470588,1098
"Magalhaensplein 25 H, Amsterdam",1057 VE,500000.0,73,3,4.853124,52.367607,6849.315068493151,1057
"Ploegstraat 187, Amsterdam",1097 WE,300000.0,48,2,4.949415,52.340644,6250.0,1097
"Uffizilaan 43, Amsterdam",1064 WJ,675000.0,157,5,4.831079,52.368144,4299.363057324841,1064
"Amstelveenseweg 186 IV A, Amsterdam",1075 XR,345000.0,34,2,4.855832,52.352385,10147.058823529413,1075
"Werengouw 413, Amsterdam",1024 NZ,275000.0,64,3,4.94649,52.39437,4296.875,1024
"Dirk Bonsstraat 22, Amsterdam",1063 VA,245000.0,45,2,4.834844,52.378255,5444.444444444444,1063
"Amstelveenseweg 186 IIIV, Amsterdam",1075 XR,385000.0,37,2,4.855832,52.352385,10405.405405405405,1075
"Amstelveenseweg 186 IIIA, Amsterdam",1075 XR,375000.0,35,2,4.855832,52.352385,10714.285714285714,1075
"Stentorstraat 95 I, Amsterdam",1035 XE,300000.0,68,3,4.898877,52.419502,4411.764705882353,1035
"Saskia van Uijlenburgkade 158 PP, Amsterdam",1058 GA,1200000.0,171,4,4.846606,52.356702,7017.543859649123,1058
"J.S. Ruppertstraat 17, Amsterdam",1069 KJ,499000.0,127,5,4.796462,52.352238,3929.1338582677167,1069
"Bijlmerdreef 514, Amsterdam",1102 AC,325000.0,98,3,4.956816,52.31741,3316.326530612245,1102
"Jacob van Lennepkade 265 C, Amsterdam",1054 ZT,480000.0,60,2,4.85983,52.361813,8000.0,1054
"Aalsmeerweg 112 II, Amsterdam",1059 AR,475000.0,62,4,4.846923,52.347545,7661.290322580645,1059
"Rustenburgerstraat 398 H, Amsterdam",1072 HH,685000.0,78,3,4.890731,52.351449,8782.051282051281,1072
"Keizersgracht 306 1 V, Amsterdam",1016 EX,550000.0,57,2,4.884292,52.370557,9649.122807017544,1016
"Eurokade 10, Amsterdam",1060 RZ,550000.0,137,5,4.787554,52.348895,4014.598540145985,1060
"Oranje Nassaulaan 9, Amsterdam",1075 AH,5850000.0,480,14,4.863729,52.354874,12187.5,1075
"Burgemeester Hogguerstraat 773, Amsterdam",1064 EB,330000.0,78,3,4.829637,52.372964,4230.7692307692305,1064
"Hertspieghelweg 6 I, Amsterdam",1055 KL,375000.0,59,3,4.852415,52.380133,6355.932203389831,1055
"Rietlandpark 103, Amsterdam",1019 DS,575000.0,107,3,4.935891,52.37338,5373.8317757009345,1019
"Langestraat 96, Amsterdam",1015 AM,825000.0,98,4,4.890594,52.376848,8418.367346938776,1015
"George Ortonpad 9, Amsterdam",1034 WN,515000.0,119,4,4.918363,52.403385,4327.731092436975,1034
"Hogevecht 8, Amsterdam",1102 HA,225000.0,65,2,4.958115,52.309662,3461.5384615384614,1102
"Koninginneweg 158 4, Amsterdam",1075 EE,1050000.0,119,5,4.860818,52.352776,8823.529411764706,1075
"Leeuwendalersweg 13 E, Amsterdam",1055 JE,425000.0,80,4,4.846389,52.379296,5312.5,1055
"Spicastraat 3, Amsterdam",1033 CN,375000.0,63,5,4.890785,52.41492,5952.380952380952,1033
"Hugo de Grootkade 9 H, Amsterdam",1052 LN,1150000.0,145,5,4.87195,52.372454,7931.0344827586205,1052
"Egidiusstraat 28 3, Amsterdam",1055 GV,425000.0,71,4,4.852168,52.378747,5985.915492957746,1055
"Reguliersgracht 87, Amsterdam",1017 LN,1450000.0,124,5,4.896425,52.360892,11693.548387096775,1017
"Sarphatistraat 82 E, Amsterdam",1018 GS,850000.0,90,3,4.910051,52.361418,9444.444444444445,1018
"Waterlooplein 175 PP, Amsterdam",1011 PG,750000.0,114,4,4.902566,52.368503,6578.9473684210525,1011
"Noorder Valdeur 4, Amsterdam",1035 KA,450000.0,107,4,4.892525,52.423619,4205.607476635514,1035
"Charlotte Brontéstraat 164, Amsterdam",1102 XH,235000.0,58,2,4.947669,52.325253,4051.7241379310344,1102
"Rapenburg 35 C, Amsterdam",1011 TV,600000.0,83,2,4.908391,52.371373,7228.915662650603,1011
"Nicolaas Anslijnstraat 117, Amsterdam",1068 WT,315000.0,81,3,4.807981,52.357437,3888.8888888888887,1068
"Vondelstraat 70 II, Amsterdam",1054 GG,1250000.0,157,4,4.876006,52.362028,7961.783439490446,1054
"Doornburg 155, Amsterdam",1081 JX,699000.0,98,3,4.861985,52.322384,7132.65306122449,1081
"Kruisherenpad 7, Amsterdam",1067 DZ,440000.0,115,6,4.802015,52.380829,3826.086956521739,1067
"Klaprozenweg 49 B 2 +PP, Amsterdam",1032 KK,450000.0,74,2,4.904136,52.399475,6081.081081081081,1032
"Bakkumstraat 4, Amsterdam",1024 VX,300000.0,78,4,4.954641,52.394724,3846.153846153846,1024
"Narva-eiland 171, Amsterdam",1014 ZJ,475000.0,61,3,4.881701,52.393538,7786.88524590164,1014
"Pretoriusstraat 22 1, Amsterdam",1092 GG,399000.0,66,4,4.925631,52.356012,6045.454545454545,1092
"Parnassusweg 29 I, Amsterdam",1077 DC,790000.0,109,5,4.867865,52.345104,7247.706422018348,1077
"Slatuinenweg 21, Amsterdam",1057 KA,650000.0,77,3,4.863394,52.36954,8441.558441558442,1057
"Jan Ligthartstraat 19, Amsterdam",1068 PA,375000.0,96,4,4.806801,52.352919,3906.25,1068
"Van Oldenbarneveldtstraat 66 1, Amsterdam",1052 KD,365000.0,47,2,4.874125,52.374854,7765.95744680851,1052
"Carry Pothuis-Smitstraat 28, Amsterdam",1069 RC,210000.0,47,2,4.797085,52.353976,4468.085106382979,1069
"Ruimzicht 130, Amsterdam",1068 CS,269000.0,55,2,4.808183,52.361977,4890.909090909091,1068
"Nachtwachtlaan 167, Amsterdam",1058 EE,570000.0,96,4,4.843132,52.360049,5937.5,1058
"Warmoesstraat 16 M, Amsterdam",1012 JD,785000.0,112,3,4.899032,52.376065,7008.928571428572,1012
"Oostelijke Handelskade 1155, Amsterdam",1019 DN,500000.0,93,3,4.938017,52.373868,5376.344086021505,1019
"Vechtstraat 180 I, Amsterdam",1079 JW,400000.0,53,3,4.907895,52.341373,7547.169811320755,1079
"Leiduinstraat 18 I, Amsterdam",1058 SJ,425000.0,55,3,4.846708,52.353775,7727.272727272727,1058
"Poeldijkstraat 269, Amsterdam",1059 VL,700000.0,106,3,4.844918,52.349996,6603.773584905661,1059
"Burgemeester Cramergracht 91, Amsterdam",1064 AH,350000.0,75,3,4.832782,52.373345,4666.666666666667,1064
"Olympiaweg 58 III, Amsterdam",1076 XB,360000.0,42,3,4.86139,52.347835,8571.42857142857,1076
"Geldersekade 11 II, Amsterdam",1011 EH,512000.0,64,2,4.902531,52.37572,8000.0,1011
"Van Ostadestraat 365 I, Amsterdam",1074 VW,375000.0,45,2,4.90341,52.354369,8333.333333333334,1074
"Javakade 144, Amsterdam",1019 RW,750000.0,118,4,4.930455,52.377871,6355.932203389831,1019
"Gouden Leeuw 347, Amsterdam",1103 KH,237000.0,53,3,4.974395,52.324322,4471.698113207547,1103
"Van Ostadestraat 58 1H, Amsterdam",1072 TA,375000.0,45,2,4.888718,52.351656,8333.333333333334,1072
"Zandstraat 5 hs, Amsterdam",1011 HJ,560000.0,80,2,4.898846,52.370303,7000.0,1011
"Willem Kraanstraat 80, Amsterdam",1063 ML,250000.0,48,3,4.823887,52.38063,5208.333333333333,1063
"Nieuwevaartweg, Amsterdam",1019 AL,650000.0,87,4,4.95437552819149,52.3679823,7471.264367816092,1019
"Levantplein 9, Amsterdam",1019 MA,1450000.0,273,5,4.942112,52.376819,5311.355311355312,1019
"Mandarijnenstraat 60 H, Amsterdam",1033 LG,275000.0,40,2,4.898299,52.40928,6875.0,1033
"Antillenstraat 25 III, Amsterdam",1058 GX,550000.0,81,5,4.850743,52.359283,6790.123456790124,1058
"Ekingenstraat 272, Amsterdam",1069 GZ,349000.0,82,4,4.797681,52.354375,4256.09756097561,1069
"Jan van Duivenvoordestraat 85 2, Amsterdam",1067 MT,350000.0,92,3,4.802582,52.379007,3804.3478260869565,1067
"Droogbak 6 B, Amsterdam",1013 GE,575000.0,80,3,4.893865,52.379863,7187.5,1013
"Beulingstraat 6 A, Amsterdam",1017 BA,1000000.0,120,3,4.887462,52.368027,8333.333333333334,1017
"Het Breed 617, Amsterdam",1025 HW,398000.0,102,3,4.93924,52.396527,3901.9607843137255,1025
"Tielstraat 31, Amsterdam",1107 PZ,280000.0,82,3,4.968223,52.291672,3414.6341463414633,1107
"Akbarstraat 16 D, Amsterdam",1061 EA,350000.0,58,3,4.841738,52.378934,6034.482758620689,1061
"Haparandaweg 932 A, Amsterdam",1013 BD,500000.0,76,3,4.878134,52.395229,6578.9473684210525,1013
"Van der Palmkade 116, Amsterdam",1051 RH,615000.0,95,4,4.8722593,52.379951,6473.684210526316,1051
"Haringbuisdijk 14, Amsterdam",1086 VA,575000.0,128,4,4.90981909560303,52.3686532505277,4492.1875,1086
"Brouwersgracht 172 A, Amsterdam",1013 HB,275000.0,31,2,4.888065,52.381025,8870.967741935483,1013
"Cliffordstraat 3 3, Amsterdam",1051 GP,644900.0,92,3,4.873124,52.383918,7009.782608695652,1051
"Kanaalstraat 100 G, Amsterdam",1054 XL,199000.0,21,1,4.862992,52.362176,9476.190476190477,1054
"Saxen-Weimarlaan 22 2, Amsterdam",1075 CB,685000.0,80,3,4.856566,52.353584,8562.5,1075
"Lauriergracht 89, Amsterdam",1016 RJ,1300000.0,139,5,4.879252,52.370823,9352.51798561151,1016
"Faas Wilkesstraat 357, Amsterdam",1095 MD,540000.0,94,3,4.969506,52.372583,5744.68085106383,1095
"Praterlaan 8, Amsterdam",1098 WR,475000.0,96,4,4.952066,52.344595,4947.916666666667,1098
"Langswater 576, Amsterdam",1069 EE,245000.0,61,3,4.788481,52.357145,4016.3934426229507,1069
"Buiksloterweg 99, Amsterdam",1031 CJ,1250000.0,180,9,4.914882,52.388128,6944.444444444444,1031
"Geldersekade 37 II, Amsterdam",1011 EJ,695000.0,96,3,4.902359,52.37536,7239.583333333333,1011
"Quashibastraat, Amsterdam",1087 VS,348738.0,79,4,5.0165552,52.3505131,4414.405063291139,1087
"Quashibastraat, Amsterdam",1087 VS,348738.0,79,4,5.0165552,52.3505131,4414.405063291139,1087
"Valeriusstraat 193, Amsterdam",1075 EW,1698000.0,205,5,4.860637,52.351894,8282.926829268292,1075
"Tussen Meer 230, Amsterdam",1069 DW,275000.0,84,4,4.790574,52.356342,3273.809523809524,1069
"Willem Kraanstraat 38, Amsterdam",1063 MG,375000.0,118,4,4.82399,52.380639,3177.9661016949153,1063
"Bastenakenstraat 122, Amsterdam",1066 JG,675000.0,129,4,4.819965,52.343878,5232.558139534884,1066
"Hagedoornplein 24, Amsterdam",1031 BV,849000.0,111,5,4.91369,52.38816,7648.648648648648,1031
"Bos en Lommerweg 356, Amsterdam",1061 DJ,539000.0,108,4,4.838534,52.379072,4990.740740740741,1061
"Eerste Looiersdwarsstraat 10 B, Amsterdam",1016 VM,525000.0,59,4,4.880977,52.368961,8898.305084745763,1016
"Kromme Waal 18, Amsterdam",1011 BS,1500000.0,194,9,4.902614,52.374848,7731.958762886598,1011
"Ringdijk, Amsterdam",1097 AE,295000.0,41,1,4.927757,52.354173,7195.121951219512,1097
"Ringdijk, Amsterdam",1097 AE,750000.0,117,1,4.927757,52.354173,6410.25641025641,1097
"Kleine Beerstraat 31, Amsterdam",1033 CP,350000.0,72,3,4.890612,52.414587,4861.111111111111,1033
"Stuyvesantstraat 33 II, Amsterdam",1058 AK,350000.0,51,3,4.856935,52.363256,6862.745098039216,1058
"John Blankensteinstraat 51, Amsterdam",1095 MB,599000.0,113,4,4.965731,52.375268,5300.884955752213,1095
"S. F. van Ossstraat 334, Amsterdam",1068 JS,300000.0,79,4,4.810678,52.355493,3797.46835443038,1068
