"country","year","rd"
"Albania",2007,0.087569996714592
"Albania",2008,0.154119998216629
"Algeria",2001,0.230279996991158
"Algeria",2002,0.366400003433228
"Algeria",2003,0.196229994297028
"Algeria",2004,0.163570001721382
"Algeria",2005,0.066040001809597
"Algeria",2017,0.534319996833801
"American Samoa",2003,0.187869995832443
"American Samoa",2004,0.325280010700226
"American Samoa",2005,0.366919994354248
"American Samoa",2006,0.395520001649857
"Angola",2016,0.0322900004684925
"Argentina",1996,0.417490005493164
"Argentina",1997,0.419589996337891
"Argentina",1998,0.411309987306595
"Argentina",1999,0.453370004892349
"Argentina",2000,0.438840001821518
"Argentina",2001,0.424609988927841
"Argentina",2002,0.388859987258911
"Argentina",2003,0.410129994153976
"Argentina",2004,0.403759986162186
"Argentina",2005,0.420740008354187
"Argentina",2006,0.452160000801086
"Argentina",2007,0.460070013999939
"Argentina",2008,0.470550000667572
"Argentina",2009,0.583980023860931
"Argentina",2010,0.561039984226227
"Argentina",2011,0.565970003604889
"Argentina",2012,0.634909987449646
"Argentina",2013,0.618489980697632
"Argentina",2014,0.593959987163544
"Argentina",2015,0.622619986534119
"Argentina",2016,0.558149993419647
"Argentina",2017,0.556309998035431
"Argentina",2018,0.494349986314774
"Argentina",2019,0.478130012750626
"Armenia",1997,0.186920002102852
"Armenia",1998,0.226009994745255
"Armenia",1999,0.214000001549721
"Armenia",2000,0.1910600066185
"Armenia",2001,0.279870003461838
"Armenia",2002,0.252550005912781
"Armenia",2003,0.321090012788773
"Armenia",2004,0.256590008735657
"Armenia",2005,0.257609993219376
"Armenia",2006,0.240569993853569
"Armenia",2007,0.211070001125336
"Armenia",2008,0.224380001425743
"Armenia",2009,0.29093000292778
"Armenia",2010,0.241390004754066
"Armenia",2011,0.270139992237091
"Armenia",2012,0.238529995083809
"Armenia",2013,0.222159996628761
"Armenia",2014,0.241510003805161
"Armenia",2015,0.250019997358322
"Armenia",2016,0.233050003647804
"Armenia",2017,0.227880001068115
"Armenia",2018,0.188759997487068
"Armenia",2019,0.178540006279945
"Australia",1996,1.66231000423431
"Australia",1998,1.5135600566864
"Australia",2000,1.5731999874115
"Australia",2002,1.74749004840851
"Australia",2004,1.84902000427246
"Australia",2006,2.18010997772217
"Australia",2008,2.39995002746582
"Australia",2010,2.37074995040894
"Australia",2011,2.23483991622925
"Australia",2013,2.17843008041382
"Australia",2015,1.92070996761322
"Australia",2017,1.87977004051208
"Australia",2019,1.82892000675201
"Austria",1996,1.58077001571655
"Austria",1997,1.65490996837616
"Austria",1998,1.73154997825623
"Austria",1999,1.845370054245
"Austria",2000,1.88601994514465
"Austria",2001,1.99210000038147
"Austria",2002,2.06597995758057
"Austria",2003,2.17456007003784
"Austria",2004,2.16612005233765
"Austria",2005,2.37323999404907
"Austria",2006,2.35923004150391
"Austria",2007,2.41843008995056
"Austria",2008,2.56944990158081
"Austria",2009,2.59674000740051
"Austria",2010,2.72609996795654
"Austria",2011,2.66867995262146
"Austria",2012,2.91472005844116
"Austria",2013,2.95492005348206
"Austria",2014,3.08429002761841
"Austria",2015,3.04969000816345
"Austria",2016,3.11654996871948
"Austria",2017,3.05656003952026
"Austria",2018,3.09178996086121
"Austria",2019,3.13246989250183
"Azerbaijan",1996,0.235330000519753
"Azerbaijan",1997,0.369500011205673
"Azerbaijan",1998,0.421249985694885
"Azerbaijan",1999,0.392890006303787
"Azerbaijan",2000,0.335999995470047
"Azerbaijan",2001,0.340009987354279
"Azerbaijan",2002,0.301550000905991
"Azerbaijan",2003,0.324959993362427
"Azerbaijan",2004,0.29831001162529
"Azerbaijan",2005,0.219940006732941
"Azerbaijan",2006,0.171650007367134
"Azerbaijan",2007,0.170059993863106
"Azerbaijan",2008,0.165539994835854
"Azerbaijan",2009,0.249760001897812
"Azerbaijan",2010,0.218480005860329
"Azerbaijan",2011,0.210840001702309
"Azerbaijan",2012,0.214269995689392
"Azerbaijan",2013,0.209690004587173
"Azerbaijan",2014,0.209779992699623
"Azerbaijan",2015,0.222320005297661
"Azerbaijan",2016,0.206369996070862
"Azerbaijan",2017,0.184679999947548
"Azerbaijan",2018,0.184159994125366
"Azerbaijan",2019,0.200130000710487
"Bahrain",2014,0.101159997284412
"Belarus",1996,0.998520016670227
"Belarus",1997,0.730000019073486
"Belarus",1998,0.705780029296875
"Belarus",1999,0.845229983329773
"Belarus",2000,0.722100019454956
"Belarus",2001,0.708760023117065
"Belarus",2002,0.620899975299835
"Belarus",2003,0.611469984054565
"Belarus",2004,0.627590000629425
"Belarus",2005,0.678520023822784
"Belarus",2006,0.660650014877319
"Belarus",2007,0.962029993534088
"Belarus",2008,0.741469979286194
"Belarus",2009,0.621670007705688
"Belarus",2010,0.669130027294159
"Belarus",2011,0.677600026130676
"Belarus",2012,0.646030008792877
"Belarus",2013,0.651910006999969
"Belarus",2014,0.505479991436005
"Belarus",2015,0.499989986419678
"Belarus",2016,0.500630021095276
"Belarus",2017,0.584110021591187
"Belarus",2018,0.604430019855499
"Belarus",2019,0.577329993247986
"Belgium",1996,1.74299001693726
"Belgium",1997,1.80971002578735
"Belgium",1998,1.838250041008
"Belgium",1999,1.90565001964569
"Belgium",2000,1.93619000911713
"Belgium",2001,2.03278994560242
"Belgium",2002,1.90324997901917
"Belgium",2003,1.8411899805069
"Belgium",2004,1.82050001621246
"Belgium",2005,1.79060995578766
"Belgium",2006,1.8226900100708
"Belgium",2007,1.84999001026154
"Belgium",2008,1.93684005737305
"Belgium",2009,1.99860000610352
"Belgium",2010,2.06188011169434
"Belgium",2011,2.17332005500793
"Belgium",2012,2.28114008903503
"Belgium",2013,2.33072996139526
"Belgium",2014,2.37001991271973
"Belgium",2015,2.42816996574402
"Belgium",2016,2.52338004112244
"Belgium",2017,2.66666007041931
"Belgium",2018,2.86017990112305
"Belgium",2019,3.15681004524231
"Bermuda",1997,0.0588500015437603
"Bermuda",2007,0.160260006785393
"Bermuda",2008,0.1684799939394
"Bermuda",2009,0.182349994778633
"Bermuda",2010,0.180500000715256
"Bermuda",2011,0.261949986219406
"Bermuda",2012,0.233549997210503
"Bermuda",2013,0.196299999952316
"Bermuda",2014,0.190830007195473
"Bermuda",2015,0.195069998502731
"Bermuda",2018,0.22851000726223
"Bermuda",2019,0.264510005712509
"Bolivia",1996,0.325439989566803
"Bolivia",1997,0.315770000219345
"Bolivia",1998,0.294950008392334
"Bolivia",1999,0.298359990119934
"Bolivia",2000,0.287440001964569
"Bolivia",2001,0.293579995632172
"Bolivia",2002,0.276630014181137
"Bolivia",2009,0.157000005245209
"Bosnia and Herzegovina",2003,0.0182600002735853
"Bosnia and Herzegovina",2004,0.0159000009298325
"Bosnia and Herzegovina",2005,0.0269699990749359
"Bosnia and Herzegovina",2006,0.0196899995207787
"Bosnia and Herzegovina",2007,0.0252100005745888
"Bosnia and Herzegovina",2008,0.0184199996292591
"Bosnia and Herzegovina",2009,0.021059999242425
"Bosnia and Herzegovina",2012,0.265329986810684
"Bosnia and Herzegovina",2013,0.321319997310638
"Bosnia and Herzegovina",2014,0.257250010967255
"Bosnia and Herzegovina",2015,0.218600004911423
"Bosnia and Herzegovina",2016,0.215939998626709
"Bosnia and Herzegovina",2017,0.200479999184608
"Bosnia and Herzegovina",2018,0.194849997758865
"Bosnia and Herzegovina",2019,0.192640006542206
"Botswana",2005,0.532859981060028
"Botswana",2012,0.26758998632431
"Botswana",2013,0.560999989509583
"Brazil",2000,1.04751002788544
"Brazil",2001,1.06198000907898
"Brazil",2002,1.0096800327301
"Brazil",2003,0.999390006065369
"Brazil",2004,0.963429987430573
"Brazil",2005,1.00246000289917
"Brazil",2006,0.988070011138916
"Brazil",2007,1.08138000965118
"Brazil",2008,1.12904000282288
"Brazil",2009,1.11865997314453
"Brazil",2010,1.15991997718811
"Brazil",2011,1.13966000080109
"Brazil",2012,1.12683999538422
"Brazil",2013,1.19567000865936
"Brazil",2014,1.26970994472504
"Brazil",2015,1.37092995643616
"Brazil",2016,1.28637003898621
"Brazil",2017,1.11749994754791
"Brazil",2018,1.16769003868103
"Brazil",2019,1.21096003055573
"Brunei Darussalam",2002,0.0159200001507998
"Brunei Darussalam",2003,0.0184199996292591
"Brunei Darussalam",2004,0.0370099991559982
"Brunei Darussalam",2018,0.277630001306534
"Bulgaria",1996,0.418260008096695
"Bulgaria",1997,0.465479999780655
"Bulgaria",1998,0.482230007648468
"Bulgaria",1999,0.536880016326904
"Bulgaria",2000,0.495169997215271
"Bulgaria",2001,0.447089999914169
"Bulgaria",2002,0.464729994535446
"Bulgaria",2003,0.472220003604889
"Bulgaria",2004,0.470860004425049
"Bulgaria",2005,0.442690014839172
"Bulgaria",2006,0.44216001033783
"Bulgaria",2007,0.430029988288879
"Bulgaria",2008,0.447310000658035
"Bulgaria",2009,0.493380010128021
"Bulgaria",2010,0.563069999217987
"Bulgaria",2011,0.529510021209717
"Bulgaria",2012,0.600359976291656
"Bulgaria",2013,0.634329974651337
"Bulgaria",2014,0.790050029754639
"Bulgaria",2015,0.949169993400574
"Bulgaria",2016,0.769760012626648
"Bulgaria",2017,0.739950001239777
"Bulgaria",2018,0.753790020942688
"Bulgaria",2019,0.832360029220581
"Burkina Faso",1996,0.158340007066727
"Burkina Faso",1997,0.18104000389576
"Burkina Faso",2001,0.168160006403923
"Burkina Faso",2002,0.301109999418259
"Burkina Faso",2003,0.241119995713234
"Burkina Faso",2004,0.215139999985695
"Burkina Faso",2005,0.151659995317459
"Burkina Faso",2007,0.098360002040863
"Burkina Faso",2008,0.165680006146431
"Burkina Faso",2009,0.177870005369186
"Burkina Faso",2014,0.197190001606941
"Burkina Faso",2017,0.613610029220581
"Burkina Faso",2019,0.172780007123947
"Burundi",2007,0.200680002570152
"Burundi",2008,0.154170006513596
"Burundi",2009,0.140959993004799
"Burundi",2010,0.137189999222755
"Burundi",2012,0.107019998133183
"Burundi",2018,0.213119998574257
"Cabo Verde",2011,0.0726400017738342
"Cambodia",2002,0.0498000010848045
"Cambodia",2015,0.118230000138283
"Canada",1996,1.61208999156952
"Canada",1997,1.61386001110077
"Canada",1998,1.71051001548767
"Canada",1999,1.74985003471375
"Canada",2000,1.85847997665405
"Canada",2001,2.02116990089417
"Canada",2002,1.97170996665955
"Canada",2003,1.96781003475189
"Canada",2004,1.99733996391296
"Canada",2005,1.97126996517181
"Canada",2006,1.94304001331329
"Canada",2007,1.90357995033264
"Canada",2008,1.85578000545502
"Canada",2009,1.9174200296402
"Canada",2010,1.82527995109558
"Canada",2011,1.78714001178741
"Canada",2012,1.77232003211975
"Canada",2013,1.70539999008179
"Canada",2014,1.71416997909546
"Canada",2015,1.69324004650116
"Canada",2016,1.72872996330261
"Canada",2017,1.68579995632172
"Canada",2018,1.6757800579071
"Canada",2019,1.59123003482819
"Chad",2016,0.300500005483627
"Chile",2007,0.311430007219315
"Chile",2008,0.374920010566711
"Chile",2009,0.354030013084412
"Chile",2010,0.331649988889694
"Chile",2011,0.352880001068115
"Chile",2012,0.362129986286163
"Chile",2013,0.390300005674362
"Chile",2014,0.376679986715317
"Chile",2015,0.382959991693497
"Chile",2016,0.371030002832413
"Chile",2017,0.356790006160736
"Chile",2018,0.369159996509552
"Chile",2019,0.341930001974106
"China",1996,0.563239991664886
"China",1997,0.638729989528656
"China",1998,0.646889984607697
"China",1999,0.749629974365234
"China",2000,0.893159985542297
"China",2001,0.940330028533936
"China",2002,1.05786001682281
"China",2003,1.12037003040314
"China",2004,1.21498000621796
"China",2005,1.30791997909546
"China",2006,1.36854004859924
"China",2007,1.37369000911713
"China",2008,1.44591999053955
"China",2009,1.66480004787445
"China",2010,1.7137199640274
"China",2011,1.78033995628357
"China",2012,1.91214001178741
"China",2013,1.99785995483398
"China",2014,2.02242994308472
"China",2015,2.05700993537903
"China",2016,2.10033011436462
"China",2017,2.11602997779846
"China",2018,2.14057993888855
"China",2019,2.2446300983429
"Colombia",1996,0.299230009317398
"Colombia",1997,0.273660004138947
"Colombia",2000,0.131060004234314
"Colombia",2001,0.13289999961853
"Colombia",2002,0.155589997768402
"Colombia",2003,0.173979997634888
"Colombia",2004,0.169640004634857
"Colombia",2005,0.165570005774498
"Colombia",2006,0.164269998669624
"Colombia",2007,0.183070003986359
"Colombia",2008,0.195409998297691
"Colombia",2009,0.193509995937347
"Colombia",2010,0.193580001592636
"Colombia",2011,0.198420003056526
"Colombia",2012,0.221159994602203
"Colombia",2013,0.257609993219376
"Colombia",2014,0.303169995546341
"Colombia",2015,0.365420013666153
"Colombia",2016,0.270509988069534
"Colombia",2017,0.261090010404587
"Colombia",2018,0.312330007553101
"Colombia",2019,0.322010010480881
"Congo, Dem. Rep.",2004,0.267769992351532
"Congo, Dem. Rep.",2005,0.0579899996519089
"Congo, Dem. Rep.",2006,0.0604400001466274
"Congo, Dem. Rep.",2007,0.136089995503426
"Congo, Dem. Rep.",2008,0.0825299993157387
"Congo, Dem. Rep.",2009,0.0782200023531914
"Congo, Dem. Rep.",2015,0.406379997730255
"Costa Rica",1996,0.302210003137589
"Costa Rica",1997,0.29569000005722
"Costa Rica",1998,0.265260010957718
"Costa Rica",1999,0.367590010166168
"Costa Rica",2000,0.411350011825562
"Costa Rica",2003,0.361900001764297
"Costa Rica",2004,0.372880011796951
"Costa Rica",2006,0.426930010318756
"Costa Rica",2007,0.356550008058548
"Costa Rica",2008,0.385930001735687
"Costa Rica",2009,0.517180025577545
"Costa Rica",2010,0.479900002479553
"Costa Rica",2011,0.462350010871887
"Costa Rica",2012,0.547129988670349
"Costa Rica",2013,0.542530000209808
"Costa Rica",2014,0.556270003318787
"Costa Rica",2015,0.436650007963181
"Costa Rica",2016,0.443349987268448
"Costa Rica",2017,0.425870001316071
"Costa Rica",2018,0.3714399933815
"Cote d'Ivoire",2016,0.0703999996185303
"Croatia",1999,0.831789970397949
"Croatia",2000,1.04250001907349
"Croatia",2001,0.917620003223419
"Croatia",2002,0.940869987010956
"Croatia",2003,0.940689980983734
"Croatia",2004,1.02002000808716
"Croatia",2005,0.847760021686554
"Croatia",2006,0.733129978179932
"Croatia",2007,0.784929990768433
"Croatia",2008,0.878009974956512
"Croatia",2009,0.835070013999939
"Croatia",2010,0.732339978218079
"Croatia",2011,0.738470017910004
"Croatia",2012,0.739560008049011
"Croatia",2013,0.79816997051239
"Croatia",2014,0.772589981555939
"Croatia",2015,0.828159987926483
"Croatia",2016,0.849950015544891
"Croatia",2017,0.847270011901855
"Croatia",2018,0.951250016689301
"Croatia",2019,1.07963001728058
"Cuba",1996,0.347359985113144
"Cuba",1997,0.401719987392426
"Cuba",1998,0.501240015029907
"Cuba",1999,0.458319991827011
"Cuba",2000,0.478650003671646
"Cuba",2001,0.565299987792969
"Cuba",2002,0.564450025558472
"Cuba",2003,0.582430005073547
"Cuba",2004,0.602310001850128
"Cuba",2005,0.549199998378754
"Cuba",2006,0.441390007734299
"Cuba",2007,0.436150014400482
"Cuba",2008,0.500609993934631
"Cuba",2009,0.614849984645844
"Cuba",2010,0.6076700091362
"Cuba",2011,0.271919995546341
"Cuba",2012,0.407160013914108
"Cuba",2013,0.474669992923737
"Cuba",2014,0.415960013866425
"Cuba",2015,0.428539991378784
"Cuba",2016,0.34222999215126
"Cuba",2017,0.430660009384155
"Cuba",2018,0.536909997463226
"Cuba",2019,0.553080022335052
"Cyprus",1998,0.203309997916222
"Cyprus",1999,0.218060001730919
"Cyprus",2000,0.226899996399879
"Cyprus",2001,0.236939996480942
"Cyprus",2002,0.279670000076294
"Cyprus",2003,0.318340003490448
"Cyprus",2004,0.335640013217926
"Cyprus",2005,0.367269992828369
"Cyprus",2006,0.383459985256195
"Cyprus",2007,0.400070011615753
"Cyprus",2008,0.385939985513687
"Cyprus",2009,0.444370001554489
"Cyprus",2010,0.442919999361038
"Cyprus",2011,0.452630013227463
"Cyprus",2012,0.437649995088577
"Cyprus",2013,0.484849989414215
"Cyprus",2014,0.512049973011017
"Cyprus",2015,0.47529000043869
"Cyprus",2016,0.519699990749359
"Cyprus",2017,0.542590022087097
"Cyprus",2018,0.614049971103668
"Cyprus",2019,0.709500014781952
"Czechia",1996,0.889119982719421
"Czechia",1997,0.988189995288849
"Czechia",1998,1.06022000312805
"Czechia",1999,1.04956996440887
"Czechia",2000,1.10996997356415
"Czechia",2001,1.09870994091034
"Czechia",2002,1.09818994998932
"Czechia",2003,1.14209997653961
"Czechia",2004,1.13935005664825
"Czechia",2005,1.16100001335144
"Czechia",2006,1.22541999816895
"Czechia",2007,1.29571998119354
"Czechia",2008,1.23357999324799
"Czechia",2009,1.28656005859375
"Czechia",2010,1.32669997215271
"Czechia",2011,1.54477000236511
"Czechia",2012,1.76967000961304
"Czechia",2013,1.87924003601074
"Czechia",2014,1.95833003520966
"Czechia",2015,1.91689002513885
"Czechia",2016,1.67002999782562
"Czechia",2017,1.76855003833771
"Czechia",2018,1.89906001091003
"Czechia",2019,1.92734003067017
"Denmark",1996,1.80666995048523
"Denmark",1997,1.88914000988007
"Denmark",1998,2.00619006156921
"Denmark",1999,2.12764000892639
"Denmark",2000,2.18619990348816
"Denmark",2001,2.32466006278992
"Denmark",2002,2.44145011901855
"Denmark",2003,2.51084995269775
"Denmark",2004,2.41915988922119
"Denmark",2005,2.3933699131012
"Denmark",2006,2.40300011634827
"Denmark",2007,2.51540994644165
"Denmark",2008,2.77345991134644
"Denmark",2009,3.05514001846313
"Denmark",2010,2.91706991195679
"Denmark",2011,2.94464993476868
"Denmark",2012,2.98125004768372
"Denmark",2013,2.97047996520996
"Denmark",2014,2.9140899181366
"Denmark",2015,3.05497002601624
"Denmark",2016,3.09282994270325
"Denmark",2017,2.93124008178711
"Denmark",2018,2.96602988243103
"Denmark",2019,2.89685010910034
"Ecuador",1996,0.0740600004792213
"Ecuador",1997,0.0626299977302551
"Ecuador",1998,0.0651699975132942
"Ecuador",2001,0.0515000000596046
"Ecuador",2002,0.0553399994969368
"Ecuador",2003,0.0573499985039234
"Ecuador",2006,0.128629997372627
"Ecuador",2007,0.131940007209778
"Ecuador",2008,0.227789998054504
"Ecuador",2009,0.394630014896393
"Ecuador",2010,0.402969986200333
"Ecuador",2011,0.339910000562668
"Ecuador",2012,0.332359999418259
"Ecuador",2013,0.379900008440018
"Ecuador",2014,0.442660003900528
"Egypt, Arab Rep.",1996,0.212599992752075
"Egypt, Arab Rep.",1997,0.197559997439384
"Egypt, Arab Rep.",1998,0.199100002646446
"Egypt, Arab Rep.",1999,0.186509996652603
"Egypt, Arab Rep.",2000,0.192469999194145
"Egypt, Arab Rep.",2004,0.269939988851547
"Egypt, Arab Rep.",2005,0.241410002112389
"Egypt, Arab Rep.",2006,0.259030014276505
"Egypt, Arab Rep.",2007,0.255100011825562
"Egypt, Arab Rep.",2008,0.270240008831024
"Egypt, Arab Rep.",2009,0.433120012283325
"Egypt, Arab Rep.",2010,0.433450013399124
"Egypt, Arab Rep.",2011,0.531539976596832
"Egypt, Arab Rep.",2012,0.508989989757538
"Egypt, Arab Rep.",2013,0.638949990272522
"Egypt, Arab Rep.",2014,0.636489987373352
"Egypt, Arab Rep.",2015,0.718580007553101
"Egypt, Arab Rep.",2016,0.708480000495911
"Egypt, Arab Rep.",2017,0.679409980773926
"Egypt, Arab Rep.",2018,0.723879992961884
"Egypt, Arab Rep.",2019,0.837149977684021
"El Salvador",1998,0.0881799980998039
"El Salvador",2007,0.105599999427795
"El Salvador",2008,0.133990004658699
"El Salvador",2009,0.0908999964594841
"El Salvador",2010,0.0780600011348724
"El Salvador",2011,0.0355000011622906
"El Salvador",2012,0.0339699983596802
"El Salvador",2013,0.0638699978590012
"El Salvador",2014,0.0937699973583221
"El Salvador",2015,0.143480002880096
"El Salvador",2016,0.144930005073547
"El Salvador",2017,0.180779993534088
"El Salvador",2018,0.165309995412827
"El Salvador",2019,0.174769997596741
"Estonia",1998,0.565010011196136
"Estonia",1999,0.677079975605011
"Estonia",2000,0.600000023841858
"Estonia",2001,0.698390007019043
"Estonia",2002,0.712029993534088
"Estonia",2003,0.764649987220764
"Estonia",2004,0.845839977264404
"Estonia",2005,0.917050004005432
"Estonia",2006,1.11276996135712
"Estonia",2007,1.05874001979828
"Estonia",2008,1.25188004970551
"Estonia",2009,1.39679002761841
"Estonia",2010,1.57898998260498
"Estonia",2011,2.30521988868713
"Estonia",2012,2.12480998039246
"Estonia",2013,1.72412002086639
"Estonia",2014,1.43023002147675
"Estonia",2015,1.46749997138977
"Estonia",2016,1.24305999279022
"Estonia",2017,1.27684998512268
"Estonia",2018,1.40998995304108
"Estonia",2019,1.63145995140076
"Eswatini",2015,0.267540007829666
"Ethiopia",2005,0.179169997572899
"Ethiopia",2007,0.170890003442764
"Ethiopia",2010,0.241370007395744
"Ethiopia",2013,0.604740023612976
"Ethiopia",2017,0.274370014667511
"Faroe Islands",2003,0.852530002593994
"Finland",1996,2.45255994796753
"Finland",1997,2.62157988548279
"Finland",1998,2.78442001342773
"Finland",1999,3.0561900138855
"Finland",2000,3.24137997627258
"Finland",2001,3.19372010231018
"Finland",2002,3.25307989120483
"Finland",2003,3.29821991920471
"Finland",2004,3.30907011032104
"Finland",2005,3.32369995117188
"Finland",2006,3.33214998245239
"Finland",2007,3.33703994750977
"Finland",2008,3.53696990013123
"Finland",2009,3.73401999473572
"Finland",2010,3.70531988143921
"Finland",2011,3.61806011199951
"Finland",2012,3.3983199596405
"Finland",2013,3.27136993408203
"Finland",2014,3.14751005172729
"Finland",2015,2.87195992469788
"Finland",2016,2.72442007064819
"Finland",2017,2.72786998748779
"Finland",2018,2.75748991966248
"Finland",2019,2.79960989952087
"France",1996,2.2228000164032
"France",1997,2.14699006080627
"France",1998,2.09475994110107
"France",1999,2.10767006874084
"France",2000,2.09346008300781
"France",2001,2.13804006576538
"France",2002,2.17448997497559
"France",2003,2.11994004249573
"France",2004,2.09460997581482
"France",2005,2.05151009559631
"France",2006,2.05094003677368
"France",2007,2.0245099067688
"France",2008,2.06117010116577
"France",2009,2.21206998825073
"France",2010,2.17857003211975
"France",2011,2.19161009788513
"France",2012,2.22707009315491
"France",2013,2.23703002929688
"France",2014,2.27591991424561
"France",2015,2.2270200252533
"France",2016,2.22237992286682
"France",2017,2.1988799571991
"France",2018,2.19666004180908
"France",2019,2.19179010391235
"Gabon",2007,0.416330009698868
"Gabon",2008,0.510900020599365
"Gabon",2009,0.579240024089813
"Gambia, The",2008,0.0126099996268749
"Gambia, The",2009,0.0108599998056889
"Gambia, The",2011,0.0847999975085258
"Gambia, The",2018,0.0693299993872643
"Georgia",1996,0.330879986286163
"Georgia",1997,0.342400014400482
"Georgia",1998,0.353839993476868
"Georgia",1999,0.287690013647079
"Georgia",2000,0.215299993753433
"Georgia",2001,0.238480001688004
"Georgia",2002,0.185739994049072
"Georgia",2003,0.217600002884865
"Georgia",2004,0.244200006127357
"Georgia",2005,0.176579996943474
"Georgia",2013,0.0785600021481514
"Georgia",2014,0.173179998993874
"Georgia",2015,0.299279987812042
"Georgia",2016,0.285860002040863
"Georgia",2017,0.270229995250702
"Georgia",2018,0.280519992113113
"Georgia",2019,0.284680008888245
"Germany",1996,2.1446099281311
"Germany",1997,2.18831992149353
"Germany",1998,2.21613001823425
"Germany",1999,2.34779000282288
"Germany",2000,2.40982007980347
"Germany",2001,2.40437006950378
"Germany",2002,2.4362199306488
"Germany",2003,2.47461009025574
"Germany",2004,2.43518996238708
"Germany",2005,2.44193005561829
"Germany",2006,2.47232007980347
"Germany",2007,2.4604799747467
"Germany",2008,2.61512994766235
"Germany",2009,2.74266004562378
"Germany",2010,2.73024010658264
"Germany",2011,2.80555009841919
"Germany",2012,2.88165998458862
"Germany",2013,2.8359899520874
"Germany",2014,2.87784004211426
"Germany",2015,2.9337899684906
"Germany",2016,2.94039011001587
"Germany",2017,3.04710006713867
"Germany",2018,3.11011004447937
"Germany",2019,3.16778993606567
"Ghana",2007,0.23157000541687
"Ghana",2010,0.376549988985062
"Greece",1997,0.429100006818771
"Greece",1999,0.568229973316193
"Greece",2001,0.559480011463165
"Greece",2003,0.546540021896362
"Greece",2004,0.527300000190735
"Greece",2005,0.578960001468658
"Greece",2006,0.561179995536804
"Greece",2007,0.576550006866455
"Greece",2008,0.661830008029938
"Greece",2009,0.625569999217987
"Greece",2010,0.603470027446747
"Greece",2011,0.684260010719299
"Greece",2012,0.710049986839294
"Greece",2013,0.814779996871948
"Greece",2014,0.839980006217957
"Greece",2015,0.966050028800964
"Greece",2016,1.00529003143311
"Greece",2017,1.15227997303009
"Greece",2018,1.21370995044708
"Greece",2019,1.27496004104614
"Greenland",2001,0.527409970760345
"Greenland",2002,0.556280016899109
"Greenland",2003,0.508040010929108
"Greenland",2004,0.646080017089844
"Guam",2003,0.26570001244545
"Guam",2004,0.25518000125885
"Guam",2005,0.256099998950958
"Guatemala",2005,0.0355600006878376
"Guatemala",2006,0.0500999987125397
"Guatemala",2007,0.0678199976682663
"Guatemala",2008,0.062899999320507
"Guatemala",2009,0.0562000013887882
"Guatemala",2010,0.0442100018262863
"Guatemala",2011,0.0489399991929531
"Guatemala",2012,0.0454300008714199
"Guatemala",2013,0.0391599982976913
"Guatemala",2014,0.0294899996370077
"Guatemala",2015,0.0306400004774332
"Guatemala",2016,0.0231100004166365
"Guatemala",2017,0.0295499991625547
"Guatemala",2018,0.0293799992650747
"Guatemala",2019,0.0264199990779161
"Honduras",2000,0.0445300005376339
"Honduras",2001,0.0383399985730648
"Honduras",2002,0.0418099984526634
"Honduras",2003,0.0421499982476234
"Honduras",2004,0.0415499992668629
"Honduras",2015,0.0149699999019504
"Honduras",2017,0.0399399995803833
"Honduras",2018,0.0639400035142899
"Honduras",2019,0.0594800002872944
"Hong Kong SAR, China",1998,0.428299993276596
"Hong Kong SAR, China",1999,0.457670003175735
"Hong Kong SAR, China",2000,0.46492999792099
"Hong Kong SAR, China",2001,0.536450028419495
"Hong Kong SAR, China",2002,0.581470012664795
"Hong Kong SAR, China",2003,0.68027001619339
"Hong Kong SAR, China",2004,0.721759974956512
"Hong Kong SAR, China",2005,0.773429989814758
"Hong Kong SAR, China",2006,0.794679999351501
"Hong Kong SAR, China",2007,0.751609981060028
"Hong Kong SAR, China",2008,0.71995997428894
"Hong Kong SAR, China",2009,0.773419976234436
"Hong Kong SAR, China",2010,0.749459981918335
"Hong Kong SAR, China",2011,0.720860004425049
"Hong Kong SAR, China",2012,0.727330029010773
"Hong Kong SAR, China",2013,0.730170011520386
"Hong Kong SAR, China",2014,0.740140020847321
"Hong Kong SAR, China",2015,0.761829972267151
"Hong Kong SAR, China",2016,0.791499972343445
"Hong Kong SAR, China",2017,0.835189998149872
"Hong Kong SAR, China",2018,0.863300025463104
"Hong Kong SAR, China",2019,0.92562997341156
"Hungary",1996,0.630270004272461
"Hungary",1997,0.698949992656708
"Hungary",1998,0.657109975814819
"Hungary",1999,0.671859979629517
"Hungary",2000,0.790960013866425
"Hungary",2001,0.913100004196167
"Hungary",2002,0.983550012111664
"Hungary",2003,0.91882997751236
"Hungary",2004,0.859899997711182
"Hungary",2005,0.919510006904602
"Hungary",2006,0.977400004863739
"Hungary",2007,0.954450011253357
"Hungary",2008,0.977569997310638
"Hungary",2009,1.12802004814148
"Hungary",2010,1.12864995002747
"Hungary",2011,1.17925000190735
"Hungary",2012,1.25423002243042
"Hungary",2013,1.38409996032715
"Hungary",2014,1.3445999622345
"Hungary",2015,1.33958995342255
"Hungary",2016,1.1798700094223
"Hungary",2017,1.3170200586319
"Hungary",2018,1.5077600479126
"Hungary",2019,1.47319996356964
"Iceland",1997,1.79807996749878
"Iceland",1998,1.95098996162415
"Iceland",1999,2.23505997657776
"Iceland",2000,2.5720100402832
"Iceland",2001,2.83989000320435
"Iceland",2002,2.82119989395142
"Iceland",2003,2.70549988746643
"Iceland",2005,2.67968988418579
"Iceland",2006,2.8526599407196
"Iceland",2007,2.53293991088867
"Iceland",2008,2.46413993835449
"Iceland",2009,2.59713006019592
"Iceland",2011,2.40367007255554
"Iceland",2013,1.69237995147705
"Iceland",2014,1.93615996837616
"Iceland",2015,2.18139004707336
"Iceland",2016,2.10980010032654
"Iceland",2017,2.08412003517151
"Iceland",2018,2.00042009353638
"Iceland",2019,2.32627010345459
"India",1996,0.639050006866455
"India",1997,0.686689972877502
"India",1998,0.703790009021759
"India",1999,0.724129974842072
"India",2000,0.756990015506744
"India",2001,0.735909998416901
"India",2002,0.725669980049133
"India",2003,0.719290018081665
"India",2004,0.756900012493134
"India",2005,0.824109971523285
"India",2006,0.804729998111725
"India",2007,0.805069983005524
"India",2008,0.858759999275208
"India",2009,0.833140015602112
"India",2010,0.788489997386932
"India",2011,0.755020022392273
"India",2013,0.706420004367828
"India",2014,0.701590001583099
"India",2015,0.693099975585938
"India",2016,0.669839978218079
"India",2017,0.666029989719391
"India",2018,0.655290007591248
"Indonesia",2000,0.0676899999380112
"Indonesia",2001,0.0475599989295006
"Indonesia",2009,0.0833199992775917
"Indonesia",2013,0.0847000032663345
"Indonesia",2016,0.245350003242493
"Indonesia",2017,0.238049998879433
"Indonesia",2018,0.226319998502731
"Indonesia",2019,0.271290004253387
"Iran, Islamic Rep.",2001,0.502179980278015
"Iran, Islamic Rep.",2002,0.495579987764359
"Iran, Islamic Rep.",2003,0.594839990139008
"Iran, Islamic Rep.",2004,0.504530012607574
"Iran, Islamic Rep.",2005,0.622839987277985
"Iran, Islamic Rep.",2006,0.559210002422333
"Iran, Islamic Rep.",2008,0.646470010280609
"Iran, Islamic Rep.",2009,0.272579997777939
"Iran, Islamic Rep.",2010,0.264420002698898
"Iran, Islamic Rep.",2012,0.294349998235703
"Iran, Islamic Rep.",2013,0.236010000109673
"Iran, Islamic Rep.",2015,0.393830001354218
"Iran, Islamic Rep.",2017,0.759829998016357
"Iran, Islamic Rep.",2019,0.788290023803711
"Iraq",2007,0.0455400012433529
"Iraq",2008,0.0343500003218651
"Iraq",2009,0.0456200018525124
"Iraq",2010,0.0368399992585182
"Iraq",2011,0.0347599983215332
"Iraq",2014,0.0383500009775162
"Iraq",2015,0.0401699990034103
"Iraq",2016,0.0373700000345707
"Iraq",2017,0.0459600016474724
"Iraq",2018,0.0427899993956089
"Iraq",2019,0.032660000026226
"Ireland",1996,1.27155995368958
"Ireland",1997,1.2427099943161
"Ireland",1998,1.20800995826721
"Ireland",1999,1.15140998363495
"Ireland",2000,1.08382999897003
"Ireland",2001,1.05193996429443
"Ireland",2002,1.05575001239777
"Ireland",2003,1.12434995174408
"Ireland",2004,1.1777800321579
"Ireland",2005,1.19196999073029
"Ireland",2006,1.19886994361877
"Ireland",2007,1.23407995700836
"Ireland",2008,1.39126002788544
"Ireland",2009,1.61371004581451
"Israel",1996,2.48850989341736
"Israel",1997,2.70895004272461
"Israel",1998,2.81870007514954
"Israel",1999,3.22512006759644
"Israel",2000,3.82651996612549
"Israel",2001,4.06440019607544
"Israel",2002,4.00063991546631
"Israel",2003,3.76453995704651
"Israel",2004,3.74903011322021
"Israel",2005,3.92282009124756
"Israel",2006,4.01997995376587
"Israel",2007,4.29998016357422
"Israel",2008,4.25511980056763
"Israel",2009,4.04515981674194
"Israel",2010,3.86329007148743
"Israel",2011,3.93520998954773
"Israel",2012,4.08052015304565
"Israel",2013,4.02599000930786
"Israel",2014,4.11061000823975
"Israel",2015,4.21463012695312
"Israel",2016,4.46776008605957
"Israel",2017,4.61817979812622
"Israel",2018,4.75778007507324
"Israel",2019,5.08190011978149
"Italy",1996,0.945900022983551
"Italy",1997,0.987689971923828
"Italy",1998,1.00487005710602
"Italy",1999,0.980650007724762
"Italy",2000,1.00364005565643
"Italy",2001,1.04069995880127
"Italy",2002,1.08124005794525
"Italy",2003,1.05894005298615
"Italy",2004,1.05025005340576
"Italy",2005,1.04435002803802
"Italy",2006,1.08401000499725
"Italy",2007,1.12899005413055
"Italy",2008,1.15971994400024
"Italy",2009,1.21786999702454
"Italy",2010,1.21797001361847
"Italy",2011,1.20155000686646
"Italy",2012,1.26218998432159
"Italy",2013,1.30106997489929
"Italy",2014,1.33840000629425
"Italy",2015,1.33850002288818
"Italy",2016,1.36642003059387
"Italy",2017,1.37012994289398
"Italy",2018,1.42443001270294
"Italy",2019,1.461590051651
"Jamaica",2001,0.049100000411272
"Jamaica",2002,0.0609599985182285
"Japan",1996,2.6430299282074
"Japan",1997,2.72177004814148
"Japan",1998,2.82745003700256
"Japan",1999,2.84671998023987
"Japan",2000,2.8584098815918
"Japan",2001,2.92348003387451
"Japan",2002,2.96514010429382
"Japan",2003,2.99320006370544
"Japan",2004,2.98125004768372
"Japan",2005,3.13091993331909
"Japan",2006,3.2276599407196
"Japan",2007,3.29257011413574
"Japan",2008,3.29223990440369
"Japan",2009,3.19589996337891
"Japan",2010,3.10494995117188
"Japan",2011,3.20536994934082
"Japan",2012,3.17371010780334
"Japan",2013,3.27895998954773
"Japan",2014,3.36788010597229
"Japan",2015,3.24071002006531
"Japan",2016,3.10665988922119
"Japan",2017,3.16635990142822
"Japan",2018,3.22113990783691
"Japan",2019,3.21489000320435
"Jordan",2002,0.336890012025833
"Jordan",2008,0.42153999209404
"Jordan",2016,0.695469975471497
"Kazakhstan",1997,0.293370008468628
"Kazakhstan",1998,0.220390006899834
"Kazakhstan",1999,0.183829993009567
"Kazakhstan",2000,0.18104000389576
"Kazakhstan",2001,0.220090001821518
"Kazakhstan",2002,0.255089998245239
"Kazakhstan",2003,0.25246000289917
"Kazakhstan",2004,0.248370006680489
"Kazakhstan",2005,0.283609986305237
"Kazakhstan",2006,0.242809996008873
"Kazakhstan",2007,0.208839997649193
"Kazakhstan",2008,0.216539993882179
"Kazakhstan",2009,0.229240000247955
"Kazakhstan",2010,0.153410002589226
"Kazakhstan",2011,0.153490006923676
"Kazakhstan",2012,0.16525000333786
"Kazakhstan",2013,0.171320006251335
"Kazakhstan",2014,0.167219996452332
"Kazakhstan",2015,0.169510006904602
"Kazakhstan",2016,0.141790002584457
"Kazakhstan",2017,0.126670002937317
"Kazakhstan",2018,0.116829998791218
"Kazakhstan",2019,0.118409998714924
"Kenya",2007,0.35521000623703
"Kenya",2010,0.692219972610474
"Korea, Rep.",1996,2.21616005897522
"Korea, Rep.",1997,2.24830007553101
"Korea, Rep.",1998,2.11026000976562
"Korea, Rep.",1999,2.01567006111145
"Korea, Rep.",2000,2.12519001960754
"Korea, Rep.",2001,2.2786500453949
"Korea, Rep.",2002,2.20774006843567
"Korea, Rep.",2003,2.27722001075745
"Korea, Rep.",2004,2.44214010238647
"Korea, Rep.",2005,2.52290010452271
"Korea, Rep.",2006,2.71934008598328
"Korea, Rep.",2007,2.87258005142212
"Korea, Rep.",2008,2.9888699054718
"Korea, Rep.",2009,3.14668989181519
"Korea, Rep.",2010,3.3157799243927
"Korea, Rep.",2011,3.59198999404907
"Korea, Rep.",2012,3.8503999710083
"Korea, Rep.",2013,3.95124006271362
"Korea, Rep.",2014,4.07785987854004
"Korea, Rep.",2015,3.97819995880127
"Korea, Rep.",2016,3.9870400428772
"Korea, Rep.",2017,4.29205989837646
"Korea, Rep.",2018,4.51632976531982
"Korea, Rep.",2019,4.62702989578247
"Kuwait",1997,0.205379992723465
"Kuwait",1998,0.257959991693497
"Kuwait",1999,0.197630003094673
"Kuwait",2000,0.12542000412941
"Kuwait",2001,0.1788399964571
"Kuwait",2002,0.180010005831718
"Kuwait",2003,0.143470004200935
"Kuwait",2004,0.1300999969244
"Kuwait",2005,0.100830003619194
"Kuwait",2006,0.0847899988293648
"Kuwait",2007,0.0858500003814697
"Kuwait",2008,0.0855100005865097
"Kuwait",2009,0.112130001187325
"Kuwait",2010,0.101400002837181
"Kuwait",2011,0.0989599972963333
"Kuwait",2012,0.0972099974751472
"Kuwait",2013,0.301530003547668
"Kuwait",2014,0.427049994468689
"Kuwait",2015,0.0966000035405159
"Kuwait",2016,0.0798500031232834
"Kuwait",2017,0.0803999975323677
"Kuwait",2018,0.0634900033473969
"Kuwait",2019,0.191459998488426
"Kyrgyz Republic",1997,0.193900004029274
"Kyrgyz Republic",1998,0.210639998316765
"Kyrgyz Republic",1999,0.179920002818108
"Kyrgyz Republic",2000,0.156369999051094
"Kyrgyz Republic",2001,0.171890005469322
"Kyrgyz Republic",2002,0.198100000619888
"Kyrgyz Republic",2003,0.222719997167587
"Kyrgyz Republic",2004,0.199259996414185
"Kyrgyz Republic",2005,0.198609992861748
"Kyrgyz Republic",2006,0.230140000581741
"Kyrgyz Republic",2007,0.234249994158745
"Kyrgyz Republic",2008,0.190170004963875
"Kyrgyz Republic",2009,0.159970000386238
"Kyrgyz Republic",2010,0.155469998717308
"Kyrgyz Republic",2011,0.15633000433445
"Kyrgyz Republic",2012,0.16609999537468
"Kyrgyz Republic",2013,0.149140000343323
"Kyrgyz Republic",2014,0.125359997153282
"Kyrgyz Republic",2015,0.119029998779297
"Kyrgyz Republic",2016,0.111210003495216
"Kyrgyz Republic",2017,0.107069998979568
"Kyrgyz Republic",2018,0.101070001721382
"Kyrgyz Republic",2019,0.090159997344017
"Lao PDR",2002,0.0370999984443188
"Latvia",1996,0.396890014410019
"Latvia",1997,0.366270005702972
"Latvia",1998,0.379220008850098
"Latvia",1999,0.351830005645752
"Latvia",2000,0.434830009937286
"Latvia",2001,0.402630001306534
"Latvia",2002,0.408430010080338
"Latvia",2003,0.35929998755455
"Latvia",2004,0.398400008678436
"Latvia",2005,0.527069985866547
"Latvia",2006,0.646910011768341
"Latvia",2007,0.551069974899292
"Latvia",2008,0.577199995517731
"Latvia",2009,0.448579996824265
"Latvia",2010,0.605710029602051
"Latvia",2011,0.71561998128891
"Latvia",2012,0.663070023059845
"Latvia",2013,0.613210022449493
"Latvia",2014,0.689079999923706
"Latvia",2015,0.619809985160828
"Latvia",2016,0.435140013694763
"Latvia",2017,0.511039972305298
"Latvia",2018,0.638689994812012
"Latvia",2019,0.636269986629486
"Lesotho",2002,0.0418500006198883
"Lesotho",2003,0.0429500006139278
"Lesotho",2004,0.0553199984133244
"Lesotho",2009,0.0291000008583069
"Lesotho",2011,0.0125500001013279
"Lesotho",2015,0.0510100014507771
"Lithuania",1996,0.491699993610382
"Lithuania",1997,0.536670029163361
"Lithuania",1998,0.54381000995636
"Lithuania",1999,0.502059996128082
"Lithuania",2000,0.585529983043671
"Lithuania",2001,0.667620003223419
"Lithuania",2002,0.657549977302551
"Lithuania",2003,0.664129972457886
"Lithuania",2004,0.751399993896484
"Lithuania",2005,0.74821001291275
"Lithuania",2006,0.79203999042511
"Lithuania",2007,0.801739990711212
"Lithuania",2008,0.78931999206543
"Lithuania",2009,0.830839991569519
"Lithuania",2010,0.78329998254776
"Lithuania",2011,0.9026899933815
"Lithuania",2012,0.893040001392365
"Lithuania",2013,0.94871997833252
"Lithuania",2014,1.03011000156403
"Lithuania",2015,1.04340994358063
"Lithuania",2016,0.842410027980804
"Lithuania",2017,0.896260023117065
"Lithuania",2018,0.936619997024536
"Lithuania",2019,0.993690013885498
"Luxembourg",2000,1.58314001560211
"Luxembourg",2003,1.62349998950958
"Luxembourg",2004,1.58818995952606
"Luxembourg",2005,1.55873000621796
"Luxembourg",2006,1.64885997772217
"Luxembourg",2007,1.57165002822876
"Luxembourg",2008,1.54663002490997
"Luxembourg",2009,1.58838999271393
"Luxembourg",2010,1.4237300157547
"Luxembourg",2011,1.42453002929688
"Luxembourg",2012,1.20664000511169
"Luxembourg",2013,1.23380994796753
"Luxembourg",2014,1.21700000762939
"Luxembourg",2015,1.2522599697113
"Luxembourg",2016,1.26689994335175
"Luxembourg",2017,1.23898005485535
"Luxembourg",2018,1.17180001735687
"Luxembourg",2019,1.18287003040314
"Macao SAR, China",2001,0.0622400008141994
"Macao SAR, China",2002,0.0695699974894524
"Macao SAR, China",2003,0.062440000474453
"Macao SAR, China",2004,0.0534400008618832
"Macao SAR, China",2005,0.0876000002026558
"Macao SAR, China",2006,0.0829000025987625
"Macao SAR, China",2007,0.0568399988114834
"Macao SAR, China",2008,0.101060003042221
"Macao SAR, China",2009,0.0540699996054173
"Macao SAR, China",2010,0.0501199997961521
"Macao SAR, China",2011,0.0442700013518333
"Macao SAR, China",2012,0.0478900000452995
"Macao SAR, China",2013,0.0511699989438057
"Macao SAR, China",2014,0.0877600014209747
"Macao SAR, China",2015,0.136490002274513
"Macao SAR, China",2016,0.234919995069504
"Macao SAR, China",2017,0.171900004148483
"Macao SAR, China",2018,0.200790002942085
"Macao SAR, China",2019,0.246659994125366
"Madagascar",1997,0.183249995112419
"Madagascar",1998,0.093800000846386
"Madagascar",1999,0.0834200009703636
"Madagascar",2000,0.100319996476173
"Madagascar",2001,0.181749999523163
"Madagascar",2002,0.201729997992516
"Madagascar",2003,0.290699988603592
"Madagascar",2004,0.1925999969244
"Madagascar",2005,0.150959998369217
"Madagascar",2006,0.141190007328987
"Madagascar",2007,0.120909996330738
"Madagascar",2008,0.117640003561974
"Madagascar",2009,0.130539998412132
"Madagascar",2010,0.099030002951622
"Madagascar",2011,0.0906699970364571
"Madagascar",2014,0.0132099995389581
"Madagascar",2016,0.012640000320971
"Madagascar",2017,0.0127499997615814
"Malaysia",1996,0.21645000576973
"Malaysia",1998,0.397890001535416
"Malaysia",2000,0.468989998102188
"Malaysia",2002,0.652540028095245
"Malaysia",2004,0.599900007247925
"Malaysia",2006,0.6110600233078
"Malaysia",2008,0.788469970226288
"Malaysia",2009,1.01001000404358
"Malaysia",2010,1.03608000278473
"Malaysia",2011,1.03341996669769
"Malaysia",2012,1.09268999099731
"Malaysia",2014,1.2627500295639
"Malaysia",2015,1.27945005893707
"Malaysia",2016,1.41516995429993
"Malaysia",2018,1.04025995731354
"Mali",2007,0.218549996614456
"Mali",2010,0.583599984645844
"Mali",2015,0.314619988203049
"Mali",2017,0.291979998350143
"Mali",2019,0.157680004835129
"Malta",2002,0.238309994339943
"Malta",2003,0.235660001635551
"Malta",2004,0.488229990005493
"Malta",2005,0.528930008411407
"Malta",2006,0.578440010547638
"Malta",2007,0.545390009880066
"Malta",2008,0.526669979095459
"Malta",2009,0.50739997625351
"Malta",2010,0.587409973144531
"Malta",2011,0.665059983730316
"Malta",2012,0.804319977760315
"Malta",2013,0.743359982967377
"Malta",2014,0.691789984703064
"Malta",2015,0.715149998664856
"Malta",2016,0.55689001083374
"Malta",2017,0.552119970321655
"Malta",2018,0.576040029525757
"Malta",2019,0.569840013980865
"Mauritania",2018,0.0101899998262525
"Mauritius",1997,0.278990000486374
"Mauritius",1998,0.261779993772507
"Mauritius",1999,0.310079991817474
"Mauritius",2000,0.284020006656647
"Mauritius",2001,0.362569987773895
"Mauritius",2002,0.368050009012222
"Mauritius",2003,0.326039999723434
"Mauritius",2004,0.368180006742477
"Mauritius",2005,0.360529989004135
"Mauritius",2012,0.177729994058609
"Mauritius",2017,0.354229986667633
"Mauritius",2018,0.333869993686676
"Mauritius",2019,0.35699000954628
"Mexico",1996,0.250669986009598
"Mexico",1997,0.276199996471405
"Mexico",1998,0.301959991455078
"Mexico",1999,0.344099998474121
"Mexico",2000,0.306129992008209
"Mexico",2001,0.324180006980896
"Mexico",2002,0.354299992322922
"Mexico",2003,0.393139988183975
"Mexico",2004,0.388159990310669
"Mexico",2005,0.398440003395081
"Mexico",2006,0.369219988584518
"Mexico",2007,0.398330003023148
"Mexico",2008,0.443870007991791
"Mexico",2009,0.47953999042511
"Mexico",2010,0.494850009679794
"Mexico",2011,0.471289992332458
"Mexico",2012,0.420960009098053
"Mexico",2013,0.425029993057251
"Mexico",2014,0.43529999256134
"Mexico",2015,0.42943000793457
"Mexico",2016,0.387780010700226
"Mexico",2017,0.328319996595383
"Mexico",2018,0.307110011577606
"Mexico",2019,0.283939987421036
"Moldova",1996,0.872959971427917
"Moldova",1997,0.806789994239807
"Moldova",2003,0.324050009250641
"Moldova",2004,0.349029988050461
"Moldova",2005,0.398649990558624
"Moldova",2006,0.406219989061356
"Moldova",2007,0.545570015907288
"Moldova",2008,0.534630000591278
"Moldova",2009,0.525569975376129
"Moldova",2010,0.366499990224838
"Moldova",2011,0.337639987468719
"Moldova",2012,0.349070012569427
"Moldova",2013,0.297829985618591
"Moldova",2014,0.311049997806549
"Moldova",2015,0.309430003166199
"Moldova",2016,0.276899993419647
"Moldova",2017,0.253740012645721
"Moldova",2018,0.251679986715317
"Moldova",2019,0.236719995737076
"Monaco",2004,0.0371900014579296
"Monaco",2005,0.0382100008428097
"Mongolia",1997,0.167860001325607
"Mongolia",1998,0.166429996490479
"Mongolia",1999,0.150159999728203
"Mongolia",2000,0.187570005655289
"Mongolia",2001,0.2674899995327
"Mongolia",2002,0.251729995012283
"Mongolia",2003,0.251800000667572
"Mongolia",2004,0.267769992351532
"Mongolia",2005,0.237760007381439
"Mongolia",2006,0.191210001707077
"Mongolia",2007,0.238269999623299
"Mongolia",2008,0.336670011281967
"Mongolia",2009,0.304780006408691
"Mongolia",2010,0.244379997253418
"Mongolia",2011,0.230540007352829
"Mongolia",2012,0.23913000524044
"Mongolia",2013,0.232460007071495
"Mongolia",2014,0.223399996757507
"Mongolia",2015,0.156399995088577
"Mongolia",2016,0.183449998497963
"Mongolia",2017,0.134200006723404
"Mongolia",2018,0.101609997451305
"Mongolia",2019,0.0926999971270561
"Montenegro",2003,0.797720015048981
"Montenegro",2004,1.01874005794525
"Montenegro",2005,0.924430012702942
"Montenegro",2006,1.22991001605988
"Montenegro",2007,1.1452100276947
"Montenegro",2011,0.314850002527237
"Montenegro",2013,0.374309986829758
"Montenegro",2014,0.363200008869171
"Montenegro",2015,0.374000012874603
"Montenegro",2016,0.324539989233017
"Montenegro",2017,0.348980009555817
"Montenegro",2018,0.503740012645721
"Montenegro",2019,0.36327999830246
"Morocco",1998,0.273409992456436
"Morocco",2001,0.606819987297058
"Morocco",2002,0.525860011577606
"Morocco",2003,0.630710005760193
"Morocco",2006,0.607890009880066
"Morocco",2010,0.714540004730225
"Mozambique",2002,0.373140007257462
"Mozambique",2006,0.412129998207092
"Mozambique",2008,0.140009999275208
"Mozambique",2010,0.386350005865097
"Mozambique",2015,0.313120007514954
"Myanmar",1997,0.0701000019907951
"Myanmar",1998,0.0403000004589558
"Myanmar",1999,0.0507900007069111
"Myanmar",2000,0.121699996292591
"Myanmar",2001,0.0830999985337257
"Myanmar",2002,0.198870003223419
"Myanmar",2017,0.0348399989306927
"Myanmar",2018,0.0635399967432022
"Myanmar",2019,0.089259997010231
"Namibia",2010,0.139630004763603
"Namibia",2014,0.349860012531281
"Nepal",2008,0.0543899983167648
"Nepal",2009,0.259240001440048
"Nepal",2010,0.302199989557266
"Netherlands",1996,1.84092998504639
"Netherlands",1997,1.8447699546814
"Netherlands",1998,1.74205994606018
"Netherlands",1999,1.82281994819641
"Netherlands",2000,1.78980004787445
"Netherlands",2001,1.79609000682831
"Netherlands",2002,1.74542999267578
"Netherlands",2003,1.78390002250671
"Netherlands",2004,1.7890100479126
"Netherlands",2005,1.77388000488281
"Netherlands",2006,1.74066996574402
"Netherlands",2007,1.67030000686646
"Netherlands",2008,1.62268996238708
"Netherlands",2009,1.66569995880127
"Netherlands",2010,1.70404005050659
"Netherlands",2011,1.8813099861145
"Netherlands",2012,1.9162700176239
"Netherlands",2013,2.15605998039246
"Netherlands",2014,2.17330002784729
"Netherlands",2015,2.1460599899292
"Netherlands",2016,2.15081000328064
"Netherlands",2017,2.17857003211975
"Netherlands",2018,2.13879990577698
"Netherlands",2019,2.18435001373291
"New Zealand",1997,1.05648994445801
"New Zealand",1999,0.963869988918304
"New Zealand",2001,1.10028994083405
"New Zealand",2003,1.14891004562378
"New Zealand",2005,1.12042999267578
"New Zealand",2007,1.15763998031616
"New Zealand",2009,1.25214004516602
"New Zealand",2011,1.23224997520447
"New Zealand",2013,1.15339004993439
"New Zealand",2015,1.22817003726959
"New Zealand",2017,1.34867000579834
"New Zealand",2019,1.4041600227356
"Nicaragua",1997,0.0650999993085861
"Nicaragua",2002,0.0349299982190132
"Nicaragua",2011,0.0834399983286858
"Nicaragua",2012,0.104489997029305
"Nicaragua",2013,0.10283999890089
"Nicaragua",2014,0.0893500000238419
"Nicaragua",2015,0.10741999745369
"Nigeria",2007,0.132229998707771
"North Macedonia",1997,0.359109997749329
"North Macedonia",1998,0.408419996500015
"North Macedonia",1999,0.328090012073517
"North Macedonia",2000,0.418879985809326
"North Macedonia",2001,0.293099999427795
"North Macedonia",2002,0.244609996676445
"North Macedonia",2003,0.210639998316765
"North Macedonia",2004,0.232370004057884
"North Macedonia",2005,0.228249996900558
"North Macedonia",2006,0.193729996681213
"North Macedonia",2007,0.170929998159409
"North Macedonia",2008,0.223580002784729
"North Macedonia",2009,0.196789994835854
"North Macedonia",2010,0.216340005397797
"North Macedonia",2011,0.222760006785393
"North Macedonia",2012,0.326759994029999
"North Macedonia",2013,0.438939988613129
"North Macedonia",2014,0.516460001468658
"North Macedonia",2015,0.444119989871979
"North Macedonia",2016,0.435849994421005
"North Macedonia",2017,0.354389995336533
"North Macedonia",2018,0.363669991493225
"North Macedonia",2019,0.367830008268356
"Norway",1997,1.59350001811981
"Norway",1999,1.60535001754761
"Norway",2001,1.56259000301361
"Norway",2002,1.62969994544983
"Norway",2003,1.67957997322083
"Norway",2004,1.54416000843048
"Norway",2005,1.48239004611969
"Norway",2006,1.4553200006485
"Norway",2007,1.56456995010376
"Norway",2008,1.55447995662689
"Norway",2009,1.7247200012207
"Norway",2010,1.64998996257782
"Norway",2011,1.62712001800537
"Norway",2012,1.62086999416351
"Norway",2013,1.65237998962402
"Norway",2014,1.71505999565125
"Norway",2015,1.93526005744934
"Norway",2016,2.04460000991821
"Norway",2017,2.09918999671936
"Norway",2018,2.04781007766724
"Norway",2019,2.15604996681213
"Oman",2011,0.119620002806187
"Oman",2012,0.182809993624687
"Oman",2013,0.148540005087852
"Oman",2014,0.18588000535965
"Oman",2015,0.218659996986389
"Oman",2016,0.226909995079041
"Oman",2017,0.199249997735023
"Oman",2018,0.190310001373291
"Oman",2019,0.272549986839294
"Pakistan",1997,0.15565000474453
"Pakistan",1998,0.109190002083778
"Pakistan",1999,0.115900002419949
"Pakistan",2000,0.11565999686718
"Pakistan",2001,0.151649996638298
"Pakistan",2002,0.198870003223419
"Pakistan",2005,0.398490011692047
"Pakistan",2007,0.632499992847443
"Pakistan",2009,0.448060005903244
"Pakistan",2011,0.329169988632202
"Pakistan",2013,0.292849987745285
"Pakistan",2015,0.246050000190735
"Pakistan",2017,0.212139993906021
"Pakistan",2019,0.174750000238419
"Panama",1996,0.310099989175797
"Panama",1997,0.299109995365143
"Panama",1998,0.269219994544983
"Panama",1999,0.272049993276596
"Panama",2000,0.362639993429184
"Panama",2001,0.360740005970001
"Panama",2002,0.342200011014938
"Panama",2003,0.321090012788773
"Panama",2004,0.226459994912148
"Panama",2005,0.23183000087738
"Panama",2006,0.235369995236397
"Panama",2007,0.18172000348568
"Panama",2008,0.190650001168251
"Panama",2009,0.132100000977516
"Panama",2010,0.14452999830246
"Panama",2011,0.173040002584457
"Panama",2012,0.0753400027751923
"Panama",2013,0.0620599985122681
"Panama",2014,0.140520006418228
"Panama",2015,0.12032999843359
"Panama",2016,0.144940003752708
"Panama",2017,0.147180005908012
"Panama",2018,0.121469996869564
"Panama",2019,0.123910002410412
"Papua New Guinea",2016,0.031580001115799
"Paraguay",2001,0.066990002989769
"Paraguay",2002,0.0749299973249435
"Paraguay",2003,0.0613499991595745
"Paraguay",2004,0.0606600008904934
"Paraguay",2005,0.0609100013971329
"Paraguay",2008,0.0411299988627434
"Paraguay",2011,0.0421600006520748
"Paraguay",2012,0.0651699975132942
"Paraguay",2013,0.0716300010681152
"Paraguay",2014,0.0790100023150444
"Paraguay",2015,0.0967399999499321
"Paraguay",2016,0.11676000058651
"Paraguay",2017,0.148880004882812
"Paraguay",2018,0.146840006113052
"Paraguay",2019,0.137510001659393
"Peru",1997,0.0835999995470047
"Peru",1998,0.100720003247261
"Peru",1999,0.0984899997711182
"Peru",2000,0.112659998238087
"Peru",2001,0.110959999263287
"Peru",2002,0.106140002608299
"Peru",2003,0.108130000531673
"Peru",2004,0.155780002474785
"Peru",2011,0.0828199982643127
"Peru",2012,0.0553000010550022
"Peru",2013,0.0817399993538857
"Peru",2014,0.108050003647804
"Peru",2015,0.117020003497601
"Peru",2016,0.120080001652241
"Peru",2017,0.120849996805191
"Peru",2018,0.126829996705055
"Peru",2019,0.156959995627403
"Philippines",2002,0.132630005478859
"Philippines",2003,0.125269994139671
"Philippines",2005,0.106919996440411
"Philippines",2007,0.104979999363422
"Philippines",2009,0.109010003507137
"Philippines",2011,0.112219996750355
"Philippines",2013,0.132070004940033
"Philippines",2015,0.156829997897148
"Philippines",2018,0.322219997644424
"Poland",1996,0.639370024204254
"Poland",1997,0.643149971961975
"Poland",1998,0.659709990024567
"Poland",1999,0.6805499792099
"Poland",2000,0.640779972076416
"Poland",2001,0.6215900182724
"Poland",2002,0.556749999523163
"Poland",2003,0.538060009479523
"Poland",2004,0.552500009536743
"Poland",2005,0.562780022621155
"Poland",2006,0.55102002620697
"Poland",2007,0.561930000782013
"Poland",2008,0.599439978599548
"Poland",2009,0.661059975624084
"Poland",2010,0.726189970970154
"Poland",2011,0.752210021018982
"Poland",2012,0.889970004558563
"Poland",2013,0.884829998016357
"Poland",2014,0.950760006904602
"Poland",2015,1.00423002243042
"Poland",2016,0.968209981918335
"Poland",2017,1.03785002231598
"Poland",2018,1.20609998703003
"Poland",2019,1.32334995269775
"Portugal",1996,0.549499988555908
"Portugal",1997,0.563740015029907
"Portugal",1998,0.624859988689423
"Portugal",1999,0.681209981441498
"Portugal",2000,0.721560001373291
"Portugal",2001,0.764819979667664
"Portugal",2002,0.721830010414124
"Portugal",2003,0.698019981384277
"Portugal",2004,0.729300022125244
"Portugal",2005,0.757550001144409
"Portugal",2006,0.954479992389679
"Portugal",2007,1.12416994571686
"Portugal",2008,1.44334995746613
"Portugal",2009,1.58001005649567
"Portugal",2010,1.53529000282288
"Portugal",2011,1.4574099779129
"Portugal",2012,1.37861001491547
"Portugal",2013,1.32467997074127
"Portugal",2014,1.28991997241974
"Portugal",2015,1.24329996109009
"Portugal",2016,1.28075003623962
"Portugal",2017,1.3192800283432
"Portugal",2018,1.3495500087738
"Portugal",2019,1.39561998844147
"Puerto Rico",2009,0.451310008764267
"Puerto Rico",2013,0.438589990139008
"Puerto Rico",2015,0.428829997777939
"Qatar",2012,0.47859999537468
"Qatar",2015,0.518830001354218
"Qatar",2018,0.531289994716644
"Romania",1996,0.674719989299774
"Romania",1997,0.574509978294373
"Romania",1998,0.495409995317459
"Romania",1999,0.398319989442825
"Romania",2000,0.36625999212265
"Romania",2001,0.391290009021759
"Romania",2002,0.37720999121666
"Romania",2003,0.39708000421524
"Romania",2004,0.389420002698898
"Romania",2005,0.412620007991791
"Romania",2006,0.456820011138916
"Romania",2007,0.51147997379303
"Romania",2008,0.552150011062622
"Romania",2009,0.443949997425079
"Romania",2010,0.44666001200676
"Romania",2011,0.474590003490448
"Romania",2012,0.462399989366531
"Romania",2013,0.390240013599396
"Romania",2014,0.382079988718033
"Romania",2015,0.487960010766983
"Romania",2016,0.488640010356903
"Romania",2017,0.506929993629456
"Romania",2018,0.49728998541832
"Romania",2019,0.476159989833832
"Russian Federation",1996,0.965919971466064
"Russian Federation",1997,1.04374003410339
"Russian Federation",1998,0.953830003738403
"Russian Federation",1999,0.996230006217957
"Russian Federation",2000,1.04982995986938
"Russian Federation",2001,1.17693996429443
"Russian Federation",2002,1.24652004241943
"Russian Federation",2003,1.28603005409241
"Russian Federation",2004,1.15132999420166
"Russian Federation",2005,1.06797003746033
"Russian Federation",2006,1.07293999195099
"Russian Federation",2007,1.11610996723175
"Russian Federation",2008,1.04435002803802
"Russian Federation",2009,1.2519199848175
"Russian Federation",2010,1.13020002841949
"Russian Federation",2011,1.01545000076294
"Russian Federation",2012,1.02766001224518
"Russian Federation",2013,1.02732002735138
"Russian Federation",2014,1.07240998744965
"Russian Federation",2015,1.10084998607635
"Russian Federation",2016,1.10238003730774
"Russian Federation",2017,1.10967004299164
"Russian Federation",2018,0.990019977092743
"Russian Federation",2019,1.03531002998352
"Rwanda",2016,0.649779975414276
"Rwanda",2019,0.758019983768463
"Saudi Arabia",2003,0.06233000010252
"Saudi Arabia",2004,0.0531499981880188
"Saudi Arabia",2005,0.0423000007867813
"Saudi Arabia",2006,0.0424499996006489
"Saudi Arabia",2007,0.0452100001275539
"Saudi Arabia",2008,0.0490199998021126
"Saudi Arabia",2009,0.0733800008893013
"Saudi Arabia",2010,0.88400000333786
"Saudi Arabia",2011,0.897840023040771
"Saudi Arabia",2012,0.876839995384216
"Saudi Arabia",2013,0.815159976482391
"Senegal",2008,0.293740004301071
"Senegal",2010,0.434300005435944
"Senegal",2015,0.577199995517731
"Serbia",1997,0.709150016307831
"Serbia",1998,0.753009974956512
"Serbia",1999,0.946820020675659
"Serbia",2000,0.854240000247955
"Serbia",2001,0.304010003805161
"Serbia",2002,0.639680027961731
"Serbia",2003,0.491380006074905
"Serbia",2004,0.289530009031296
"Serbia",2005,0.395300000905991
"Serbia",2006,0.439850002527237
"Serbia",2007,0.578769981861115
"Serbia",2008,0.669659972190857
"Serbia",2009,0.817300021648407
"Serbia",2010,0.702279984951019
"Serbia",2011,0.683340013027191
"Serbia",2012,0.85316002368927
"Serbia",2013,0.683669984340668
"Serbia",2014,0.723089993000031
"Serbia",2015,0.810899972915649
"Serbia",2016,0.838220000267029
"Serbia",2017,0.872380018234253
"Serbia",2018,0.918910026550293
"Serbia",2019,0.886669993400574
"Seychelles",2001,0.425249993801117
"Seychelles",2002,0.407070010900497
"Seychelles",2003,0.411830008029938
"Seychelles",2004,0.346579998731613
"Seychelles",2005,0.302089989185333
"Seychelles",2016,0.212300002574921
"Singapore",1996,1.31991004943848
"Singapore",1997,1.41563999652863
"Singapore",1998,1.73706996440887
"Singapore",1999,1.81623995304108
"Singapore",2000,1.81699001789093
"Singapore",2001,2.00929999351501
"Singapore",2002,2.03281998634338
"Singapore",2003,1.99679005146027
"Singapore",2004,2.07858991622925
"Singapore",2005,2.14806008338928
"Singapore",2006,2.1165599822998
"Singapore",2007,2.31985998153687
"Singapore",2008,2.59674000740051
"Singapore",2009,2.12789988517761
"Singapore",2010,1.92918002605438
"Singapore",2011,2.06955003738403
"Singapore",2012,1.91832995414734
"Singapore",2013,1.92104005813599
"Singapore",2014,2.082279920578
"Singapore",2015,2.1744499206543
"Singapore",2016,2.07427000999451
"Singapore",2017,1.89952003955841
"Singapore",2018,1.80902004241943
"Singapore",2019,1.88516998291016
"Slovak Republic",1996,0.889630019664764
"Slovak Republic",1997,1.05107998847961
"Slovak Republic",1998,0.765410006046295
"Slovak Republic",1999,0.644749999046326
"Slovak Republic",2000,0.638059973716736
"Slovak Republic",2001,0.624650001525879
"Slovak Republic",2002,0.563139975070953
"Slovak Republic",2003,0.561460018157959
"Slovak Republic",2004,0.50068998336792
"Slovak Republic",2005,0.493319988250732
"Slovak Republic",2006,0.474880009889603
"Slovak Republic",2007,0.447459995746613
"Slovak Republic",2008,0.46136999130249
"Slovak Republic",2009,0.472719997167587
"Slovak Republic",2010,0.605499982833862
"Slovak Republic",2011,0.652549982070923
"Slovak Republic",2012,0.794610023498535
"Slovak Republic",2013,0.820050001144409
"Slovak Republic",2014,0.876999974250793
"Slovak Republic",2015,1.1572699546814
"Slovak Republic",2016,0.788569986820221
"Slovak Republic",2017,0.884559988975525
"Slovak Republic",2018,0.835550010204315
"Slovak Republic",2019,0.822329998016357
"Slovenia",1996,1.26472997665405
"Slovenia",1997,1.24643003940582
"Slovenia",1998,1.30515003204346
"Slovenia",1999,1.33687996864319
"Slovenia",2000,1.35982000827789
"Slovenia",2001,1.46766996383667
"Slovenia",2002,1.44324994087219
"Slovenia",2003,1.2479100227356
"Slovenia",2004,1.37026000022888
"Slovenia",2005,1.41778004169464
"Slovenia",2006,1.5370500087738
"Slovenia",2007,1.42702996730804
"Slovenia",2008,1.62672996520996
"Slovenia",2009,1.81184005737305
"Slovenia",2010,2.05133008956909
"Slovenia",2011,2.41297006607056
"Slovenia",2012,2.56061005592346
"Slovenia",2013,2.56487011909485
"Slovenia",2014,2.36547994613647
"Slovenia",2015,2.19565010070801
"Slovenia",2016,2.00763988494873
"Slovenia",2017,1.86530005931854
"Slovenia",2018,1.9459400177002
"Slovenia",2019,2.04128003120422
"South Africa",1997,0.526939988136292
"South Africa",2001,0.642239987850189
"South Africa",2003,0.676500022411346
"South Africa",2004,0.726809978485107
"South Africa",2005,0.770240008831024
"South Africa",2006,0.802909970283508
"South Africa",2007,0.79364001750946
"South Africa",2008,0.805670022964478
"South Africa",2009,0.749930024147034
"South Africa",2010,0.662840008735657
"South Africa",2011,0.667530000209808
"South Africa",2012,0.669340014457703
"South Africa",2013,0.663299977779388
"South Africa",2014,0.709869980812073
"South Africa",2015,0.731469988822937
"South Africa",2016,0.749920010566711
"South Africa",2017,0.762570023536682
"South Africa",2018,0.687730014324188
"South Africa",2019,0.614300012588501
"Spain",1996,0.78753000497818
"Spain",1997,0.777809977531433
"Spain",1998,0.848039984703064
"Spain",1999,0.838540017604828
"Spain",2000,0.882759988307953
"Spain",2001,0.888329982757568
"Spain",2002,0.959710001945496
"Spain",2003,1.02373003959656
"Spain",2004,1.04088997840881
"Spain",2005,1.09956002235413
"Spain",2006,1.17701995372772
"Spain",2007,1.24053001403809
"Spain",2008,1.32500004768372
"Spain",2009,1.36363995075226
"Spain",2010,1.35995995998383
"Spain",2011,1.33341002464294
"Spain",2012,1.29876005649567
"Spain",2013,1.27481997013092
"Spain",2014,1.24159002304077
"Spain",2015,1.22178995609283
"Spain",2016,1.18985998630524
"Spain",2017,1.20976996421814
"Spain",2018,1.24151003360748
"Spain",2019,1.25024998188019
"Sri Lanka",1996,0.183559998869896
"Sri Lanka",2000,0.143920004367828
"Sri Lanka",2004,0.182099997997284
"Sri Lanka",2006,0.174199998378754
"Sri Lanka",2008,0.114440001547337
"Sri Lanka",2010,0.132410004734993
"Sri Lanka",2013,0.0973000004887581
"Sri Lanka",2014,0.096050001680851
"Sri Lanka",2015,0.102909997105598
"Sri Lanka",2016,0.120339997112751
"Sri Lanka",2017,0.118179999291897
"Sri Lanka",2018,0.119489997625351
"St. Lucia",1998,0.573949992656708
"St. Lucia",1999,0.273739993572235
"St. Vincent and the Grenadines",2001,0.0400799997150898
"St. Vincent and the Grenadines",2002,0.113899998366833
"Sudan",1999,0.530070006847382
"Sudan",2000,0.472770005464554
"Sudan",2001,0.374830007553101
"Sudan",2002,0.322470009326935
"Sudan",2003,0.280800014734268
"Sudan",2004,0.238250002264977
"Sudan",2005,0.224999994039536
"Sweden",1997,3.27394008636475
"Sweden",1999,3.38131999969482
"Sweden",2001,3.87380003929138
"Sweden",2003,3.57947993278503
"Sweden",2004,3.36128997802734
"Sweden",2005,3.35958003997803
"Sweden",2006,3.47499990463257
"Sweden",2007,3.23382997512817
"Sweden",2008,3.46999001502991
"Sweden",2009,3.39527988433838
"Sweden",2010,3.1678900718689
"Sweden",2011,3.18702006340027
"Sweden",2012,3.23024988174438
"Sweden",2013,3.26042008399963
"Sweden",2014,3.10184001922607
"Sweden",2015,3.21902990341187
"Sweden",2016,3.24735999107361
"Sweden",2017,3.36279010772705
"Sweden",2018,3.32105994224548
"Sweden",2019,3.38757991790771
"Switzerland",1996,2.37649011611938
"Switzerland",2000,2.26385998725891
"Switzerland",2004,2.60818004608154
"Switzerland",2008,2.65296006202698
"Switzerland",2012,2.8745698928833
"Switzerland",2015,3.07832002639771
"Switzerland",2017,3.07462000846863
"Switzerland",2019,3.19221997261047
"Syrian Arab Republic",2015,0.0194199997931719
"Tajikistan",2001,0.0895299986004829
"Tajikistan",2002,0.0706799998879433
"Tajikistan",2003,0.068850003182888
"Tajikistan",2004,0.0669699981808662
"Tajikistan",2005,0.0957000032067299
"Tajikistan",2006,0.107320003211498
"Tajikistan",2007,0.067780002951622
"Tajikistan",2008,0.0698300004005432
"Tajikistan",2009,0.0857700034976006
"Tajikistan",2010,0.089139997959137
"Tajikistan",2011,0.121480002999306
"Tajikistan",2012,0.114320002496243
"Tajikistan",2013,0.118510000407696
"Tajikistan",2014,0.116240002214909
"Tajikistan",2015,0.103399999439716
"Tajikistan",2016,0.106219999492168
"Tajikistan",2017,0.109569996595383
"Tajikistan",2018,0.0940100029110909
"Tajikistan",2019,0.0936700031161308
"Tanzania",2007,0.334619998931885
"Tanzania",2010,0.373070001602173
"Tanzania",2013,0.514559984207153
"Thailand",1996,0.119180001318455
"Thailand",1997,0.102140001952648
"Thailand",1999,0.248359993100166
"Thailand",2000,0.244709998369217
"Thailand",2001,0.252310007810593
"Thailand",2002,0.23055000603199
"Thailand",2003,0.245340004563332
"Thailand",2004,0.23827999830246
"Thailand",2005,0.218889996409416
"Thailand",2006,0.232710003852844
"Thailand",2007,0.200800001621246
"Thailand",2008,0.203309997916222
"Thailand",2009,0.234549999237061
"Thailand",2011,0.361460000276566
"Thailand",2013,0.441639989614487
"Thailand",2014,0.479880005121231
"Thailand",2015,0.616089999675751
"Thailand",2016,0.778289973735809
"Thailand",2017,1.00165998935699
"Thailand",2018,1.11373996734619
"Thailand",2019,1.1429500579834
"Togo",2010,0.234760001301765
"Togo",2012,0.223240002989769
"Togo",2014,0.266539990901947
"Trinidad and Tobago",1996,0.103249996900558
"Trinidad and Tobago",1997,0.115529999136925
"Trinidad and Tobago",1998,0.127149999141693
"Trinidad and Tobago",1999,0.122919999063015
"Trinidad and Tobago",2000,0.108000002801418
"Trinidad and Tobago",2001,0.104170002043247
"Trinidad and Tobago",2002,0.131779998540878
"Trinidad and Tobago",2003,0.115010000765324
"Trinidad and Tobago",2004,0.114409998059273
"Trinidad and Tobago",2005,0.114309996366501
"Trinidad and Tobago",2006,0.0723299980163574
"Trinidad and Tobago",2007,0.0592200011014938
"Trinidad and Tobago",2008,0.0307199992239475
"Trinidad and Tobago",2009,0.0566500015556812
"Trinidad and Tobago",2010,0.0477100014686584
"Trinidad and Tobago",2011,0.0402400009334087
"Trinidad and Tobago",2012,0.0415900014340878
"Trinidad and Tobago",2013,0.0541100017726421
"Trinidad and Tobago",2014,0.0765300020575523
"Trinidad and Tobago",2015,0.0804800018668175
"Trinidad and Tobago",2016,0.0870900005102158
"Trinidad and Tobago",2017,0.0860600024461746
"Trinidad and Tobago",2018,0.0822200030088425
"Trinidad and Tobago",2019,0.059409998357296
"Tunisia",2002,0.543020009994507
"Tunisia",2003,0.650439977645874
"Tunisia",2004,0.730949997901917
"Tunisia",2005,0.7119500041008
"Tunisia",2006,0.677290022373199
"Tunisia",2007,0.66540002822876
"Tunisia",2008,0.63933002948761
"Tunisia",2009,0.706439971923828
"Tunisia",2010,0.658060014247894
"Tunisia",2011,0.674579977989197
"Tunisia",2012,0.649370014667511
"Tunisia",2013,0.637000024318695
"Tunisia",2014,0.619880020618439
"Tunisia",2015,0.594129979610443
"Tunisia",2016,0.56538999080658
"Tunisia",2017,0.699540019035339
"Tunisia",2018,0.716449975967407
"Tunisia",2019,0.746580004692078
"Turkiye",1996,0.451590001583099
"Turkiye",1997,0.491690009832382
"Turkiye",1998,0.361979991197586
"Turkiye",1999,0.455570012331009
"Turkiye",2000,0.465579986572266
"Turkiye",2001,0.522469997406006
"Turkiye",2002,0.509039998054504
"Turkiye",2003,0.465319991111755
"Turkiye",2004,0.497130006551743
"Turkiye",2005,0.563809990882874
"Turkiye",2006,0.552919983863831
"Turkiye",2007,0.686160027980804
"Turkiye",2008,0.687409996986389
"Turkiye",2009,0.803619980812073
"Turkiye",2010,0.793690025806427
"Turkiye",2011,0.793929994106293
"Turkiye",2012,0.825950026512146
"Turkiye",2013,0.812059998512268
"Turkiye",2014,0.856400012969971
"Turkiye",2015,0.876890003681183
"Turkiye",2016,0.938160002231598
"Turkiye",2017,0.952719986438751
"Turkiye",2018,1.02516996860504
"Turkiye",2019,1.06578004360199
"Uganda",2002,0.367559999227524
"Uganda",2003,0.25611999630928
"Uganda",2004,0.260560005903244
"Uganda",2005,0.215139999985695
"Uganda",2006,0.300330013036728
"Uganda",2007,0.388209998607635
"Uganda",2008,0.326319992542267
"Uganda",2009,0.255470007658005
"Uganda",2010,0.359899997711182
"Uganda",2014,0.142649993300438
"Ukraine",1997,1.19229996204376
"Ukraine",1998,1.06992995738983
"Ukraine",1999,0.96968001127243
"Ukraine",2000,0.929040014743805
"Ukraine",2001,0.989440023899078
"Ukraine",2002,0.962689995765686
"Ukraine",2003,1.07166004180908
"Ukraine",2004,1.04392004013062
"Ukraine",2005,0.995180010795593
"Ukraine",2006,0.914030015468597
"Ukraine",2007,0.818690001964569
"Ukraine",2008,0.809909999370575
"Ukraine",2009,0.825959980487823
"Ukraine",2010,0.802789986133575
"Ukraine",2011,0.710900008678436
"Ukraine",2012,0.723630011081696
"Ukraine",2013,0.732999980449677
"Ukraine",2014,0.650340020656586
"Ukraine",2015,0.614769995212555
"Ukraine",2016,0.483390003442764
"Ukraine",2017,0.448790013790131
"Ukraine",2018,0.471130013465881
"Ukraine",2019,0.43384000658989
"United Arab Emirates",2011,0.486220002174377
"United Arab Emirates",2014,0.675230026245117
"United Arab Emirates",2015,0.865700006484985
"United Arab Emirates",2016,0.931800007820129
"United Arab Emirates",2018,1.26389002799988
"United Arab Emirates",2019,1.31064999103546
"United Kingdom",1996,1.57321000099182
"United Kingdom",1997,1.53640997409821
"United Kingdom",1998,1.54648995399475
"United Kingdom",1999,1.62127995491028
"United Kingdom",2000,1.60906004905701
"United Kingdom",2001,1.59658002853394
"United Kingdom",2002,1.61372995376587
"United Kingdom",2003,1.57962000370026
"United Kingdom",2004,1.52997994422913
"United Kingdom",2005,1.54904997348785
"United Kingdom",2006,1.57539999485016
"United Kingdom",2007,1.61708998680115
"United Kingdom",2008,1.6078599691391
"United Kingdom",2009,1.66659998893738
"United Kingdom",2010,1.63496994972229
"United Kingdom",2011,1.6452100276947
"United Kingdom",2012,1.57631003856659
"United Kingdom",2013,1.62011003494263
"United Kingdom",2014,1.64263999462128
"United Kingdom",2015,1.64632999897003
"United Kingdom",2016,1.6569299697876
"United Kingdom",2017,1.66946995258331
"United Kingdom",2018,1.71835005283356
"United Kingdom",2019,1.72090995311737
"United States",1996,2.45001006126404
"United States",1997,2.47983002662659
"United States",1998,2.50400996208191
"United States",1999,2.54951000213623
"United States",2000,2.62914991378784
"United States",2001,2.64826989173889
"United States",2002,2.56097006797791
"United States",2003,2.56494998931885
"United States",2004,2.50171995162964
"United States",2005,2.51646995544434
"United States",2006,2.55746006965637
"United States",2007,2.62754011154175
"United States",2008,2.75722002983093
"United States",2009,2.80703997612
"United States",2010,2.7250599861145
"United States",2011,2.75512003898621
"United States",2012,2.67226004600525
"United States",2013,2.70215010643005
"United States",2014,2.71785998344421
"United States",2015,2.78699994087219
"United States",2016,2.85345005989075
"United States",2017,2.9054799079895
"United States",2018,3.01234006881714
"United States",2019,3.17383003234863
"Uruguay",1996,0.265009999275208
"Uruguay",1997,0.349940001964569
"Uruguay",1998,0.191860005259514
"Uruguay",1999,0.224169999361038
"Uruguay",2000,0.209250003099442
"Uruguay",2002,0.238179996609688
"Uruguay",2005,0.460310012102127
"Uruguay",2006,0.366860002279282
"Uruguay",2007,0.428559988737106
"Uruguay",2008,0.383700013160706
"Uruguay",2009,0.415699988603592
"Uruguay",2010,0.342420011758804
"Uruguay",2011,0.345979988574982
"Uruguay",2012,0.325919985771179
"Uruguay",2013,0.310449987649918
"Uruguay",2014,0.340669989585876
"Uruguay",2015,0.380120009183884
"Uruguay",2016,0.375510007143021
"Uruguay",2017,0.44582000374794
"Uruguay",2018,0.511330008506775
"Uruguay",2019,0.432370007038116
"Uzbekistan",2000,0.360630005598068
"Uzbekistan",2001,0.345440000295639
"Uzbekistan",2002,0.293559998273849
"Uzbekistan",2003,0.268249988555908
"Uzbekistan",2004,0.270410001277924
"Uzbekistan",2005,0.237409994006157
"Uzbekistan",2006,0.223949998617172
"Uzbekistan",2007,0.217209994792938
"Uzbekistan",2008,0.193540006875992
"Uzbekistan",2009,0.203150004148483
"Uzbekistan",2010,0.154300004243851
"Uzbekistan",2011,0.14877000451088
"Uzbekistan",2012,0.155120000243187
"Uzbekistan",2013,0.155000001192093
"Uzbekistan",2014,0.153349995613098
"Uzbekistan",2015,0.164969995617867
"Uzbekistan",2016,0.172380000352859
"Uzbekistan",2017,0.148340001702309
"Uzbekistan",2018,0.124499998986721
"Uzbekistan",2019,0.113770000636578
"Venezuela, RB",2005,0.189070001244545
"Venezuela, RB",2006,0.31742000579834
"Venezuela, RB",2007,0.201100006699562
"Venezuela, RB",2008,0.238030001521111
"Venezuela, RB",2009,0.240140005946159
"Venezuela, RB",2010,0.188229992985725
"Venezuela, RB",2011,0.152960002422333
"Venezuela, RB",2012,0.250099986791611
"Venezuela, RB",2013,0.31852999329567
"Venezuela, RB",2014,0.337130010128021
"Viet Nam",2002,0.192729994654655
"Viet Nam",2011,0.149550005793571
"Viet Nam",2013,0.299320012331009
"Viet Nam",2015,0.356290012598038
"Viet Nam",2017,0.418949991464615
"Viet Nam",2019,0.416519999504089
"Virgin Islands (U.S.)",2002,0.0661699995398521
"Virgin Islands (U.S.)",2003,0.0377600006759167
"Virgin Islands (U.S.)",2004,0.0342399999499321
"Virgin Islands (U.S.)",2005,0.0293600000441074
"Virgin Islands (U.S.)",2006,0.0312200002372265
"Virgin Islands (U.S.)",2007,0.0271700005978346
"West Bank and Gaza",2007,0.197229996323586
"West Bank and Gaza",2008,0.149140000343323
"West Bank and Gaza",2009,0.356460005044937
"West Bank and Gaza",2010,0.361559987068176
"West Bank and Gaza",2013,0.454340010881424
"Zambia",1996,0.0110400002449751
"Zambia",1997,0.00736999977380037
"Zambia",2002,0.00543999997898936
"Zambia",2003,0.00846999976783991
"Zambia",2004,0.0222299993038177
"Zambia",2005,0.0249300003051758
"Zambia",2008,0.278189986944199
