"pricemay","pricejuly","pricechange","population","competition","border","highway","aral","shell","esso","totalenergies"
1.99233333333333,1.874,-0.118333333333333,0.258016568161011,155.028804100048,0,0,0,0,0,0
2.038,1.88816666666667,-0.149833333333333,0.0341613293991089,351.27438571852,0,0,0,0,0,0
1.96608333333333,1.8346,-0.131483333333333,0.38042217477417,115.660975930543,0,0,0,0,0,0
1.99185714285714,1.827125,-0.164732142857143,0.101215603805542,128.438694343769,0,0,0,0,0,0
1.97508695652174,1.81519047619048,-0.159896480331263,0.144550879638672,124.52362825459,0,0,0,0,0,0
1.969,1.82833333333333,-0.140666666666667,0.375063034866333,125.312269220959,0,0,0,1,0,0
2.01507142857143,1.85764864864865,-0.15742277992278,0.633725477615356,52.0730208357341,0,0,1,0,0,0
1.979,1.84370588235294,-0.135294117647059,0.907290522216797,73.8462469951718,0,0,0,1,0,0
1.98214285714286,1.85166666666667,-0.130476190476191,0.360678255096436,88.7217334226153,0,0,0,1,0,0
1.98005263157895,1.86114285714286,-0.11890977443609,0.346687792251587,109.608705149975,0,0,1,0,0,0
2.43185714285714,2.319,-0.112857142857143,0.0920287153015137,184.724951818603,0,1,0,0,1,0
2.019,1.803375,-0.215625,0.0879157749862671,102.370706524578,0,0,0,0,0,0
1.96689473684211,1.82627272727273,-0.140622009569378,0.486369005371094,76.0739265689216,0,0,0,0,0,1
1.99669230769231,1.85694871794872,-0.13974358974359,0.899265029785156,67.833172623841,0,1,1,0,0,0
1.96381481481482,1.824,-0.139814814814815,0.154736864334106,96.9387615843897,0,0,0,0,0,0
1.949,1.81261111111111,-0.136388888888889,0.51743547442627,57.978243631757,0,0,0,0,1,0
1.964,1.8515,-0.1125,0.112838367637634,79.7601045497426,0,0,0,0,0,0
1.98233333333333,1.85630769230769,-0.126025641025641,0.103945566623688,115.44503906976,0,0,0,1,0,0
1.96585714285714,1.85290243902439,-0.112954703832753,0.736581915527344,82.8149574597254,0,0,0,0,0,0
1.9566,1.81007142857143,-0.146528571428572,0.220835136901855,131.319682215644,0,0,0,0,0,0
2.01704878048781,1.83383870967742,-0.183210070810386,0.0645024004516602,186.039587921896,0,0,0,0,0,0
1.98983333333333,1.813,-0.176833333333333,0.169567848121643,153.330954470498,0,0,0,0,0,1
2.02061290322581,1.839,-0.181612903225806,0.137120747764587,109.392635648052,0,0,0,0,0,0
1.9842,1.84852380952381,-0.135676190476191,0.354831482147217,104.27485119443,0,0,0,0,0,1
2.01707692307692,1.89117391304348,-0.125903010033445,0.118499094089508,168.777661581894,0,0,0,0,0,0
1.98852380952381,1.8298,-0.15872380952381,0.493412607788086,79.0413527834902,1,0,0,1,0,0
2.029,1.8752962962963,-0.153703703703704,0.155560488845825,83.5687782704527,0,0,0,0,0,0
2.069,1.885,-0.184,0.259871925643921,115.441481128309,0,0,0,0,0,0
1.97159259259259,1.83925,-0.132342592592593,0.540194731140137,55.5355287095857,0,0,0,0,0,0
1.982,1.8231935483871,-0.158806451612903,0.0988144767150879,60.7198479358426,0,0,0,0,0,0
1.99733333333333,1.8578,-0.139533333333334,0.0347922792663574,86.2260266719825,0,0,0,0,0,0
1.93578571428571,1.7974375,-0.138348214285714,0.21649060647583,92.3827611995391,0,0,0,0,0,0
1.99268421052632,1.86316666666667,-0.129517543859649,0.0874013418807983,137.2976631911,0,0,0,0,1,0
1.98669230769231,1.85536363636364,-0.131328671328671,0.67487577746582,102.241037986423,0,0,0,0,0,1
1.95476923076923,1.81421739130435,-0.140551839464883,0.106202001144409,141.240276438893,0,0,0,0,0,0
1.98042857142857,1.85441666666667,-0.126011904761905,0.10116965700531,59.3063194796151,0,0,0,0,0,0
1.99476923076923,1.84169230769231,-0.153076923076923,0.791562842468262,50.5329430008001,0,0,0,0,0,1
1.9838275862069,1.85547058823529,-0.128356997971602,0.0249143989505768,40.13743225288,0,0,1,0,0,0
1.9827037037037,1.82053846153846,-0.162165242165242,0.21620193119812,60.1289726135112,0,0,1,0,0,0
2.03455555555556,1.86811764705882,-0.166437908496732,0.0438296850128174,114.077935959107,0,0,0,0,1,0
1.989,1.839,-0.15,0.922118758789063,88.9256391526872,0,0,1,0,0,0
1.95693103448276,1.80978947368421,-0.147141560798548,0.105074464347839,190.341203489668,0,0,0,0,0,0
1.9658,1.82746153846154,-0.138338461538462,0.868567718688965,63.322638887637,0,1,0,0,0,1
1.9855625,1.8482,-0.1373625,0.79726229284668,97.8348038027682,0,0,0,0,0,1
2.0075,1.83818918918919,-0.169310810810811,0.0303929282875061,164.511953330124,0,0,0,0,1,0
1.95934482758621,1.83316666666667,-0.12617816091954,0.746997209655762,85.6763575187826,0,0,0,0,0,0
1.95455555555556,1.80828571428571,-0.146269841269841,0.454938302978516,92.3202107297249,0,0,0,0,0,0
2.10483333333333,1.82170833333333,-0.283125,0.0592162517242432,236.421583473315,0,0,0,0,0,0
2.02370588235294,1.86566666666667,-0.158039215686274,0.118693548149109,219.051502001924,0,0,0,0,0,1
2.00066666666667,1.84693103448276,-0.153735632183908,0.704585774597168,70.9636807932809,0,0,0,1,0,0
1.999,1.9615,-0.0375000000000001,0.0288790844497681,103.881409579246,0,0,0,0,0,0
1.954,1.81682608695652,-0.137173913043479,0.101000052520752,89.1088645538161,0,0,0,0,0,0
2.05275,1.8422,-0.21055,0.0232580495452881,42.9958667880898,0,0,0,0,0,0
1.96627272727273,1.82851219512195,-0.137760532150776,0.0808258651504517,61.8613854697732,0,0,0,0,0,0
1.98862962962963,1.84933333333333,-0.139296296296296,0.113607419334412,158.44035632053,0,0,1,0,0,0
1.95757142857143,1.83955555555556,-0.118015873015873,0.0843424847564697,71.1385254693929,0,0,0,0,0,0
1.959,1.79351612903226,-0.165483870967742,0.679944854614258,75.0060827049467,0,0,0,0,0,0
1.974,1.82175862068966,-0.152241379310345,0.544366730102539,62.4578948709735,0,0,0,1,0,0
1.99797435897436,1.77139130434783,-0.226583054626533,0.113436328460693,132.232770608383,0,0,0,0,0,0
1.96733333333333,1.81361538461538,-0.153717948717949,0.410204765777588,97.5122751784115,0,0,0,0,0,0
1.944,1.80492592592593,-0.139074074074074,0.436551924804688,105.371199590015,0,0,0,0,0,0
2.10455555555556,1.902125,-0.202430555555556,0.177056267189026,152.493896028965,0,0,0,1,0,0
1.889,1.77733333333333,-0.111666666666667,0.0468509852218628,192.098414950732,0,0,0,0,0,0
1.98125,1.85733333333333,-0.123916666666667,0.799669453369141,100.041335407957,0,0,0,1,0,0
1.95833333333333,1.83344444444444,-0.124888888888889,0.184828440490723,91.977186816405,0,0,0,0,0,1
1.95215789473684,1.83191666666667,-0.120241228070175,0.752843111572266,91.6525620535968,0,1,0,0,0,0
1.98451724137931,1.84835483870968,-0.136162402669633,0.458126823181152,109.140084077175,0,0,0,0,1,0
1.95293939393939,1.80753658536585,-0.14540280857354,0.550488800598145,81.7455322453506,0,0,0,0,0,0
2.3315,2.28775,-0.0437500000000002,0.478301435729981,106.627319489778,0,1,0,0,0,0
1.9865,1.84279310344828,-0.143706896551724,0.681596879043579,68.955714800148,0,0,1,0,0,0
1.98757142857143,1.82354545454545,-0.164025974025974,0.813709881103516,63.9048402969865,0,0,0,0,0,0
1.971,1.83280952380952,-0.138190476190476,0.161094597106934,99.3205252524968,0,0,0,1,0,0
1.976,1.82445454545455,-0.151545454545455,0.086410905960083,92.5809064390038,0,0,1,0,0,0
1.96279310344828,1.83667441860465,-0.126118684843625,0.700129617675781,95.6965657622366,0,0,0,0,0,0
2.01366666666667,1.83233333333333,-0.181333333333333,0.18085704775238,99.5261186870894,0,0,0,0,0,0
1.954,1.81625,-0.13775,0.408301589904785,112.66181944265,0,0,0,0,0,0
1.91445454545455,1.77553846153846,-0.138916083916084,0.311746652679443,109.062919225506,0,0,0,0,0,0
1.969,1.78566666666667,-0.183333333333333,0.0458206711425781,152.769477736771,0,0,0,0,0,0
1.959,1.80566666666667,-0.153333333333334,0.606533668609619,90.6792200440887,0,0,0,0,0,0
1.9555625,1.82142424242424,-0.134138257575758,0.504678023071289,73.3140701765282,0,0,0,0,0,1
1.93309090909091,1.80252941176471,-0.130561497326203,0.572648614990234,78.5822209676826,0,0,0,0,0,0
1.96007142857143,1.839,-0.121071428571429,0.739378651794434,85.206679753469,0,0,0,0,0,0
1.9882,1.84366666666667,-0.144533333333334,0.517184867980957,92.810139993824,0,0,0,0,1,0
1.9374,1.82764864864865,-0.109751351351352,0.792191801757813,100.985644918928,0,0,0,0,0,0
1.984625,1.86358333333333,-0.121041666666667,0.321296452033997,80.9221509774061,0,0,0,1,0,0
1.99085185185185,1.82207692307692,-0.168774928774929,0.0686888574752808,276.60963798732,0,0,0,1,0,0
1.95492592592593,1.7998,-0.155125925925926,0.0922886255493164,140.862429390642,0,0,0,0,0,0
2.06515384615385,1.86669230769231,-0.198461538461538,0.0527995982093811,113.637228378264,1,0,0,0,0,0
1.96141379310345,1.84042857142857,-0.120985221674877,0.819417888671875,101.291418148715,0,0,0,0,0,0
1.93664705882353,1.80378260869565,-0.132864450127877,0.325820904541016,125.836002013919,0,0,0,0,0,0
1.9630625,1.80383870967742,-0.159223790322581,0.657691424682617,80.5849035139485,0,0,0,0,0,0
1.99133333333333,1.84960606060606,-0.141727272727273,0.561720518676758,69.4295449485664,0,0,0,1,0,0
1.979,1.86685714285714,-0.112142857142857,0.516856693725586,81.2604354550529,0,0,0,0,0,0
1.96547058823529,1.83871428571429,-0.126756302521008,0.697643453979492,90.3040079293168,0,0,0,0,0,0
1.9726,1.81066666666667,-0.161933333333333,0.539091463928223,79.7638302166202,0,0,0,0,0,1
1.97595652173913,1.839,-0.13695652173913,0.520785767089844,96.0087682107761,0,0,1,0,0,0
2.26316666666667,2.05275,-0.210416666666667,0.254226242660522,82.6035887571295,0,0,0,1,0,0
2.019,1.87280952380952,-0.146190476190476,0.110993436210632,126.13358481336,0,0,0,0,0,0
1.98932258064516,1.83059090909091,-0.158731671554252,0.129656640167236,69.4141078188625,1,0,0,0,1,0
1.974,1.85814285714286,-0.115857142857143,0.834518175292969,97.0619962489899,0,0,1,0,0,0
1.984,1.84875609756098,-0.135243902439024,0.328541756530762,100.443853312479,0,0,0,0,1,0
1.979,1.86677777777778,-0.112222222222222,0.319511721008301,156.488781826883,0,0,0,0,0,0
1.93687878787879,1.78287096774194,-0.154007820136852,0.446627627197266,85.0820631909012,0,0,0,0,0,0
1.95757142857143,1.81971428571429,-0.137857142857143,0.902277309570312,89.7728438262226,0,0,0,0,0,0
1.969,1.78996774193548,-0.179032258064516,0.207950971244812,139.455948805642,0,0,0,0,0,0
1.94614285714286,1.80677777777778,-0.139365079365079,0.051549674785614,252.183938192912,0,0,0,0,0,0
1.95669230769231,1.78090476190476,-0.175787545787546,0.0379374905014038,184.514049492572,0,0,0,0,0,0
1.95042857142857,1.81478947368421,-0.135639097744361,0.773649830505371,90.4802111237767,0,0,0,0,0,0
2.1166,1.891,-0.2256,0.230041812545776,134.758110523196,0,0,1,0,0,0
2.079,1.8485652173913,-0.230434782608696,0.054257485824585,129.014455675869,0,0,1,0,0,0
2.3715,2.289,-0.0825000000000005,0.218991080871582,118.726296507238,0,1,0,0,1,0
2.01438461538462,1.86589655172414,-0.148488063660478,0.838549684936524,64.3968997544704,0,0,1,0,0,0
1.97608333333333,1.83811764705882,-0.13796568627451,0.425728352249146,65.7696389072387,0,0,0,0,0,0
1.99163157894737,1.84081818181818,-0.150813397129187,0.377984981063843,100.533094973902,0,0,1,0,0,0
2.01566666666667,1.90581818181818,-0.109848484848485,0.150478326782227,186.07330768983,0,0,0,0,0,0
1.94575675675676,1.82066666666667,-0.12509009009009,0.217119156356812,175.019103047504,0,0,0,0,0,0
1.984,1.83138095238095,-0.152619047619048,0.0525595493621826,95.1301915765202,0,0,0,0,0,0
2.00566666666667,1.80726086956522,-0.19840579710145,0.344559387649536,101.579005694077,0,0,0,0,0,0
1.968,1.834,-0.134,0.085161202835083,70.4546178336533,0,0,0,0,0,0
1.99233333333333,1.874,-0.118333333333333,0.32806652381897,124.974653075619,0,0,0,0,0,0
1.977,1.84664705882353,-0.130352941176471,0.10908125907898,137.512164111888,0,0,0,0,0,0
1.9942,1.85990909090909,-0.134290909090909,0.621492130126953,115.850219994407,0,0,1,0,0,0
1.97775,1.829,-0.14875,0.474968937194824,109.480843751831,0,0,0,1,0,0
1.97990909090909,1.79175862068966,-0.188150470219436,0.177122621681213,158.082574287968,0,0,0,0,0,0
2.04106896551724,1.85190322580645,-0.18916573971079,0.277975666931152,154.689798840019,0,0,0,1,0,0
1.98117391304348,1.834,-0.147173913043478,0.511166050628662,105.640818543383,0,0,1,0,0,0
1.959,1.80164705882353,-0.157352941176471,0.749749147094727,88.0294432554537,0,0,0,0,0,0
2.02627272727273,1.88471428571429,-0.141558441558442,0.0366979782104492,217.995660527209,0,0,0,0,0,0
1.98788888888889,1.86361538461538,-0.124273504273504,0.0735119658050537,190.445185986817,0,0,0,0,0,0
1.96483333333333,1.83257142857143,-0.132261904761905,0.350053203399658,88.5579669002688,0,0,1,0,0,0
1.98334782608696,1.82669230769231,-0.156655518394649,0.224674701080322,106.821105734641,0,0,1,0,0,0
1.95558536585366,1.82455555555556,-0.131029810298103,0.310362979522705,90.2169454715897,0,0,0,0,0,0
1.98996774193548,1.83307407407407,-0.15689366786141,0.230196952651978,99.9144416771341,0,0,0,1,0,0
1.97995238095238,1.85614285714286,-0.123809523809524,0.146299961853027,82.0232613051203,0,0,1,0,0,0
1.98380769230769,1.81158064516129,-0.172227047146402,0.181763038246155,148.545052176312,0,0,0,0,0,0
1.96958823529412,1.82757142857143,-0.142016806722689,0.592539400878906,69.1937108978495,0,0,0,0,0,0
1.97030434782609,1.81996774193548,-0.150336605890603,0.59855094519043,95.2299891229232,0,0,1,0,0,0
2.03214285714286,1.85791304347826,-0.174229813664596,0.0901392615203858,99.845504036713,0,0,0,0,1,0
2.00042857142857,1.865875,-0.134553571428572,0.202513463531494,108.634752555988,0,0,1,0,0,0
1.97081818181818,1.83204347826087,-0.138774703557312,0.779142607910156,84.7084979436916,0,0,0,0,0,1
1.93366666666667,1.77138095238095,-0.162285714285714,0.545806767303467,119.089765634694,0,0,0,0,0,0
1.99726086956522,1.881,-0.116260869565217,0.325423342147827,153.646015894235,0,0,0,1,0,0
1.96825925925926,1.85215789473684,-0.116101364522417,0.826680739135742,100.401516656567,0,0,1,0,0,0
1.98159259259259,1.84486206896552,-0.136730523627075,0.296743225189209,77.5080879616873,0,0,1,0,0,0
2.01011111111111,1.88438461538462,-0.125726495726496,0.0455625792179108,395.061041516371,0,0,0,0,0,0
1.97976923076923,1.83047058823529,-0.149298642533937,0.0939656192169189,95.7797125693767,0,0,0,0,0,0
1.98233333333333,1.83964516129032,-0.142688172043011,0.753221397979736,90.2789009743844,0,0,1,0,0,0
1.99566666666667,1.88633333333333,-0.109333333333333,0.0357515914001465,83.9123485839489,0,0,0,0,0,0
1.99525,1.86614285714286,-0.129107142857143,0.246393927108765,174.517288248824,0,0,0,0,0,0
1.97073913043478,1.82364285714286,-0.147096273291926,0.875601416748047,77.660906777138,0,0,0,0,0,0
1.99057894736842,1.82036363636364,-0.170215311004785,0.0827292490386963,72.52573992535,0,0,0,0,0,0
1.964,1.91958823529412,-0.0444117647058824,0.0766118098907471,130.528178544021,0,0,0,0,0,0
1.98483333333333,1.84784615384615,-0.13698717948718,0.355952077545166,115.18404466904,0,0,0,1,0,0
1.969,1.82983333333333,-0.139166666666667,0.35001142791748,99.9967349873264,0,0,1,0,0,0
1.9994347826087,1.867,-0.132434782608696,0.117769075149536,118.876708356788,0,0,1,0,0,0
2.019,1.8535,-0.1655,0.121765072700501,221.738462444075,0,0,0,0,0,0
1.979,1.829,-0.15,0.157096727554321,152.772119277286,1,0,0,0,0,0
1.96664705882353,1.86833333333333,-0.098313725490196,0.0727070635576248,123.784396723256,0,0,0,0,0,0
1.98421739130435,1.84751851851852,-0.136698872785829,0.48525606930542,94.7953109908402,0,0,1,0,0,0
1.97073913043478,1.84669230769231,-0.124046822742475,0.90898861340332,78.1087892115291,0,0,0,0,0,0
2.0006,1.84190322580645,-0.158696774193548,0.774108929138184,72.3412402209917,0,0,0,1,0,0
1.967,1.82555172413793,-0.141448275862069,0.226740648742676,110.258130329212,0,0,0,1,0,0
2.01723529411765,1.84081818181818,-0.176417112299465,0.313963053833008,143.328966420153,0,0,0,0,0,0
1.9626,1.81608333333333,-0.146516666666667,0.534596434387207,95.3990650133308,0,0,0,0,0,0
1.9882,1.85175862068966,-0.136441379310345,0.788793302978516,92.5464246772241,0,0,1,0,0,0
2.00185714285714,1.85258974358974,-0.149267399267399,0.835390099487305,95.7636438941491,0,0,0,1,0,0
1.9815,1.8182,-0.1633,0.672684823638916,87.7082370921305,0,0,0,0,0,0
1.984,1.8782,-0.1058,0.112995122612,61.9495765674459,0,0,0,0,0,0
1.94828571428571,1.79636842105263,-0.151917293233083,0.589102698852539,101.849813482214,0,0,0,0,0,0
1.99485365853659,1.83445454545455,-0.16039911308204,0.0942050620422363,63.6908449496051,0,0,0,1,0,0
1.99344444444444,1.82757142857143,-0.165873015873016,0.205479131958008,146.000227439791,0,0,0,1,0,0
2.01825925925926,1.85547058823529,-0.162788671023965,0.0860766848449707,116.175477924256,0,0,1,0,0,0
1.97311764705882,1.83691666666667,-0.136200980392157,0.152113646392822,85.4624177927368,0,0,0,0,0,0
1.96426315789474,1.81584210526316,-0.148421052631579,0.605284625686646,67.7367279129036,0,0,0,0,0,0
1.95971428571429,1.82796551724138,-0.131748768472906,0.838494792236328,81.0977010586302,0,0,0,0,0,0
2.064,1.86733333333333,-0.196666666666667,0.136006591674805,80.8784329093496,0,0,0,0,0,0
1.98066666666667,1.83292857142857,-0.147738095238095,0.18306573298645,103.787856361989,0,0,0,0,1,0
1.97313793103448,1.82693103448276,-0.146206896551724,0.247349844467163,80.8571359447736,0,0,0,0,0,0
2.00233333333333,1.82196296296296,-0.180370370370371,0.04051350522995,98.7325085128148,0,0,0,0,0,0
1.9515,1.835875,-0.115625,0.816824834228516,112.631247416581,0,0,0,0,0,0
1.92861538461538,1.80344444444444,-0.12517094017094,0.50162962677002,55.818074742298,0,0,0,0,0,0
1.97066666666667,1.809,-0.161666666666667,0.0198610606708527,151.0493346613,0,0,0,0,0,0
1.9665,1.8185,-0.148,0.205785714492798,92.3290523194455,0,0,0,0,0,0
1.99090476190476,1.83036363636364,-0.160541125541126,0.0693097326278687,245.275798296248,0,0,0,0,0,0
1.9927037037037,1.82976923076923,-0.162934472934473,0.19938105380249,130.403563950244,0,0,1,0,0,0
2.07172727272727,1.85995238095238,-0.211774891774892,0.120404077741623,99.6643986240316,0,0,0,0,0,0
1.97357142857143,1.84602702702703,-0.127544401544402,0.901768467224121,87.6056358936376,0,0,0,0,1,0
1.97584210526316,1.82706451612903,-0.148777589134126,0.254168020965576,129.835373760373,0,0,0,0,0,0
2.0024375,1.84441666666667,-0.158020833333334,0.509444143798828,60.8506356925391,0,0,0,1,0,0
2.01852380952381,1.8578,-0.16072380952381,0.165626396820068,84.5275890123311,0,0,0,0,0,0
2.022,1.86614814814815,-0.155851851851852,0.211796030303955,42.4937142923964,1,0,0,0,0,0
1.96536363636364,1.83135294117647,-0.134010695187166,0.642755028167725,91.7923585416187,0,0,0,0,0,0
1.9638275862069,1.83078571428571,-0.133041871921182,0.765370470825195,112.363885566787,0,0,0,0,0,0
1.97433333333333,1.8215641025641,-0.152769230769231,0.471264825805664,97.6096612374145,0,0,0,0,0,0
1.97978947368421,1.83136842105263,-0.148421052631579,0.844450115844727,88.8151929791323,0,0,0,0,0,0
1.93381481481482,1.79512903225806,-0.13868578255675,0.496853982086182,92.5825326122094,0,0,0,0,0,0
1.99258974358974,1.82288888888889,-0.169700854700855,0.113206394393921,132.501349241854,0,0,0,0,0,0
2.04035135135135,1.85358333333333,-0.186768018018018,0.304592678344727,134.605993232699,0,0,0,0,0,0
1.95881481481481,1.79562790697674,-0.163186907838071,0.779487421813965,42.3355131545354,0,0,0,0,0,0
2.01233333333333,1.82932258064516,-0.183010752688172,0.224118515625,138.319673916946,0,0,0,0,0,0
1.95517647058824,1.80640740740741,-0.148769063180828,0.170794499961853,87.8248421544619,0,0,0,0,0,0
2.0115,1.862125,-0.149375,0.120735457252502,198.781704613974,0,0,0,0,0,0
1.97166666666667,1.8274,-0.144266666666667,0.62056602633667,91.8516283214581,0,0,0,1,0,0
1.98691666666667,1.8642,-0.122716666666667,0.325631522567749,153.547788020422,0,1,0,0,0,0
1.98066666666667,1.865,-0.115666666666667,0.0673012772369385,89.1513541247756,0,0,0,0,0,0
1.977,1.8268125,-0.1501875,0.523708958374023,89.7445026449852,0,0,0,0,0,0
1.9852962962963,1.83733333333333,-0.147962962962963,0.192302475868225,124.803385352386,0,0,0,0,0,0
1.95244827586207,1.83047058823529,-0.121977687626775,0.689111030578613,78.3618279258407,0,0,1,0,0,0
1.993375,1.83333333333333,-0.160041666666667,0.611582273254395,94.8359730758158,0,0,0,1,0,0
2.00706451612903,1.84328571428571,-0.163778801843318,0.0863035891571045,185.39205792327,0,0,0,0,0,0
1.91813043478261,1.78667441860465,-0.131456016177958,0.0648295191345215,61.7002879768395,0,0,0,0,0,0
2.04160869565217,1.84933333333333,-0.192275362318841,0.371558265426636,88.8151417170287,0,0,1,0,0,0
1.99614285714286,1.81157142857143,-0.184571428571429,0.0521129257965088,249.458263977781,0,0,0,0,0,0
1.99127272727273,1.83105882352941,-0.160213903743316,0.0820458737030029,158.447943976544,0,0,0,0,0,0
1.959,1.818,-0.141,0.708099159637451,81.9094320486077,0,0,0,0,0,0
2.01958823529412,1.86429411764706,-0.155294117647059,0.114762041419983,191.701016536372,0,0,0,0,0,0
2.01476923076923,1.86316666666667,-0.151602564102564,0.0887629689254761,90.1276748270629,0,0,1,0,0,0
1.97627272727273,1.8542380952381,-0.122034632034632,0.778649847045899,115.584688472551,0,0,0,0,1,0
1.994,1.844,-0.15,0.0330411637153625,181.591667039569,0,0,0,0,0,0
2.04135294117647,1.82033333333333,-0.221019607843137,0.0555710438194275,161.954848810193,0,0,0,0,0,0
2.26321052631579,2.05971428571429,-0.203496240601504,0.47235021081543,97.385369894488,0,1,0,1,0,0
2.03595652173913,1.82284615384615,-0.213110367892977,0.103930863250732,115.461371383495,0,0,0,0,0,0
1.94828571428571,1.79664705882353,-0.151638655462185,0.489994246246338,87.7561325044261,0,0,0,0,0,0
1.98364285714286,1.8518125,-0.131830357142857,0.310185393585205,99.9402313619406,0,0,1,0,0,0
2.019,1.85566666666667,-0.163333333333334,0.781315726074219,103.67127820016,0,0,0,0,0,0
1.98718181818182,1.86194117647059,-0.12524064171123,0.690045610351563,97.095031103618,0,0,1,0,0,0
2.0098,1.77335897435897,-0.236441025641026,0.123460799545288,137.695528156401,0,0,0,0,0,0
1.99471428571429,1.8215,-0.173214285714286,0.401779004760742,74.6679135657297,0,0,0,0,1,0
1.97085185185185,1.81958823529412,-0.151263616557734,0.0749495241241455,133.423128657043,0,0,0,0,0,0
1.97796551724138,1.83925641025641,-0.138709106984969,0.391479615722656,132.829393693999,0,0,1,0,0,0
1.97066666666667,1.83323076923077,-0.137435897435898,0.106337907745361,112.847809914931,0,0,0,1,0,0
1.96864285714286,1.849,-0.119642857142857,0.613142739685059,91.3327295186835,0,0,1,0,0,0
2.04075,1.85412820512821,-0.186621794871795,0.230764753051758,147.336192162649,0,0,0,0,1,0
1.98378260869565,1.86641935483871,-0.117363253856943,0.0672451662292481,178.451488380449,0,0,1,0,0,0
1.949,1.801,-0.148,0.0805072517700195,74.5274477526553,0,0,0,0,0,0
1.94483333333333,1.84542857142857,-0.099404761904762,0.783731161010742,108.455557503136,0,1,0,0,0,0
1.96011111111111,1.82172727272727,-0.138383838383839,0.516807865875244,92.8778433329555,0,0,0,0,0,0
1.9595,1.82519047619048,-0.134309523809524,0.185445035629272,97.0638008125719,0,0,0,0,0,0
1.96005263157895,1.82928571428571,-0.130766917293233,0.215032501617432,93.009195584686,0,0,0,0,0,0
2.01671428571429,1.84778787878788,-0.168926406926407,0.384891941802979,90.9346135854309,0,0,0,0,1,0
1.97723529411765,1.82344444444444,-0.153790849673203,0.150876319114685,99.4191804785356,0,0,0,0,0,0
1.99661904761905,1.84640740740741,-0.15021164021164,0.612275924316406,109.427787928791,0,0,0,0,0,1
1.98757142857143,1.81323076923077,-0.174340659340659,0.0852484892120361,152.495371122243,0,0,1,0,0,0
1.96471428571429,1.82566666666667,-0.139047619047619,0.566092147979736,84.7918491208576,0,0,0,0,0,1
2.04257142857143,1.85138095238095,-0.191190476190476,0.0860839648513794,116.165653118611,0,0,1,0,0,0
2.045,1.82275,-0.22225,0.0750434733886719,213.209747330476,0,0,0,0,0,0
1.97048148148148,1.83370588235294,-0.13677559912854,0.416587469329834,91.2173380085838,0,0,0,0,1,0
2.0465,1.8405,-0.206,0.025171902425766,238.361006590364,0,0,0,0,0,0
2.005,1.84937037037037,-0.15562962962963,0.237220406402588,134.895646143075,0,0,0,0,0,0
1.95633333333333,1.8585,-0.0978333333333334,0.151457045120239,184.870898397438,0,0,0,0,0,0
2.03328571428571,1.85511111111111,-0.178174603174603,0.14638442175293,54.6506240500273,0,0,0,0,1,0
1.98630769230769,1.8122,-0.174107692307692,0.0913655077972412,120.395543845838,0,0,0,1,0,0
2.0045,1.80581818181818,-0.198681818181818,0.92204042956543,67.2421707464839,0,0,0,0,0,0
1.99348275862069,1.84263636363636,-0.150846394984326,0.0981810206985474,132.408482897269,0,0,0,0,0,0
1.9798,1.829,-0.1508,0.801477603637695,61.1370795360993,0,0,0,0,0,0
2.08471428571429,1.8725,-0.212214285714286,0.243022545913696,119.330492119438,0,0,0,0,0,0
2.0065,1.877,-0.1295,0.113991563354492,26.3177371352524,1,0,1,0,0,0
1.961,1.79592307692308,-0.165076923076923,0.0223705319747925,268.209982970495,0,0,0,0,0,0
2.002125,1.83138095238095,-0.170744047619048,0.100234724319458,129.695572949028,0,0,0,0,0,0
1.99354545454545,1.85870588235294,-0.134839572192514,0.692170292114258,92.4627952530436,0,0,0,1,0,0
2.0015,1.84476923076923,-0.156730769230769,0.372221942474365,88.656783048927,0,0,0,1,0,0
2.00742105263158,1.81841176470588,-0.189009287925697,0.078614378112793,139.923513536132,0,0,1,0,0,0
1.96757142857143,1.81595652173913,-0.151614906832298,0.873501728027344,93.8750289426252,0,0,0,0,0,0
1.99191666666667,1.83358333333333,-0.158333333333333,0.215321456436157,41.7979710381,0,0,0,0,0,1
1.9965,1.81483333333333,-0.181666666666667,0.265471280593872,56.503287159516,0,0,0,0,0,0
1.974,1.83218181818182,-0.141818181818182,0.114168804345131,70.0716806652025,0,0,1,0,0,0
1.99005263157895,1.86677777777778,-0.123274853801169,0.446379881744385,80.6487959522671,0,0,1,0,0,0
2.00733333333333,1.88014285714286,-0.127190476190476,0.0841377796401978,95.08213829995,0,0,0,0,1,0
1.97640740740741,1.82525,-0.151157407407407,0.898272008422852,80.1538947277391,0,0,0,1,0,0
1.9866,1.84968965517241,-0.136910344827586,0.425613704406738,115.127871806433,0,0,1,0,0,0
2.00804761904762,1.85990909090909,-0.148138528138528,0.300348882015228,89.895456972705,0,0,0,0,0,1
2.029,1.825,-0.204,0.0654174555435181,91.7186391636493,0,0,0,0,0,0
1.9965,1.8405,-0.156,0.0767724904327393,91.1784932407883,0,0,0,0,0,0
2.00334782608696,1.83630769230769,-0.167040133779264,0.313107922393799,99.0073957982162,0,0,1,0,0,0
1.973375,1.83933333333333,-0.134041666666667,0.296173131340027,81.0336842218357,0,0,0,0,0,0
1.97117391304348,1.83223529411765,-0.138938618925831,0.668108948730469,94.2959978603964,0,0,0,0,0,0
1.975,1.81775,-0.15725,0.141144236114502,92.1043632943953,0,1,0,1,0,0
1.9726,1.83271428571429,-0.139885714285714,0.699910076904297,84.2965431515961,0,0,0,0,0,0
2.04033333333333,1.856,-0.184333333333333,0.0873764847564697,206.005083062891,0,0,0,0,0,0
1.999,1.80677777777778,-0.192222222222222,0.0479968294448853,312.520642998398,0,0,0,0,0,0
1.97364285714286,1.82809090909091,-0.145551948051948,0.539560234161377,120.468477631654,0,0,1,0,0,0
1.97016279069767,1.85165306122449,-0.118509729473185,0.567338811889648,111.044756113484,0,0,0,0,1,0
1.99769565217391,1.86553846153846,-0.132157190635452,0.115141409667969,26.0549181102702,1,0,1,0,0,0
1.94624137931034,1.7915,-0.154741379310345,0.117446454467773,136.232294729598,0,0,0,0,0,0
1.95803225806452,1.82533333333333,-0.132698924731183,0.358298510772705,122.802631540694,0,0,0,0,0,0
2.02309090909091,1.84448387096774,-0.178607038123167,0.051134264541626,156.450866590397,0,0,0,0,0,0
1.95947619047619,1.83864285714286,-0.120833333333334,0.64349161328125,90.1332648365846,0,0,0,0,0,0
2.06257142857143,1.8469,-0.215671428571429,0.0372071693725586,161.259243881777,0,0,0,0,0,0
1.98381481481482,1.82435714285714,-0.159457671957672,0.161915658340454,74.112659164613,0,0,0,0,0,0
1.999,1.8206,-0.1784,0.844839448059082,92.3252343142779,0,0,1,0,0,0
1.97677777777778,1.83738709677419,-0.139390681003584,0.190151101257324,78.8846338560042,0,0,1,0,0,0
1.9982,1.83639130434783,-0.161808695652174,0.455612914459229,83.4041327496227,0,0,0,0,0,1
2.07718181818182,1.87614285714286,-0.201038961038961,0.231983793533325,120.69808659275,0,0,0,0,0,0
2.03861538461538,1.85445454545455,-0.184160839160839,0.318550790756226,141.264756848263,0,0,0,1,0,0
1.94866666666667,1.83687878787879,-0.111787878787879,0.763615190551758,95.5978887052432,0,0,0,0,0,1
2.031,1.8637619047619,-0.167238095238095,0.182449389167786,71.2526364670086,0,0,0,0,0,0
2.0515,1.919,-0.1325,0.0351637974967957,113.753356711957,0,0,1,0,0,0
2.09354545454545,1.89284615384615,-0.200699300699301,0.0709491062011719,70.4730512858443,0,0,0,0,0,0
1.95515384615385,1.82605882352941,-0.129095022624435,0.529718157226562,88.7264281180717,0,0,0,0,0,0
1.964,1.80130769230769,-0.162692307692308,0.0478115344085693,209.154550752249,0,0,0,0,0,0
1.96828571428571,1.82870588235294,-0.139579831932773,0.392190040924072,117.290076748546,0,0,0,1,0,0
1.99385714285714,1.84507142857143,-0.148785714285715,0.892313830566406,91.8959195644761,0,0,0,1,0,0
1.96864285714286,1.79976923076923,-0.168873626373626,0.80263324887085,88.4588323494988,0,0,0,0,0,0
2.03370588235294,1.84575675675676,-0.187949125596184,0.129625672325134,115.7178183221,0,0,0,0,1,0
1.95017647058824,1.82775,-0.122426470588235,0.180864018310547,105.051298635733,1,0,0,0,0,0
1.9774375,1.85106896551724,-0.126368534482759,0.786644408569336,113.138794391056,0,0,0,1,0,0
1.9882,1.839,-0.1492,0.552963665649414,90.4218542845465,0,0,1,0,0,0
2.0365,1.87042857142857,-0.166071428571429,0.0950072718658447,242.086732397465,0,0,0,0,0,0
1.97528571428571,1.84845945945946,-0.126826254826255,0.766622331054688,108.267130551509,0,0,0,1,0,0
2.05204347826087,1.807,-0.245043478260869,0.0608577584533691,180.749345351398,0,0,0,0,0,0
2.04344444444444,1.83275,-0.210694444444445,0.05461646534729,128.166477919965,0,0,0,0,0,0
1.95483333333333,1.819,-0.135833333333333,0.782417871337891,100.969063839141,0,0,0,0,0,0
1.99321052631579,1.879,-0.11421052631579,0.15427826247406,84.2633290751883,1,0,0,0,0,0
1.98025,1.84478947368421,-0.13546052631579,0.419589063079834,88.1815167640824,0,0,0,0,0,1
1.94976923076923,1.8155,-0.134269230769231,0.136732458358765,124.330390925867,0,0,0,0,0,1
2.09592307692308,1.80813043478261,-0.287792642140468,0.0900660492324829,188.750368700183,0,0,0,0,0,0
2.03429411764706,1.84816666666667,-0.186127450980392,0.0907725402679443,154.231664759789,0,0,0,0,0,0
1.97825925925926,1.81674193548387,-0.161517323775388,0.422589281616211,99.3872817582339,0,0,0,0,0,0
1.99066666666667,1.83190322580645,-0.158763440860215,0.484278196334839,43.3635050244554,0,0,0,0,0,0
1.96508695652174,1.8154,-0.149686956521739,0.389046933654785,82.2522868883339,0,0,0,0,0,0
1.93222580645161,1.78341176470588,-0.148814041745731,0.527383928375244,92.9114395862582,0,0,0,0,0,0
1.9886,1.84015384615385,-0.148446153846154,0.366382951538086,158.304309074738,0,0,0,0,0,1
1.98358333333333,1.82796551724138,-0.155617816091954,0.92243308605957,91.0635159010063,0,0,1,0,0,0
2.0105,1.88361538461538,-0.126884615384615,0.0414214066619873,410.415805979883,0,0,0,0,0,0
1.95280952380952,1.79960606060606,-0.153203463203463,0.254148006729126,94.4331624271974,0,0,0,0,0,0
1.98945454545455,1.84694117647059,-0.142513368983957,0.0856469905853272,58.3791673919783,0,0,0,0,0,0
1.96775,1.83106896551724,-0.136681034482759,0.460082935241699,113.023100873503,0,0,1,0,0,0
1.96334782608696,1.82835483870968,-0.134992987377279,0.114678395187378,61.0402682088671,0,0,0,0,0,1
2.00078571428571,1.84861538461538,-0.15217032967033,0.836906538085938,88.4208649740544,0,0,0,0,0,1
2.0137619047619,1.844,-0.169761904761905,0.0860212473754883,58.1251743325074,0,0,0,1,0,0
1.98595652173913,1.8382,-0.147756521739131,0.153929910964966,103.943410995941,0,0,1,0,0,0
1.99323076923077,1.84490909090909,-0.148321678321679,0.872035862976074,79.1251861643827,0,0,0,0,0,1
2.003,1.87025,-0.13275,0.685853530273438,97.6884962205973,0,0,0,1,0,0
1.98592307692308,1.81525,-0.170673076923077,0.0667742054595947,269.565169306161,0,0,0,0,0,0
1.98873684210526,1.84993023255814,-0.138806609547124,0.361439823059082,146.635751288912,0,0,0,0,1,0
2.00332432432432,1.8515,-0.151824324324324,0.14672627192688,109.046592610037,0,0,0,0,0,0
2.02614285714286,1.86455555555556,-0.161587301587302,0.130581973999023,168.476546388895,0,0,0,0,0,0
1.95190322580645,1.80968965517241,-0.142213570634038,0.464103323974609,90.4970893987775,0,0,0,0,0,0
2.099,1.80869696969697,-0.290303030303031,0.0609984045181274,295.089685413834,0,0,0,0,0,0
1.987,1.80733333333333,-0.179666666666667,0.0552100042724609,72.450637392818,0,0,0,0,0,0
2.001,1.85682608695652,-0.144173913043478,0.115837745574951,112.225940995964,0,0,0,1,0,0
1.965,1.81059090909091,-0.154409090909091,0.330407723472595,115.009418062686,0,0,0,0,0,0
2.056,1.84090476190476,-0.215095238095238,0.061435045753479,179.050896195956,0,0,0,0,0,0
2.00033333333333,1.86517647058824,-0.135156862745098,0.858662338806152,86.1805585917352,0,0,0,1,0,0
1.9636875,1.83706451612903,-0.126622983870968,0.654091958129883,87.1437101336163,0,0,0,0,0,0
1.99233333333333,1.77036363636364,-0.221969696969697,0.117331149475098,110.797516756274,0,0,0,0,0,0
2.04291304347826,1.85864285714286,-0.184270186335404,0.270227393539429,133.221134720923,0,0,0,1,0,0
1.94784615384615,1.83205555555556,-0.115790598290598,0.838085179199219,93.0692988444541,0,0,0,0,0,0
1.93311764705882,1.81733333333333,-0.11578431372549,0.501262359680176,71.8186779932356,0,0,0,0,0,0
2.03996774193548,1.8515,-0.188467741935484,0.382969227767944,104.447034121074,0,0,1,0,0,0
1.96093548387097,1.81865517241379,-0.142280311457175,0.735662387298584,81.5591513660569,0,0,0,1,0,0
1.974,1.80995238095238,-0.164047619047619,0.452364983764648,77.3711521805353,0,1,0,0,0,0
1.9436875,1.82751851851852,-0.116168981481481,0.0250288156528473,159.815792144562,0,0,0,0,0,0
1.96233333333333,1.79933333333333,-0.163,0.0642943885116577,93.3207413414017,0,0,1,0,0,0
1.94677777777778,1.8365,-0.110277777777778,0.550582243804932,87.1804358750918,0,0,0,0,0,0
2.01782352941176,1.8095,-0.208323529411765,0.208072608291626,67.2842048501559,0,0,0,0,0,0
1.9615,1.84442857142857,-0.117071428571429,0.684973429473877,87.5946385921649,0,0,1,0,0,0
1.95828571428571,1.8285652173913,-0.12972049689441,0.395151503662109,98.6963218880943,0,0,0,0,0,0
1.97614285714286,1.87775,-0.0983928571428572,0.149002644210815,120.803225307417,0,0,0,0,0,0
1.97983333333333,1.83261111111111,-0.147222222222222,0.522995368530273,107.075518005775,0,0,0,0,0,0
1.9636875,1.82627272727273,-0.137414772727273,0.289919115600586,113.824850533358,0,0,0,0,0,0
1.9365,1.80438461538462,-0.132115384615385,0.115105117652893,104.25253233472,0,0,0,0,0,0
1.98066666666667,1.81361538461538,-0.167051282051282,0.240939014022827,83.0085575020455,0,0,0,0,0,0
1.98536363636364,1.85738709677419,-0.127976539589443,0.106459273590088,169.078741503605,0,0,0,0,0,0
1.9538,1.80507142857143,-0.148728571428572,0.515109233276367,95.1254546309218,0,0,0,0,0,0
2.00233333333333,1.835,-0.167333333333334,0.0461910319595337,194.843016451431,0,0,0,0,0,0
1.93354545454545,1.79021951219512,-0.143325942350333,0.0539751178970337,111.162332455595,0,0,0,0,0,0
1.96828571428571,1.81784615384615,-0.150439560439561,0.0733536972351074,163.590936139709,0,0,0,0,0,0
1.95275,1.80247826086957,-0.150271739130435,0.595979498779297,95.6408737494312,0,0,0,0,0,0
1.95210344827586,1.81566666666667,-0.136436781609196,0.496926534393311,76.4700561751921,0,0,0,0,0,0
1.96658620689655,1.82293939393939,-0.143646812957158,0.717815775177002,78.0144459575179,0,0,0,1,0,0
2.011,1.82803225806452,-0.182967741935484,0.273765943344116,91.3188824534529,0,0,0,0,0,0
2.05017647058824,1.85435714285714,-0.195819327731093,0.0868202328491211,230.361049995761,0,0,0,0,0,0
1.95854545454545,1.81364285714286,-0.144902597402597,0.749473933197022,82.7246916187297,0,0,0,0,0,0
1.98669230769231,1.84033333333333,-0.146358974358974,0.236056027862549,105.907060397361,0,0,1,0,0,0
1.994,1.85175862068966,-0.142241379310345,0.790475276977539,101.204936232652,0,0,1,0,0,0
1.9498,1.809,-0.1408,0.498960169555664,86.1792235606552,0,0,1,0,0,0
2.00763636363636,1.81438461538462,-0.193251748251748,0.23154423487854,112.289558898492,0,0,0,0,0,0
1.974,1.85536363636364,-0.118636363636364,0.131255079040527,91.4250335127587,0,0,0,0,0,1
1.99861538461538,1.84015384615385,-0.158461538461539,0.206309421920776,58.1650604624739,1,0,1,0,0,0
1.98775,1.83143902439024,-0.156310975609756,0.948469991210937,91.7266764433155,0,0,0,0,1,0
1.95864285714286,1.82831034482759,-0.130332512315271,0.24596488117981,142.296736965525,0,0,0,0,0,0
1.96566666666667,1.8026,-0.163066666666667,0.191006695571899,125.650045555423,0,0,0,0,0,0
1.99108333333333,1.82983333333333,-0.16125,0.415329411773682,101.124550319317,0,0,0,1,0,0
1.93072413793103,1.7836875,-0.147036637931034,0.459568610229492,89.2141001090698,0,0,0,0,0,0
1.95122222222222,1.797125,-0.154097222222222,0.76260818170166,77.3660726644045,0,0,0,0,0,0
2.04515384615385,1.88038888888889,-0.164764957264957,0.282311869426727,92.0967299490331,0,0,1,0,0,0
1.95263636363636,1.819,-0.133636363636364,0.678343588867188,67.8122425787477,0,0,0,0,0,0
1.9755625,1.8162,-0.1593625,0.306134744140625,107.795670473918,0,0,0,1,0,0
1.97141379310345,1.83,-0.141413793103448,0.406206448272705,113.242909352138,0,0,0,1,0,0
2.00775,1.87122222222222,-0.136527777777778,0.767179155761719,84.7259724300807,0,0,0,1,0,0
1.9846,1.84333333333333,-0.141266666666667,0.187881703582764,106.449960898879,0,0,1,0,0,0
1.979,1.918,-0.0609999999999999,0.0532684666824341,75.0913298076787,1,0,0,0,0,0
1.98738709677419,1.85164705882353,-0.135740037950664,0.914633591796875,67.7867077658888,0,0,1,0,0,0
1.97081818181818,1.81008108108108,-0.160737100737101,0.925470290405273,84.2814737638341,0,0,0,0,0,0
1.979,1.89268421052632,-0.0863157894736844,0.187647730926514,69.2787487267354,1,0,0,0,0,0
1.994,1.82130769230769,-0.172692307692308,0.509353689178467,100.126888414723,0,0,0,0,0,1
2.02841176470588,1.79605882352941,-0.232352941176471,0.0893672515716553,89.5182503580246,0,0,0,0,0,0
2.02508695652174,1.794,-0.231086956521739,0.0327423806991577,274.873109646286,0,0,0,0,1,0
1.98221428571429,1.84007142857143,-0.142142857142857,0.64249329107666,105.837681022394,0,0,0,1,0,0
1.97455555555556,1.81714814814815,-0.157407407407407,0.226234822677612,79.5633483252499,0,0,1,0,0,0
1.97605882352941,1.8394,-0.136658823529412,0.257042507389069,108.931399263151,0,1,0,0,0,0
1.99488235294118,1.8386,-0.156282352941177,0.251035035331726,79.6701543016549,0,0,1,0,0,0
1.961,1.79592307692308,-0.165076923076923,0.0258284708347321,154.867859796838,0,0,0,0,0,0
1.97334782608696,1.86448387096774,-0.108863955119215,0.186911223342896,96.3024032375966,1,0,1,0,0,0
1.944,1.82257142857143,-0.121428571428571,0.0525146161460877,228.507811360895,0,0,0,0,0,0
2.00733333333333,1.81425,-0.193083333333334,0.0742746880950928,121.171831626912,0,0,0,0,0,0
1.98948780487805,1.86706451612903,-0.122423288749017,0.802951135742188,92.1600290553173,0,1,0,0,0,0
2.01818918918919,1.86627272727273,-0.151916461916462,0.104441581634521,86.1725747460837,0,0,0,0,0,0
1.95733333333333,1.79968965517241,-0.15764367816092,0.162950219543457,116.600027009678,0,0,0,0,0,0
1.97122222222222,1.844,-0.127222222222222,0.510967463439941,101.7677322347,0,0,0,0,0,0
1.96177777777778,1.817,-0.144777777777778,0.404167755096436,111.339906344738,0,0,0,0,0,0
1.97233333333333,1.83937037037037,-0.132962962962963,0.720869798706055,92.9432750827729,0,0,0,0,0,0
2.01775,1.84726086956522,-0.170489130434783,0.0175325104370117,57.0368974593032,0,0,0,0,0,0
1.97078571428571,1.82122222222222,-0.149563492063492,0.950355994384766,89.4401682129934,0,0,0,0,0,0
1.98828571428571,1.84048148148148,-0.147804232804233,0.360942285354614,58.1810468102073,1,0,1,0,0,0
1.94733333333333,1.81866666666667,-0.128666666666667,0.752153431884766,86.4185380862005,0,0,0,0,0,0
1.95706451612903,1.79733333333333,-0.159731182795699,0.118360944595337,135.17972549731,0,0,0,0,0,0
2.04622222222222,1.861,-0.185222222222222,0.0903678921661377,154.922281182143,0,0,1,0,0,0
2.0505,1.837,-0.2135,0.0715509438743591,97.8323921525305,0,0,0,0,0,0
2.039,1.83585714285714,-0.203142857142857,0.381008932510376,99.7351945258269,0,0,0,0,0,0
1.97458139534884,1.85389361702128,-0.120687778327561,0.541228899963379,92.3823543114256,0,0,0,0,1,0
2.01263636363636,1.82478947368421,-0.187846889952153,0.400083214752197,72.484920463264,0,0,0,0,0,1
1.98835483870968,1.86388888888889,-0.124465949820789,0.752439419555664,94.3597559547418,0,0,0,0,1,0
1.98971428571429,1.83172727272727,-0.157987012987013,0.561364040985107,89.0687617116652,0,0,0,1,0,0
1.999,1.9615,-0.0375000000000001,0.0285771543827057,104.978961859671,0,0,0,0,0,0
1.96955555555556,1.83718181818182,-0.132373737373737,0.133313527282715,112.516713837973,0,0,0,0,0,0
2.043,1.82718181818182,-0.215818181818182,0.0364387073860168,54.8866890038885,0,0,0,0,0,0
1.97715789473684,1.83711320754717,-0.140044687189673,0.861057986999512,66.1976322856318,0,0,0,0,1,0
1.98726086956522,1.829,-0.158260869565217,0.324561123657227,86.2703446564697,0,0,0,0,0,1
1.967,1.83512903225806,-0.131870967741936,0.643998608520508,96.2734999419267,0,0,0,0,0,0
1.9765,1.849,-0.1275,0.28693895401001,76.6713605543866,0,0,0,0,0,0
1.959,1.82957142857143,-0.129428571428571,0.461897309906006,110.414152466873,0,0,0,0,0,1
2.01247826086957,1.85348275862069,-0.158995502248876,0.176717767547607,67.9048867950826,0,0,1,0,0,0
1.99803225806452,1.85872972972973,-0.139302528334787,0.694130346435547,92.2017029346846,0,1,0,1,0,0
1.97130769230769,1.868375,-0.102932692307693,0.108268086580276,101.599652745723,0,0,0,0,0,0
2.00733333333333,1.83445454545455,-0.172878787878788,0.180605240188599,132.886509687857,0,1,0,0,0,0
1.9705,1.8441724137931,-0.126327586206897,0.528620004272461,94.5859021525584,0,0,0,0,0,0
1.94252941176471,1.81945454545455,-0.12307486631016,0.169315134963989,112.216784424151,0,0,0,0,0,0
2.04775,1.83275,-0.215,0.024787933052063,282.395469815803,0,0,0,0,0,0
2.004,1.8268125,-0.1771875,0.799211953979492,68.8177894814262,0,0,0,1,0,0
1.99841176470588,1.8605625,-0.137849264705882,0.0343507769165039,58.2228461633162,0,0,0,0,0,0
1.99610526315789,1.82242105263158,-0.173684210526316,0.04922471301651,162.519992697912,0,0,0,0,0,0
1.97825925925926,1.84007142857143,-0.138187830687831,0.397397498626709,70.4584203392319,0,0,1,0,0,0
1.9795,1.84207692307692,-0.137423076923077,0.771451397399902,89.4417979312208,0,0,0,0,0,1
1.98370588235294,1.80847368421053,-0.175232198142415,0.0671019608917236,253.34580054123,0,0,0,0,0,0
1.95553846153846,1.832125,-0.123413461538462,0.832967021728516,93.6411622132888,0,1,0,0,0,0
1.93221428571429,1.82311764705882,-0.109096638655462,0.75714890612793,93.7728357333236,0,0,0,0,0,0
2.01566666666667,1.89233333333333,-0.123333333333333,0.0741689133987427,188.758326884661,0,0,1,0,0,0
1.98794736842105,1.84775,-0.140197368421053,0.103626671188354,125.450329060275,0,0,0,0,0,0
1.99633333333333,1.848,-0.148333333333334,0.910629184814453,90.0476301083059,0,0,1,0,0,0
1.93175862068966,1.78842857142857,-0.143330049261084,0.399699848236084,97.5732169329335,0,0,0,0,0,0
1.975,1.83085185185185,-0.144148148148148,0.049640938041687,141.01264553304,0,0,0,0,0,0
1.99233333333333,1.857,-0.135333333333333,0.811931868652344,84.982499965825,0,0,1,0,0,0
1.98078571428571,1.86185714285714,-0.118928571428572,0.610536698364258,109.73951308661,0,0,1,0,0,0
1.9958,1.85666666666667,-0.139133333333333,0.262767495170593,106.558080868495,0,0,1,0,0,0
1.99986956521739,1.85042857142857,-0.14944099378882,0.760995832946777,63.0752468303687,0,0,0,0,0,1
1.92445454545455,1.80252941176471,-0.12192513368984,0.0279687013092041,214.525513132263,0,0,0,0,0,0
1.96804761904762,1.83438461538462,-0.133663003663004,0.0824782947540283,60.6220098864956,0,0,0,0,0,0
1.9865,1.85814285714286,-0.128357142857143,0.834957593933105,86.2319242595792,0,0,1,0,0,0
1.95757142857143,1.8015,-0.156071428571429,0.0329791120243072,121.28889331683,0,0,0,0,0,0
2.01110526315789,1.84313793103448,-0.167967332123412,0.458981237991333,54.4684573805435,0,0,0,0,1,0
1.984,1.849,-0.135,0.840484536621094,83.2852919357841,0,0,1,0,0,0
1.96194117647059,1.81782352941176,-0.144117647058824,0.52191414050293,88.1371023127927,0,0,0,0,0,1
1.98542857142857,1.83291304347826,-0.152515527950311,0.644045676940918,71.4235055788129,0,0,0,0,0,1
1.95766666666667,1.82293939393939,-0.134727272727273,0.386455729064941,106.092359140858,0,0,0,0,0,0
1.967,1.83974074074074,-0.127259259259259,0.889226296264648,91.0904235966196,0,0,0,1,0,0
1.97718181818182,1.80073913043478,-0.176442687747036,0.0262157346611023,190.725152838031,0,0,0,0,1,0
2.0286,1.862125,-0.166475,0.132782694549561,150.622037516606,0,0,0,0,0,0
1.95421739130435,1.83207692307692,-0.122140468227425,0.448961229736328,120.277646316395,0,0,1,0,0,0
1.9635,1.84185714285714,-0.121642857142857,0.621984739929199,114.15071052721,0,0,0,0,0,0
1.99090476190476,1.88138095238095,-0.10952380952381,0.289094773330689,134.903857135421,0,0,0,0,0,0
2.00003448275862,1.80974074074074,-0.19029374201788,0.0490608103179932,81.5314703135466,0,0,0,0,0,0
1.95471428571429,1.81483333333333,-0.139880952380953,0.167462463684082,113.458261523272,0,0,0,0,0,0
2.07344444444444,1.86847368421053,-0.204970760233918,0.220335286346436,127.079055126809,0,0,0,0,0,0
1.95566666666667,1.84185714285714,-0.113809523809524,0.0527055579452515,113.839986405847,0,0,0,0,0,0
1.96335897435897,1.82548648648649,-0.137872487872488,0.740576208526611,85.0688953745079,0,0,0,0,0,0
1.97862962962963,1.853,-0.12562962962963,0.649518939208984,92.3760592309609,0,0,0,1,0,0
1.98489743589744,1.85675,-0.128147435897436,0.787209616699219,104.165394147276,0,0,0,0,1,0
2.01003448275862,1.83757142857143,-0.172463054187192,0.921926018920898,60.7424010719941,0,1,1,0,0,0
2.0915,1.96746153846154,-0.124038461538461,0.264295709121704,83.2400952444875,0,1,0,0,0,1
1.97814285714286,1.84352380952381,-0.134619047619048,0.581458556884766,68.7925210255823,0,0,0,0,1,0
1.97866666666667,1.8180243902439,-0.160642276422764,0.84203023034668,65.3183199578897,0,1,0,0,0,0
1.97381481481482,1.81685714285714,-0.156957671957672,0.20826750378418,96.0303438443537,0,0,1,0,0,0
2.00291304347826,1.81515384615385,-0.187759197324415,0.117611053237915,136.041635199318,0,0,0,0,0,0
1.99106896551724,1.8441724137931,-0.146896551724138,0.162586867881775,110.71004832376,0,0,0,1,0,0
1.96833333333333,1.81937037037037,-0.148962962962963,0.172336162071228,87.0391902646664,0,0,0,0,0,0
1.99603703703704,1.83381481481481,-0.162222222222222,0.180726628662109,127.264035024973,0,0,0,1,0,0
2.03797959183673,1.83412195121951,-0.203857640617223,0.0578391588745117,86.44662365938,0,0,0,0,0,0
1.96357142857143,1.82966666666667,-0.133904761904762,0.327511165313721,85.4932685216365,0,0,0,0,0,0
1.98938461538462,1.84466666666667,-0.144717948717949,0.576228284851074,114.537938756439,0,0,0,0,0,0
1.96292857142857,1.81640740740741,-0.146521164021164,0.702320575744629,66.9210067641386,0,0,0,0,0,1
1.987,1.8485652173913,-0.138434782608696,0.299392669082642,123.583520309199,0,0,0,1,0,0
1.98033333333333,1.82287096774194,-0.157462365591398,0.371428282897949,96.9231522142623,0,0,0,0,0,0
2.02525,1.86841176470588,-0.156838235294118,0.136137647727966,73.4550667423184,0,0,0,0,0,0
1.98441666666667,1.83784615384615,-0.146570512820513,0.24199687020874,144.629969676095,0,0,1,0,0,0
1.994,1.953,-0.0409999999999999,0.0497771839752197,80.3581014544996,1,0,0,1,0,0
2.002,1.84233333333333,-0.159666666666667,0.797694745849609,87.752865822683,0,0,0,1,0,0
1.951,1.80169230769231,-0.149307692307692,0.25132393812561,115.388928791598,0,0,0,0,0,0
2.019,1.84307407407407,-0.175925925925926,0.061409560295105,162.841094317314,0,0,1,0,0,0
1.98867741935484,1.85520689655172,-0.133470522803115,0.105216726554871,171.075460997287,0,0,0,0,0,0
1.9942,1.85990909090909,-0.134290909090909,0.617994947387695,111.651398270597,0,0,1,0,0,0
1.975,1.8342380952381,-0.140761904761905,0.0503144893112183,139.124933907245,0,0,0,0,0,0
2.01053846153846,1.86122222222222,-0.14931623931624,0.805325510131836,76.9875028419878,0,0,0,1,0,0
1.95788888888889,1.84030434782609,-0.117584541062802,0.554435805999756,84.7708598387686,0,0,0,0,0,0
2.0234,1.83640740740741,-0.186992592592593,0.143427006462097,104.582814422499,0,0,0,0,0,0
1.97066666666667,1.84066666666667,-0.13,0.0998521228179932,130.192525037209,0,0,0,0,0,0
2.01066666666667,1.8598,-0.150866666666667,0.309181540374756,80.8586436619009,0,0,0,0,0,1
2.02825925925926,1.85531578947368,-0.172943469785575,0.0467438460426331,213.931904338369,0,0,0,0,1,0
2.03608333333333,1.85160869565217,-0.18447463768116,0.0730236809158325,178.024441345046,0,0,1,0,0,0
1.959,1.82882352941176,-0.130176470588235,0.724175373901367,103.566073499504,0,0,0,0,0,0
1.97536363636364,1.81030434782609,-0.165059288537549,0.084024351978302,59.5065583045636,0,0,1,0,0,0
1.989,1.8422,-0.1468,0.85965863269043,97.7132047602541,0,0,1,0,0,0
1.98610526315789,1.84877777777778,-0.137327485380117,0.211241534744263,123.081855239674,0,0,0,0,1,0
1.98858333333333,1.853375,-0.135208333333333,0.436356997467041,103.126568981855,0,1,1,0,0,0
1.98354545454545,1.83862962962963,-0.144915824915825,0.50237353981781,71.6598251035588,0,0,0,0,0,1
1.99348275862069,1.86640740740741,-0.127075351213283,0.247400319160461,60.630479584269,0,0,0,1,0,0
1.954,1.79081818181818,-0.163181818181819,0.13877827923584,151.320510065646,0,0,0,0,0,0
1.99947619047619,1.82592307692308,-0.173553113553114,0.0697332284584045,57.3614629413864,0,0,1,0,0,0
2.02627272727273,1.85608333333333,-0.170189393939394,0.088017681640625,90.8908284208608,0,0,1,0,0,0
2.01354545454545,1.783,-0.230545454545455,0.0891786163635254,100.921054474681,0,0,0,0,0,0
1.99871428571429,1.8625,-0.136214285714286,0.869890717163086,83.9185871968721,0,0,0,0,1,0
1.9795,1.84751851851852,-0.131981481481481,0.496914646362305,104.645738218161,0,0,1,0,0,0
2.0352962962963,1.86344444444444,-0.171851851851852,0.136938823379517,160.655681544952,0,0,0,0,0,0
1.97492592592593,1.821,-0.153925925925926,0.956775245605469,86.7497360338537,0,0,1,0,0,0
2.004,1.84458139534884,-0.159418604651163,0.147897028121948,101.421916251297,0,0,0,0,1,0
1.96158064516129,1.809,-0.15258064516129,0.176505565605164,158.635224356806,0,0,0,0,0,0
1.9624375,1.8241724137931,-0.138265086206897,0.283666791992188,116.333673632509,0,0,0,0,0,0
1.965,1.78825925925926,-0.176740740740741,0.197087653862,147.142651666582,0,0,0,0,0,0
1.97263636363636,1.84733333333333,-0.12530303030303,0.724702304656982,92.4517551130358,0,0,0,0,1,0
1.97677777777778,1.83455555555556,-0.142222222222222,0.0936399698028564,149.508805155263,0,0,0,0,0,0
1.96775,1.83933333333333,-0.128416666666667,0.48650930645752,51.3864784664359,0,0,1,0,0,0
1.96275,1.843,-0.11975,0.257336495796204,108.806952987245,0,0,0,0,0,0
2.00553846153846,1.78675,-0.218788461538462,0.0428892840051651,163.210931643368,0,0,0,0,0,0
1.9752962962963,1.83825,-0.137046296296296,0.366315258087158,136.494450875708,0,0,1,0,0,0
1.949,1.79861538461538,-0.150384615384616,0.95612811706543,83.6707953381163,0,0,0,0,0,0
1.98138095238095,1.82861538461538,-0.152765567765568,0.0204544748802185,195.556230283301,0,0,0,0,0,0
1.98751851851852,1.81875609756098,-0.168762420957543,0.626283978637695,68.6589494010918,0,0,0,0,0,0
1.98869696969697,1.84435714285714,-0.144339826839827,0.114866857727051,165.408894923793,0,0,0,0,0,0
1.93233333333333,1.80233333333333,-0.13,0.445839752746582,105.419042852186,0,0,0,0,0,0
1.9443125,1.80995238095238,-0.134360119047619,0.397128120178223,115.831636347877,0,0,0,0,0,0
2.00973170731707,1.87825925925926,-0.131472448057814,0.0857001682128906,128.354473852076,0,0,0,1,0,0
2.11233333333333,1.889,-0.223333333333333,0.247652681968689,117.099478872862,0,0,1,0,0,0
1.954,1.84282352941176,-0.111176470588235,0.0620831161575317,161.074388963107,0,0,0,0,0,0
1.94017647058824,1.81002564102564,-0.130150829562594,0.626448631530762,84.6039041868311,0,0,0,0,0,0
1.99448387096774,1.84420833333333,-0.150275537634409,0.838949580932617,83.437672049594,0,0,0,0,1,0
2.369,2.279,-0.0900000000000003,0.422518790863037,104.137380281065,0,0,0,0,1,0
1.999,1.7874375,-0.2115625,0.0612739432907105,293.7627159819,0,0,0,0,0,0
2.01246153846154,1.80042857142857,-0.212032967032967,0.0423402127895355,165.327463865039,0,0,1,0,0,0
1.98158064516129,1.8536875,-0.12789314516129,0.378980633255005,102.907633208154,0,0,0,0,1,0
2.01246153846154,1.823,-0.189461538461539,0.131900267883301,98.5593146141431,0,0,0,0,0,1
1.9585652173913,1.81685714285714,-0.141708074534162,0.812131477600098,93.5809066588393,0,0,0,0,0,0
1.9965,1.847,-0.1495,0.478744949951172,102.350949090946,0,0,0,0,0,1
2.01215789473684,1.8452962962963,-0.166861598440546,0.331579622512817,54.2856037520949,0,0,0,1,0,0
1.99471428571429,1.84438461538462,-0.150329670329671,0.144602399200439,110.648233282919,0,0,1,0,0,0
1.971,1.805,-0.166,0.0180082492380142,222.120426429698,0,0,0,0,0,0
1.94037931034483,1.79143902439024,-0.148940285954584,0.604347498474121,77.7698263311544,0,1,0,0,0,0
1.97263636363636,1.829,-0.143636363636364,0.796867372558594,76.549752318432,0,0,0,0,0,0
2.04378260869565,1.85520689655172,-0.188575712143928,0.362687670196533,88.2301843419707,0,0,0,0,0,0
1.954,1.80366666666667,-0.150333333333334,0.0456941871318817,65.6538651479116,0,0,0,0,0,0
1.96307407407407,1.81566666666667,-0.147407407407408,0.13938431489563,107.616126041384,0,0,0,0,0,0
2.01159259259259,1.84933333333333,-0.162259259259259,0.199100455230713,40.1807217905644,1,0,0,0,1,0
1.95205555555556,1.79828571428571,-0.153769841269841,0.882667049133301,79.3051015881171,0,0,0,0,0,0
2.03418518518519,1.82627272727273,-0.207912457912458,0.0418232987480164,119.550589017973,0,0,0,0,0,0
1.95937037037037,1.82578571428571,-0.133584656084656,0.511968683792114,72.2700453589148,0,0,1,0,0,0
1.96122222222222,1.84811111111111,-0.113111111111111,0.681011666320801,79.2937957902214,0,0,0,0,1,0
2.04733333333333,1.84553846153846,-0.201794871794872,0.0759854101867676,92.1229481132552,0,0,0,0,0,0
2.02366666666667,1.8525,-0.171166666666667,0.0850257161178589,82.3280334422225,0,0,0,0,0,0
1.95138095238095,1.81233333333333,-0.139047619047619,0.660559579711914,80.2350032121472,0,0,0,0,0,0
1.95275,1.79792857142857,-0.154821428571429,0.525311575195313,79.9525500354419,0,0,0,0,0,0
1.98603703703704,1.84968965517241,-0.136347381864623,0.616794467590332,77.8217096977612,0,0,0,1,0,0
2.00746153846154,1.87471428571429,-0.132747252747253,0.0999909369802475,100.00906384121,1,0,0,0,0,0
1.97252941176471,1.84233333333333,-0.130196078431372,0.264296807888031,87.0233741519266,0,0,0,0,0,0
1.9698,1.8443125,-0.1254875,0.691683314086914,99.7566351460804,0,0,0,0,0,0
2.02033333333333,1.809,-0.211333333333333,0.0490158766975403,183.613975845741,0,0,0,0,0,0
1.985,1.85038888888889,-0.134611111111111,0.500270003723145,75.9589815843319,0,0,0,1,0,0
2.09025,1.88661904761905,-0.203630952380953,0.24911309312439,112.398748892812,0,0,0,0,0,0
1.999,1.84782352941176,-0.151176470588235,0.377658984741211,92.6762010547256,1,0,0,0,1,0
2.021,1.84689473684211,-0.174105263157895,0.0519500710220337,76.9970073439067,0,0,0,1,0,0
1.95093548387097,1.82092307692308,-0.130012406947891,0.247095430862427,145.692698057389,0,0,0,0,0,0
1.96429411764706,1.84247826086957,-0.121815856777494,0.0306747206287384,65.200267810304,0,0,1,0,0,0
1.99017647058824,1.82828571428571,-0.161890756302521,0.161703665435791,80.3939723009063,0,0,0,1,0,0
1.933,1.829,-0.104,0.0983640733947754,101.663134261082,0,0,0,0,0,0
1.94448387096774,1.80641935483871,-0.138064516129032,0.346091840393066,121.355071394632,0,0,0,0,0,0
1.98811764705882,1.85205555555556,-0.136062091503268,0.353163049865723,121.756791987013,0,0,0,1,0,0
1.9858,1.85566666666667,-0.130133333333333,0.679059168823242,98.6659234954531,0,0,0,0,0,1
1.97190322580645,1.83242857142857,-0.13947465437788,0.640384844909668,103.063026123471,0,0,0,0,0,0
1.9852962962963,1.84357142857143,-0.141724867724868,0.417591608413696,74.235208216371,0,0,0,1,0,0
1.95592307692308,1.8142380952381,-0.141684981684982,0.32411752796936,92.5590176747121,0,0,0,0,0,0
1.979,1.84566666666667,-0.133333333333334,0.136742916549683,109.6948959294,0,0,0,0,0,0
1.97831034482759,1.81867741935484,-0.159632925472748,0.0370475992507935,26.9923023413881,0,0,0,1,0,0
1.989,1.86451724137931,-0.12448275862069,0.287985307067871,118.061578717928,0,0,1,0,0,0
1.9674,1.83728571428571,-0.130114285714286,0.606000036315918,113.861379315214,0,0,0,0,0,0
1.96106896551724,1.84033333333333,-0.120735632183908,0.73112349206543,90.2720275251305,0,0,1,0,0,0
1.95983333333333,1.82581818181818,-0.134015151515152,0.193258871551514,139.708980929256,0,0,0,0,0,0
1.98191666666667,1.84036363636364,-0.14155303030303,0.182611871276855,153.330666863106,0,0,0,1,0,0
1.96313793103448,1.82344444444444,-0.139693486590038,0.745174577148438,81.860012231535,0,0,0,0,0,0
1.966,1.82641935483871,-0.139580645161291,0.250903324737549,107.611168677189,0,0,0,0,0,0
2.03478947368421,1.80966666666667,-0.225122807017544,0.0572978318138123,139.621339006261,0,0,0,0,0,0
2.039,1.909,-0.13,0.0373166954669952,107.190627410667,0,0,0,0,0,0
2.09592307692308,1.80813043478261,-0.287792642140468,0.0903272398223877,188.204577416817,0,0,0,0,0,0
2.02030434782609,1.84636842105263,-0.173935926773455,0.0752506771774292,132.889169574137,0,0,0,0,0,0
2.02664705882353,1.84926315789474,-0.177383900928793,0.943574467468262,75.2457833990598,0,0,0,0,1,0
1.971,1.835,-0.136,0.192588666687012,124.617924890689,0,0,1,0,0,0
1.96381481481482,1.83677777777778,-0.127037037037037,0.209923181625366,95.2729462517983,0,0,0,0,0,0
2.4415,2.39775,-0.0437500000000002,0.480235827087402,106.197824325835,0,0,0,0,1,0
2.02511111111111,1.89361538461538,-0.131495726495727,0.121088780197144,82.584034488737,1,0,0,0,0,0
2.01135294117647,1.84636842105263,-0.164984520123839,0.84663781463623,69.6874141221181,0,0,1,0,0,0
2.01508695652174,1.85218181818182,-0.162905138339921,0.0268130524835587,37.2952688103372,0,0,0,0,0,0
1.96966666666667,1.829,-0.140666666666667,0.464520891357422,92.5684954111439,0,0,0,0,0,0
1.98073913043478,1.84566666666667,-0.135072463768116,0.729539345458984,97.3216872289881,0,0,0,1,0,0
1.98796551724138,1.85293939393939,-0.135026123301986,0.874799379760742,72.0165119655555,0,1,0,1,0,0
1.94627272727273,1.80816666666667,-0.138106060606061,0.130175979499817,53.7733614672732,0,0,0,0,0,0
1.95792857142857,1.8180625,-0.139866071428572,0.356981398010254,98.0443244244191,0,0,0,0,0,0
1.97864285714286,1.957125,-0.0215178571428571,0.0658328319015503,45.5699673452655,1,0,0,0,0,0
1.94292857142857,1.80689473684211,-0.136033834586466,0.371708340301514,112.991814942682,0,0,0,0,0,0
1.979,1.85876744186047,-0.120232558139535,0.471493444702148,108.166933332907,0,0,0,0,1,0
1.94669230769231,1.803,-0.143692307692308,0.151291569519043,138.804826116612,0,0,0,0,0,0
1.98108333333333,1.814,-0.167083333333333,0.220292878326416,140.721752947756,0,0,0,0,0,0
1.97630769230769,1.83014285714286,-0.146164835164835,0.0882752920532227,113.281981485497,0,0,0,0,0,0
1.98053846153846,1.83642857142857,-0.14410989010989,0.169390635269165,141.684337873009,0,0,0,0,0,0
1.99478947368421,1.84246153846154,-0.152327935222672,0.980674353515625,86.6750514024182,0,0,0,1,0,0
1.987,1.81441666666667,-0.172583333333334,0.142120329345703,105.544365602425,0,0,0,0,0,0
1.97011111111111,1.85782352941176,-0.112287581699347,0.710252830627441,85.8849093865804,0,0,1,0,0,0
2.0065,1.85933333333333,-0.147166666666667,0.0868474591827393,92.1155330885026,0,0,0,1,0,0
2.001,1.86185714285714,-0.139142857142857,0.693519327392578,87.9571737810703,0,0,1,0,0,0
1.98865517241379,1.849,-0.139655172413793,0.194017451370239,72.1584574022886,0,0,0,0,0,0
1.97581818181818,1.80435714285714,-0.171461038961039,0.10877325125885,165.481860583215,0,0,0,0,0,1
1.99,1.829,-0.161,0.0653248194036484,137.773055971087,0,0,0,1,0,0
1.98309090909091,1.82512903225806,-0.157961876832845,0.574213458374024,80.1095817751404,0,0,0,0,0,0
2.01358333333333,1.84366666666667,-0.169916666666667,0.133632439697266,67.3489163289156,0,0,1,0,0,0
1.954,1.857,-0.0970000000000002,0.0528066320381165,132.559107252803,0,0,0,0,0,0
2.04531578947368,1.81689473684211,-0.228421052631579,0.0609650733566284,147.62550923793,0,0,0,0,0,0
2.07595652173913,1.85233333333333,-0.223623188405797,0.0837126254882812,119.45629397802,0,0,1,0,0,0
2.01757142857143,1.84072413793103,-0.176847290640394,0.27542406312561,101.661415063906,0,0,0,0,0,0
1.96784615384615,1.84092307692308,-0.126923076923077,0.700131596710205,84.2698719458322,0,0,1,0,0,0
1.95207692307692,1.80092307692308,-0.151153846153846,0.459375673400879,91.4284374030147,0,0,1,0,0,0
1.969,1.834,-0.135,0.0668650283088684,164.510511372072,0,0,0,0,0,0
1.99011111111111,1.83483333333333,-0.155277777777778,0.181188118759155,110.382513693324,0,0,0,0,0,0
1.95957142857143,1.84033333333333,-0.119238095238095,0.783503020385742,100.829222025342,0,0,0,0,0,0
1.97284615384615,1.841,-0.131846153846154,0.418196400802612,102.822501383258,0,1,0,1,0,0
1.99114285714286,1.829,-0.162142857142857,0.105220574523926,133.053825863844,0,0,0,0,0,0
1.97361538461538,1.8243125,-0.149302884615385,0.515071397705078,75.7176581222838,0,0,0,1,0,0
1.99639130434783,1.78726086956522,-0.209130434782609,0.115901976074219,112.163747679982,0,0,0,0,0,0
2.034,1.86017647058824,-0.173823529411765,0.367354869522095,100.720047751469,0,0,0,0,0,0
1.97204347826087,1.81630769230769,-0.155735785953177,0.203320953048706,68.856651466936,1,0,0,0,0,0
1.98071428571429,1.81873684210526,-0.161977443609023,0.544281124084473,73.4914334339325,0,0,0,0,1,0
1.98025,1.824,-0.15625,0.524552907775879,85.787342578657,0,0,0,0,0,1
1.99675,1.85573913043478,-0.141010869565217,0.672361701293945,98.1614507087249,0,0,0,0,1,0
2.40584210526316,2.334625,-0.0712171052631581,0.0570882891845703,210.200728930643,0,0,0,0,1,0
1.95432258064516,1.84014285714286,-0.114179723502304,0.656139586914063,92.9680226838522,0,0,0,0,0,0
1.95862962962963,1.819,-0.13962962962963,0.778639994537354,77.0574340143552,0,0,0,0,0,0
1.98937037037037,1.8302,-0.15917037037037,0.786958757080078,80.0550212234176,0,0,0,0,0,1
1.94566666666667,1.82823076923077,-0.117435897435898,0.760939930725098,89.3631642319033,0,0,0,0,0,0
1.96536363636364,1.81566666666667,-0.14969696969697,0.865806799804688,94.7093508834741,0,0,0,0,0,0
1.95011111111111,1.81769565217391,-0.132415458937198,0.65044447479248,61.496409839997,0,0,0,0,0,0
1.96418518518519,1.83507142857143,-0.129113756613757,0.115225172195435,43.3932959676506,1,0,0,0,0,0
1.98127272727273,1.80311764705882,-0.178155080213904,0.0691017738494873,246.013945127201,0,0,0,0,0,0
1.96505263157895,1.83720512820513,-0.127847503373819,0.69594197644043,99.1461965736251,0,0,0,0,0,0
2.02854545454545,1.81971428571429,-0.208831168831169,0.0640807533950806,202.869025584802,0,0,0,0,0,0
1.97476923076923,1.82053846153846,-0.154230769230769,0.968906548461914,87.7277588173316,0,0,1,0,0,0
1.93687878787879,1.78287096774194,-0.154007820136852,0.287393139984131,118.304841938389,0,0,0,0,0,0
1.96348275862069,1.8086875,-0.15479525862069,0.357646534408569,72.6974750167663,0,0,0,0,0,0
2.007,1.85324242424242,-0.153757575757576,0.09403610962677,116.976340723357,0,0,0,0,1,0
1.9725,1.82122222222222,-0.151277777777778,0.256231788238525,62.4434622651334,0,0,0,0,0,0
2.0230625,1.8438,-0.1792625,0.0737718490371704,176.218980134955,0,0,0,0,0,0
2.01525,1.83490909090909,-0.180340909090909,0.679032319335938,60.3800420576389,0,0,0,0,0,1
1.94172727272727,1.79445454545455,-0.147272727272727,0.586993032348633,69.8475071091625,0,0,0,0,0,0
1.98577419354839,1.84669230769231,-0.13908188585608,0.422575658233643,101.756926037196,0,0,0,0,1,0
1.94492592592593,1.78263636363636,-0.162289562289562,0.0895102764816284,167.578523825459,0,0,0,0,0,0
1.96507142857143,1.82233333333333,-0.142738095238095,0.621123479492188,80.4992914466517,0,0,0,0,0,0
2.0365,1.8342380952381,-0.202261904761905,0.0433400215759277,184.586894724654,0,0,0,0,0,0
2.02627272727273,1.88471428571429,-0.141558441558442,0.0349699763336182,343.151504751345,0,0,0,0,0,0
2.00307407407407,1.872,-0.131074074074074,0.102407481674194,87.884203896676,1,0,0,0,1,0
1.98130769230769,1.8558,-0.125507692307693,0.135723343841553,125.254797876527,0,0,0,0,0,0
1.97831034482759,1.81091489361702,-0.167395451210565,0.333123852386475,99.062254964904,0,0,0,0,1,0
2.019,1.829,-0.19,0.0518539893341065,289.273789589298,0,0,1,0,0,0
2.0545,1.83784615384615,-0.216653846153846,0.0608791506729126,114.981893187195,0,0,0,1,0,0
1.98490909090909,1.8265,-0.158409090909091,0.0162420282306671,246.274661217955,0,1,0,0,0,1
1.97723529411765,1.83508695652174,-0.142148337595908,0.0623262794189453,112.312174980755,0,0,0,0,0,0
1.97983333333333,1.83796551724138,-0.141867816091954,0.65802370526123,110.938252552801,0,0,0,0,0,0
2.06581818181818,1.829,-0.236818181818182,0.0329143890686035,182.291094253464,0,0,0,0,0,0
1.95964516129032,1.83375,-0.125895161290323,0.0250450133876801,159.712432095071,0,0,0,0,0,0
2.0015,1.86608333333333,-0.135416666666667,0.254144838623047,78.6952830061776,0,0,1,0,0,0
1.97831034482759,1.86073913043478,-0.117571214392804,0.061942733039856,145.295494052694,0,0,0,0,0,0
2.03492592592593,1.8565,-0.178425925925926,0.310858438705444,141.543527604513,0,0,0,1,0,0
1.96025,1.82677777777778,-0.133472222222222,0.116153629623413,120.530026012877,0,0,0,0,0,0
1.97589655172414,1.8374,-0.138496551724138,0.155628661117554,102.808826376232,0,0,0,0,1,0
1.97609677419355,1.83279310344828,-0.143303670745273,0.0449945382461548,66.6747591360465,0,0,1,0,0,0
1.96037931034483,1.81036363636364,-0.150015673981191,0.234307471984863,153.644267914451,0,0,0,0,0,0
2.0326,1.85947619047619,-0.173123809523809,0.303122128128052,141.85701408719,0,0,1,0,0,0
1.97042857142857,1.84225581395349,-0.128172757475083,0.725226352050781,84.111670552932,0,0,0,0,0,0
1.96581818181818,1.83210344827586,-0.13371473354232,0.5815191121521,79.1031610805742,0,0,1,0,0,0
2.00622222222222,1.8555,-0.150722222222222,0.783705778747559,59.9714858235584,0,0,0,0,1,0
1.95138095238095,1.82053846153846,-0.130842490842491,0.493254756347656,89.2033972987944,0,0,0,0,0,0
1.959,1.80164705882353,-0.157352941176471,0.667562559700012,65.9114256194545,0,0,0,0,0,0
1.97307407407407,1.80441666666667,-0.168657407407408,0.0938304291572571,127.890281519318,0,0,1,0,0,0
1.93185714285714,1.83809090909091,-0.0937662337662339,0.718317587524414,105.802783225626,0,0,0,0,0,0
1.9914,1.834,-0.1574,0.51756145526123,100.471160422396,0,0,1,0,0,0
2.00927777777778,1.827,-0.182277777777778,0.860978698913574,83.6257622759462,0,0,0,0,1,0
2.03311764705882,1.86321052631579,-0.169907120743034,0.0971305936965942,247.09001650879,0,0,0,0,0,0
2.02485365853659,1.85089189189189,-0.173961766644694,0.159330848068237,94.1437278584991,0,0,0,0,0,0
1.99630769230769,1.84244827586207,-0.153859416445624,0.656303811035156,62.4710679880598,0,0,0,1,0,0
2.00025,1.829,-0.17125,0.0472917677612305,148.017304731386,0,0,1,0,0,0
1.95763636363636,1.81639130434783,-0.141245059288537,0.183237633407593,92.7757016059321,0,0,0,0,0,0
1.97639130434783,1.82566666666667,-0.15072463768116,0.638576278381348,95.5250015779192,0,0,1,0,0,0
1.96835483870968,1.83185714285714,-0.136497695852535,0.648299472229004,83.294838748419,0,0,0,0,0,1
1.93976923076923,1.7942,-0.145569230769231,0.121814250976563,172.393622516634,0,0,0,0,0,0
2.044,1.84512903225806,-0.198870967741936,0.281953466888428,152.507434913065,0,0,0,0,0,0
2.06,1.88726086956522,-0.172739130434783,0.13276107094574,112.984927683587,0,0,1,0,0,0
1.98603703703704,1.82433333333333,-0.161703703703704,0.136617211929321,109.795828711248,0,0,0,1,0,0
1.95275,1.80770967741935,-0.145040322580645,0.165366350219727,108.849230669256,0,0,0,0,0,0
1.97689473684211,1.83968965517241,-0.137205081669691,0.568179769622803,73.92026651685,0,0,1,0,0,0
1.9962,1.87048148148148,-0.125718518518519,0.274707131896973,80.0852888240666,0,0,0,1,0,0
1.96624137931034,1.823,-0.143241379310345,0.14922316557312,100.520585677094,0,0,0,0,0,0
1.9475,1.83130769230769,-0.116192307692308,0.406131971679688,103.414660575221,0,0,0,0,0,0
1.9715641025641,1.83070731707317,-0.140856785490932,0.805848373657227,96.792402329992,0,0,0,0,0,0
1.99373684210526,1.90509756097561,-0.0886392811296535,0.0786395620422363,76.2974747593009,0,0,0,0,0,0
2.00252941176471,1.85862962962963,-0.143899782135076,0.201314474693298,114.249112166626,0,0,0,0,0,0
1.99233333333333,1.82695454545455,-0.165378787878788,0.538929517028809,89.065450088224,0,0,0,0,1,0
1.934,1.80021951219512,-0.133780487804878,0.376690999450684,103.53313473609,0,0,0,0,0,0
1.96233333333333,1.82865517241379,-0.13367816091954,0.652575878387451,76.6194425138002,0,0,0,1,0,0
2.10636842105263,1.88766666666667,-0.218701754385965,0.242724393489838,115.357173613341,0,0,1,0,0,0
1.96865517241379,1.84321052631579,-0.125444646098004,0.630913018676758,114.120327000081,0,0,0,0,0,0
1.9905625,1.85066666666667,-0.139895833333333,0.383267414382935,109.584061738253,0,0,0,0,1,0
1.96633333333333,1.84160869565217,-0.12472463768116,0.851525116821289,77.5079897189357,0,0,0,0,0,0
2.03763636363636,1.8122,-0.225436363636364,0.0859414455413818,186.173270640367,0,0,0,0,0,0
1.94828571428571,1.83366666666667,-0.114619047619048,0.690340505371094,85.4650705571513,0,0,0,0,0,0
1.9865,1.83042857142857,-0.156071428571429,0.30522366204834,108.117436828255,0,0,0,0,0,1
1.9734,1.85159259259259,-0.121807407407407,0.674179332641602,87.5138069997242,0,1,0,1,0,0
1.9682,1.82348275862069,-0.144717241379311,0.587805196746826,76.5559750901317,0,0,0,1,0,0
1.9602,1.81627272727273,-0.143927272727273,0.631816133392334,61.7268188303487,0,0,0,0,0,0
1.96519047619048,1.81929411764706,-0.145896358543418,0.738649777038574,78.5216509947868,0,0,0,0,0,0
2.05775,1.79937037037037,-0.25837962962963,0.0312837425727844,223.758394115214,0,0,0,0,0,0
2.03117391304348,1.84348275862069,-0.187691154422789,0.146940610641479,40.8328233686153,0,0,0,1,0,0
1.9982,1.84364285714286,-0.154557142857143,0.231839429931641,99.2065931441503,0,0,1,0,0,0
2.01471428571429,1.78769565217391,-0.227018633540373,0.0327844034881592,274.520779469132,0,0,0,0,0,0
1.97709523809524,1.84584210526316,-0.13125313283208,0.390197952484131,97.3864669408931,0,0,0,0,0,1
2.00804761904762,1.807,-0.201047619047619,0.166958572616577,77.8636268642204,0,0,1,0,0,0
1.99733333333333,1.81669230769231,-0.180641025641026,0.459160289306641,100.182879642015,0,0,0,0,0,0
1.99361538461538,1.83968965517241,-0.153925729442971,0.129755191955566,131.015951992283,0,0,0,0,0,0
1.99995238095238,1.80718181818182,-0.192770562770563,0.356338099563599,103.833971291067,0,0,0,0,0,0
2.05127272727273,1.88685714285714,-0.164415584415585,0.11842551449585,109.773641730352,0,0,0,1,0,0
2.0099375,1.84085185185185,-0.169085648148148,0.0953206906585693,62.9454104722289,0,0,1,0,0,0
2.0215,1.85328571428571,-0.168214285714286,0.620396413513184,43.5205610669222,0,0,0,0,1,0
1.94448387096774,1.8092380952381,-0.135245775729647,0.392212085510254,101.98563858113,0,1,0,0,0,0
2.02416129032258,1.87784615384615,-0.146315136476427,0.144699258163452,138.217709294736,0,0,1,0,0,0
1.97085185185185,1.81761111111111,-0.153240740740741,0.977118977539062,82.8967626890266,0,0,0,0,0,0
2.006,1.81677777777778,-0.189222222222222,0.0470800053749085,233.644833138921,0,0,0,0,0,0
1.96695454545455,1.80520689655172,-0.161747648902822,0.0564362225704193,248.067630368621,0,0,0,0,0,0
1.97733333333333,1.83752941176471,-0.139803921568628,0.347409914413452,77.7179892680533,0,0,0,1,0,0
1.9798,1.779,-0.2008,0.0387584269294739,206.406725808482,0,0,0,0,0,0
1.979,1.83976923076923,-0.139230769230769,0.799561924316406,111.310953277436,0,0,0,0,0,1
1.97575675675676,1.82411627906977,-0.15164047768699,0.310642266311646,90.1358348059101,0,0,0,0,1,0
1.98825925925926,1.82766666666667,-0.160592592592593,0.144100886611938,97.1541558776234,0,0,0,0,1,0
2.0242,1.84553846153846,-0.178661538461538,0.310591187316895,144.884986559798,0,0,0,0,0,0
2.00421739130435,1.82976923076923,-0.174448160535117,0.864665501281738,77.486611759903,0,0,0,0,0,1
1.97581818181818,1.81090476190476,-0.16491341991342,0.253207464324951,86.8852743289058,0,0,0,0,0,0
1.9865,1.84988235294118,-0.136617647058824,0.246986692352295,101.220028342016,0,0,1,0,0,0
2.00275,1.8265,-0.17625,0.0512283326416016,97.6022396625807,0,0,0,0,0,0
1.97608333333333,1.84084210526316,-0.135241228070176,0.203273621688843,73.7921618918217,0,0,0,0,0,0
1.96476923076923,1.82929411764706,-0.135475113122172,0.344946793518066,107.262919079902,0,0,0,1,0,0
2.014,1.8280625,-0.1859375,0.190586766273499,120.679942525465,0,0,0,0,0,0
1.979,1.84172727272727,-0.137272727272727,0.767524629394531,89.8993952212729,0,0,0,0,0,1
1.96361538461538,1.80831034482759,-0.155305039787799,0.366821074127197,81.7837417639678,0,0,0,0,0,0
1.97689473684211,1.85292857142857,-0.123966165413534,0.804400215820312,87.0213590490093,0,0,1,0,0,0
1.97966666666667,1.84996774193548,-0.129698924731183,0.639453872680664,96.9577363572589,0,0,0,1,0,0
1.96141379310345,1.829,-0.132413793103448,0.860335302734375,80.2012887076697,0,0,0,0,0,0
2.01,1.839,-0.171,0.0913388812408447,175.17184119883,0,0,0,0,0,0
1.98328571428571,1.862125,-0.121160714285714,0.0847739750671387,129.75680320863,0,0,1,0,0,0
2.0215,1.819,-0.2025,0.0675007052307129,118.517280266281,0,0,0,0,0,0
1.97864285714286,1.82872222222222,-0.149920634920635,0.174840301391602,131.548617892653,0,0,0,0,0,0
1.97175862068966,1.831,-0.140758620689655,0.416029910339356,124.991013164375,0,0,0,1,0,0
1.921,1.78418518518519,-0.136814814814815,0.450044064605713,108.87822738631,0,0,0,0,0,0
1.95268421052632,1.831,-0.121684210526316,0.449781305404663,75.5922925018206,0,0,0,0,0,0
1.99515384615385,1.85275,-0.142403846153846,0.235702680847168,101.823194856073,0,0,1,0,0,0
2.11966666666667,1.83222580645161,-0.287440860215054,0.0637495216293335,219.609491054723,0,0,1,0,0,0
1.94314634146341,1.80788888888889,-0.135257452574526,0.5812457734375,80.8608030335275,0,0,0,0,0,0
1.98862962962963,1.84677777777778,-0.141851851851852,0.112567966690063,115.485785008388,0,0,0,1,0,0
1.9905625,1.77351612903226,-0.217046370967742,0.142056013702393,84.4737205222442,0,0,0,0,0,0
1.97609677419355,1.82324242424242,-0.152854349951124,0.564208152832031,83.3025892378273,0,0,1,0,0,0
1.98246153846154,1.84633333333333,-0.136128205128205,0.165897163398743,96.4452897940343,0,0,1,0,0,0
1.9630625,1.83221428571429,-0.130848214285715,0.841534525268555,85.5579870321102,0,0,0,0,0,0
2.045,1.81614285714286,-0.228857142857143,0.0747665415039063,120.374699952248,0,0,0,0,0,0
1.95622222222222,1.81608333333333,-0.140138888888889,0.113252388847351,141.277373156039,0,0,0,0,1,0
1.95577419354839,1.807,-0.148774193548387,0.522282148498535,99.5630429825917,0,0,0,0,0,0
1.98757142857143,1.8185652173913,-0.169006211180124,0.0578375740337372,259.346977299746,0,0,0,0,1,0
2.01323076923077,1.8638275862069,-0.149403183023873,0.141928164962769,105.687267949493,0,0,0,1,0,0
1.987125,1.83828571428571,-0.148839285714286,0.0704629241600037,99.3430244834114,0,0,0,0,0,0
1.98263636363636,1.83490909090909,-0.147727272727273,0.465844502532959,100.892035313167,0,0,0,1,0,0
2.0094,1.82292857142857,-0.186471428571428,0.136407850219727,146.619127621936,0,0,0,0,0,0
1.98194117647059,1.84251351351351,-0.139427662957075,0.789088592529297,95.0463619802176,0,0,1,0,0,0
2.016,1.8468125,-0.1691875,0.0903377069244385,177.113196080823,0,0,0,0,0,0
2.00233333333333,1.82515384615385,-0.177179487179487,0.198667851165771,105.704067753153,0,0,0,0,0,1
2.00792857142857,1.83048148148148,-0.17744708994709,0.188821451629639,105.920168642855,0,0,0,0,0,0
1.985,1.84381481481481,-0.141185185185185,0.537525777282715,100.460298430671,0,0,0,1,0,0
1.98062162162162,1.832,-0.148621621621622,0.245464308746338,122.217360858771,0,0,0,0,1,0
2.004625,1.85233333333333,-0.152291666666667,0.850291826782227,98.7896124062283,0,0,1,0,0,0
1.96551162790698,1.822125,-0.143386627906977,0.18388177494812,48.9444916579647,0,0,0,0,1,0
1.956,1.84066666666667,-0.115333333333333,0.861723945495606,77.7511178031221,0,1,0,0,0,0
1.94511111111111,1.81053846153846,-0.13457264957265,0.448617011734009,78.0175496794401,0,0,0,0,0,0
1.95441666666667,1.81976923076923,-0.134647435897436,0.402659308334351,114.240498227359,0,0,0,0,0,0
1.98215789473684,1.81861538461538,-0.163542510121458,0.274525127929687,87.4236911607851,0,0,0,0,0,0
2.009,1.86775,-0.14125,0.132650938217163,150.77164375014,0,0,0,0,0,0
2.00257142857143,1.86433333333333,-0.138238095238095,0.201490445251465,89.3342608754255,0,0,1,0,0,0
1.97081818181818,1.83933333333333,-0.131484848484849,0.113835407981873,166.907646195862,0,0,0,0,0,0
1.97142424242424,1.81788888888889,-0.153535353535354,0.472854362121582,57.1000336739152,0,0,0,0,1,0
2.00941666666667,1.84190322580645,-0.167513440860215,0.906921725097656,88.2104792355544,0,0,1,0,0,0
2.07366666666667,1.874,-0.199666666666666,0.0529909072494507,75.4846483599592,1,0,1,0,0,0
2.01160869565217,1.84053846153846,-0.171070234113712,0.0891992454147339,224.217143396332,0,0,0,0,0,0
1.95929411764706,1.809,-0.150294117647059,0.135378034858704,96.0273947953841,0,0,0,0,0,0
1.94726086956522,1.80794736842105,-0.139313501144165,0.266163227539063,105.198604100526,0,0,0,0,0,0
1.98674193548387,1.84455555555556,-0.142186379928316,0.0334638386516571,59.7660065487126,0,0,0,0,0,0
1.9925,1.81854545454545,-0.173954545454546,0.0742304978179932,107.772414777755,0,0,0,0,0,0
1.9642380952381,1.8315,-0.132738095238095,0.0314506917362213,190.774818255901,0,0,1,0,0,0
1.97033333333333,1.81932258064516,-0.151010752688172,0.375974139480591,85.1122368262032,0,0,1,0,0,0
1.98714814814815,1.80986956521739,-0.177278582930757,0.154398199615479,90.6746324430359,0,0,0,0,0,1
2.00328571428571,1.846,-0.157285714285714,0.126038053024292,63.4728941620363,0,0,0,0,0,0
2.03595652173913,1.84584210526316,-0.190114416475973,0.192341793411255,166.370498228533,0,0,1,0,0,0
1.999,1.84328571428571,-0.155714285714286,0.850882871032715,83.4427421412626,0,0,0,0,0,0
1.9686,1.83263636363636,-0.135963636363637,0.592678501403809,87.7372806282557,0,0,0,0,0,1
1.98466666666667,1.84142424242424,-0.143242424242424,0.925316371826172,79.9726474675426,0,0,1,0,0,0
1.93869696969697,1.78478947368421,-0.153907496012759,0.107514796203613,167.418817089243,0,0,0,0,0,0
1.95515384615385,1.84839393939394,-0.106759906759907,0.685481470703125,88.9885468930764,0,0,0,0,0,0
1.96804761904762,1.83578571428571,-0.132261904761905,0.0943111228485107,74.2224224309565,0,0,0,0,0,0
2.07114285714286,1.903375,-0.167767857142857,0.811766855285645,66.5215629935993,0,1,0,1,0,0
1.94813043478261,1.813,-0.135130434782609,0.241652746658325,103.454234829566,0,0,0,0,0,0
2.04163157894737,1.8594347826087,-0.182196796338673,0.0760580632324219,170.922048859882,0,0,0,1,0,0
1.94728571428571,1.82217073170732,-0.125114982578397,0.690190210205078,70.9949217990799,0,0,0,0,0,0
1.9402,1.8161875,-0.1240125,0.457951082427979,111.365606408455,0,0,0,0,0,0
1.9541724137931,1.82233333333333,-0.13183908045977,0.592409669158936,69.2088636200167,0,0,0,0,0,1
2.00831034482759,1.85876744186047,-0.149542902967121,0.881927527404785,75.9699611567386,0,0,0,0,1,0
1.9522,1.799625,-0.152575,0.419268934295654,90.6339508884378,0,0,1,0,0,0
1.98766666666667,1.839,-0.148666666666667,0.26441041204834,109.677980437087,0,0,0,0,0,0
1.994,1.8346,-0.1594,0.802534192260742,68.5329055514317,0,0,0,0,0,1
2.01938461538462,1.85507142857143,-0.164313186813187,0.0323583599901199,30.9039147937452,0,0,0,0,1,0
1.98547058823529,1.84196296296296,-0.143507625272331,0.101367482765198,88.7858685496524,0,0,0,0,0,0
1.97990909090909,1.844,-0.135909090909091,0.086473619430542,150.334866119973,0,0,0,0,0,0
1.9446,1.80594444444444,-0.138655555555556,0.620197142822266,101.580603408317,0,0,0,0,0,0
1.95466666666667,1.814,-0.140666666666667,0.218220245803833,183.301049142606,0,0,0,0,0,0
2.024,1.86661904761905,-0.157380952380952,0.127033244720459,173.183012434357,0,0,0,0,0,0
1.9737619047619,1.81465217391304,-0.159109730848861,0.649415745239258,76.9922817032701,0,0,0,0,0,1
1.98011111111111,1.85233333333333,-0.127777777777778,0.0816434095001221,146.980632894589,0,0,0,0,0,0
1.96852380952381,1.84185714285714,-0.126666666666667,0.637424162353516,109.816985508588,0,0,0,0,0,0
1.924,1.80471428571429,-0.119285714285714,0.0299668819656372,200.221030899383,0,0,0,0,0,0
1.99531578947368,1.88455555555556,-0.110760233918129,0.330520254226685,127.072394090544,0,0,0,0,1,0
1.99313793103448,1.848,-0.145137931034483,0.0543668753814697,91.9677646529634,0,0,0,0,0,0
1.999,1.853375,-0.145625,0.0531280406570435,244.691877193791,0,0,0,0,0,0
2.02264864864865,1.87792857142857,-0.144720077220077,0.0816609154586792,122.457603418125,0,0,0,0,0,0
1.981,1.84127272727273,-0.139727272727273,0.422053151306152,99.5135325255129,0,0,1,0,0,0
1.964,1.82309090909091,-0.140909090909091,0.51318013470459,105.226208787456,0,0,0,0,0,1
2.00133333333333,1.86166666666667,-0.139666666666667,0.863947503601074,85.6533524219422,0,0,0,1,0,0
1.97862962962963,1.85630769230769,-0.122321937321938,0.787375497070313,90.172986413952,0,0,0,0,0,1
2.024,1.83191666666667,-0.192083333333333,0.118743392356873,143.165860959303,0,0,0,0,0,0
2.0195,1.86672727272727,-0.152772727272727,0.292590646789551,119.621048670001,0,0,0,1,0,0
1.996,1.85533333333333,-0.140666666666667,0.716325152099609,89.3449012817861,0,0,1,0,0,0
1.98321052631579,1.82490909090909,-0.158301435406699,0.206531909454346,91.9954696114403,0,0,0,1,0,0
2.0446,1.86633333333333,-0.178266666666667,0.0805384503860474,111.747866476944,0,0,1,0,0,0
1.9538,1.81630769230769,-0.137492307692308,0.560704505371094,76.6892357526914,0,0,0,0,0,1
1.9454,1.79976923076923,-0.145630769230769,0.655413267913818,76.2877446151649,0,0,0,0,0,0
2.02672727272727,1.86029032258065,-0.166436950146628,0.0565804905776978,159.065428880313,0,0,0,0,0,0
1.939,1.811,-0.128,0.107877758117676,120.506768279512,0,0,0,0,0,0
1.97555172413793,1.82435714285714,-0.151194581280788,0.144223059791565,110.939263271239,0,0,1,0,0,0
1.98935714285714,1.83757142857143,-0.151785714285714,0.0750803121643066,79.9144253272353,0,0,0,0,0,0
2.011,1.82816666666667,-0.182833333333333,0.855226367736816,59.6333344292941,0,0,1,0,0,0
1.96603703703704,1.809,-0.157037037037037,0.693656961151123,72.0817389578633,0,0,0,0,0,0
2.03328571428571,1.85418518518519,-0.179100529100529,0.075080719619751,173.146981886148,0,0,0,0,1,0
2.019,1.85288888888889,-0.166111111111111,0.115849354667664,207.16559076957,0,0,0,0,0,0
1.95081818181818,1.85775,-0.0930681818181818,0.0842616086425781,83.0746067250233,1,0,0,0,0,0
2.00804761904762,1.81664705882353,-0.19140056022409,0.0688874825592041,246.779231413917,0,0,1,0,0,0
1.99682608695652,1.833,-0.163826086956522,0.16859960382843,118.624240780259,0,0,0,0,0,0
1.9738,1.86714814814815,-0.106651851851852,0.670253715576172,88.0263676707584,0,0,1,0,0,0
2.00279310344828,1.87666666666667,-0.126126436781609,0.253773475723267,106.394097819123,0,0,0,0,0,0
1.9902,1.843,-0.1472,0.752713213745117,75.7260520462994,0,1,1,0,0,0
1.95,1.8038,-0.1462,0.499840652160645,72.0229534040179,0,0,0,0,0,0
1.99492592592593,1.80614285714286,-0.188783068783069,0.0351090153579712,227.861702142087,0,0,1,0,0,0
1.9465,1.80438461538462,-0.142115384615385,0.115286397216797,95.4145525019263,0,0,0,0,0,0
1.9778,1.81976923076923,-0.158030769230769,0.719117663970947,91.7791389458436,0,0,0,0,0,0
1.94641935483871,1.80282352941176,-0.143595825426945,0.435761952514648,80.3190820080224,0,0,0,0,0,0
1.99746153846154,1.82733333333333,-0.170128205128205,0.521682521697998,116.929353510741,0,0,0,0,0,1
2.05066666666667,1.86292857142857,-0.187738095238095,0.268992382095337,81.7867027632132,0,0,0,0,0,0
2.00609677419355,1.816,-0.190096774193548,0.0601694194030762,182.817120542759,0,0,1,0,0,0
2.00375,1.829,-0.17475,0.822372363708496,82.6876035733416,0,0,0,0,1,0
1.98092307692308,1.8335,-0.147423076923077,0.0851457956695557,140.934733249438,0,0,0,0,0,0
1.97455555555556,1.80870588235294,-0.165849673202614,0.206234597938538,150.31425526981,0,0,0,0,0,0
1.9915,1.82862962962963,-0.16287037037037,0.158107652130127,50.5984365223246,0,0,1,0,0,0
2.00311764705882,1.8495,-0.153617647058824,0.0935940325088501,64.1066512379692,0,0,0,0,0,0
1.98845945945946,1.83986956521739,-0.148589894242068,0.624047674468994,75.3147586680658,0,0,0,0,1,0
1.95862962962963,1.82287096774194,-0.135758661887694,0.737763010437012,89.4596219467619,0,0,0,0,0,0
1.98438461538462,1.82478947368421,-0.159595141700405,0.0938073267974853,63.9608888221814,0,0,0,0,0,0
2.015,1.87816666666667,-0.136833333333333,0.0615497577629089,113.729123467296,0,0,0,0,0,0
1.959,1.85465217391304,-0.104347826086957,0.846457954711914,87.4231254937942,0,0,1,0,0,0
1.95233333333333,1.8158,-0.136533333333334,0.372425626708984,118.144394060138,0,0,0,0,0,0
1.9926,1.84578571428571,-0.146814285714286,0.34874403817749,48.7463530239562,0,0,0,1,0,0
1.98138095238095,1.82584210526316,-0.155538847117795,0.395118517944336,103.766333740339,0,0,0,0,0,1
1.991,1.85677777777778,-0.134222222222222,0.0456192159957886,197.285284359794,0,0,0,0,0,0
2.024625,1.86328571428571,-0.161339285714286,0.514655942443848,46.6330960564369,0,0,0,1,0,0
2.00788888888889,1.822,-0.185888888888889,0.106895292037964,112.259387398822,0,0,0,0,0,0
2.010875,1.80938461538462,-0.201490384615385,0.26054319984436,84.4389721671571,0,0,0,0,0,0
1.96677777777778,1.81672727272727,-0.150050505050505,0.15462859727478,142.276398982688,0,0,0,0,0,1
1.96515384615385,1.82033333333333,-0.144820512820513,0.47002509753418,110.632390212352,0,0,0,0,0,0
1.94138095238095,1.81528571428571,-0.126095238095238,0.156045185119629,89.7176032010676,0,0,0,0,0,0
2.0146,1.85063265306122,-0.163967346938776,0.0592538926925659,50.629585056382,0,0,0,0,0,0
1.97328571428571,1.82693103448276,-0.146354679802956,0.17612377456665,73.8117271900758,0,0,0,0,0,0
1.95037931034483,1.80985714285714,-0.140522167487685,0.536071155181885,80.213232113581,0,0,0,0,0,0
1.96866666666667,1.83225,-0.136416666666667,0.490191627624512,87.7207964737785,0,0,0,0,0,0
1.97328571428571,1.825,-0.148285714285714,0.174066987426758,137.8779535097,0,1,0,0,0,0
1.99691666666667,1.83426315789474,-0.16265350877193,0.173870548995972,126.530916978411,0,0,0,0,0,0
1.98926315789474,1.83370588235294,-0.155557275541796,0.927382490722656,90.5775134211814,0,0,0,0,1,0
1.99284615384615,1.82945454545455,-0.163391608391609,0.444229390197754,78.7881233711694,0,1,0,1,0,0
2.0537619047619,1.83733333333333,-0.216428571428571,0.0834948162231445,179.651871559447,0,0,0,1,0,0
2.04370588235294,1.872,-0.171705882352941,0.150004041183472,119.99676714032,0,0,0,0,0,0
1.99166666666667,1.8482,-0.143466666666667,0.143624346847534,118.364332880459,0,0,0,1,0,0
2.00677777777778,1.83438461538462,-0.172393162393163,0.0474672649765015,168.537201457897,0,0,0,0,0,0
2.009,1.85433333333333,-0.154666666666667,0.044251012638092,135.590117430106,0,0,0,0,1,0
1.97194117647059,1.83672727272727,-0.135213903743316,0.393258593032837,99.1713866929884,0,0,0,0,0,0
1.96757142857143,1.82117391304348,-0.14639751552795,0.307022375518799,97.7127479692864,0,0,0,0,1,0
2.009,1.819,-0.19,0.131469839630127,91.2756875170793,0,0,0,1,0,0
1.95809090909091,1.8018125,-0.156278409090909,0.197537059753418,96.1844831735238,0,0,0,0,0,0
1.97492592592593,1.84858333333333,-0.126342592592593,0.0401442417144775,124.550864245041,0,0,1,0,0,0
1.99672727272727,1.86143243243243,-0.13529484029484,0.705319823120117,99.2457573223188,0,0,0,0,1,0
2.005,1.84683783783784,-0.158162162162162,0.169261415267944,118.160420485316,0,0,0,1,0,0
1.96545161290323,1.8294347826087,-0.13601683029453,0.583930028686523,95.9019013390438,0,0,0,0,0,0
1.959,1.81636842105263,-0.142631578947368,0.18977270955658,147.544923953631,0,0,0,0,0,0
1.97266666666667,1.81207692307692,-0.160589743589744,0.892471150085449,60.5061575321844,0,0,0,0,0,0
1.941,1.81707692307692,-0.123923076923077,0.527338469421387,53.0968279835957,0,0,1,0,0,0
1.98263636363636,1.844,-0.138636363636364,0.669189574462891,61.2681392009248,0,0,0,0,0,0
2.02757142857143,1.83733333333333,-0.190238095238095,0.0768129759292603,182.260872341323,0,0,0,0,0,0
1.974,1.829,-0.145,0.17202349016571,116.263191618389,0,0,0,0,0,0
2.03172727272727,1.88471428571429,-0.147012987012987,0.0344776781616211,319.04700625243,0,0,0,0,0,0
1.95280952380952,1.818,-0.134809523809524,0.794466068603516,83.0746618493254,0,0,0,0,0,0
1.97316666666667,1.83685714285714,-0.136309523809524,0.333350592346191,122.993631753984,0,0,0,0,0,1
1.96764864864865,1.8138275862069,-0.153821062441752,0.0941900317077637,95.5515125838754,0,0,0,0,0,0
1.97542857142857,1.827,-0.148428571428572,0.460546058776856,104.224103290518,0,0,0,1,0,0
1.94752941176471,1.80871428571429,-0.13881512605042,0.125506530929565,127.483405696069,0,0,0,0,0,0
1.9661875,1.81974074074074,-0.146446759259259,0.864356829589844,93.7112974955451,0,0,0,0,0,0
1.95831034482759,1.839,-0.119310344827586,0.083796810256958,83.5353992417481,0,0,0,0,0,0
1.96247826086957,1.83114285714286,-0.131335403726708,0.39264586819458,96.7793196824592,0,0,0,0,0,0
1.99971428571429,1.82015384615385,-0.17956043956044,0.20505665586853,151.177731191887,0,0,1,0,0,0
1.929,1.834,-0.095,0.520964958496094,97.895259879331,0,0,0,0,0,0
1.959,1.82594444444444,-0.133055555555556,0.441085602966309,108.822413783626,0,0,0,0,0,0
2.03733333333333,1.88757142857143,-0.149761904761905,0.945703719848633,78.2486083610248,0,0,0,0,0,0
1.98011111111111,1.859,-0.121111111111111,0.166669613830566,89.9984085596356,0,0,0,0,0,0
2.03081818181818,1.863,-0.167818181818182,0.0882603240966797,135.961431399859,0,0,0,1,0,0
1.96351612903226,1.82737837837838,-0.13613775065388,0.812353703857422,94.7862976858101,0,0,0,0,0,0
1.97985714285714,1.82158064516129,-0.158276497695853,0.380015464157105,94.732986932124,0,0,0,1,0,0
1.944,1.82947619047619,-0.114523809523809,0.784403272705078,86.6901023570395,0,0,0,0,0,0
1.98429411764706,1.81945454545455,-0.164839572192514,0.15477515133667,155.063650674744,0,0,0,0,0,0
1.95589655172414,1.80666666666667,-0.149229885057471,0.430935084167481,78.8981942969074,0,0,0,0,0,0
2.00465217391304,1.8702,-0.134452173913044,0.610442041015625,104.84205821329,0,1,0,1,0,0
1.96762068965517,1.86081818181818,-0.106802507836991,0.822642123779297,86.3072749956192,0,0,0,1,0,0
1.98073913043478,1.84323076923077,-0.137508361204014,0.754937741271973,103.31977822248,0,0,1,0,0,0
1.99257142857143,1.84990909090909,-0.142662337662338,0.785686457336426,76.3663411017767,0,0,1,0,0,0
1.97957142857143,1.82079487179487,-0.158776556776557,0.201659085250855,104.136146278146,0,0,0,0,1,0
1.93455555555556,1.78414285714286,-0.150412698412699,0.47033921081543,91.4233791510826,0,0,0,0,0,0
1.94706451612903,1.83008108108108,-0.116983435047951,0.759553889038086,105.324982406862,0,0,0,0,0,0
2.099,1.80869696969697,-0.290303030303031,0.0615300310440064,211.278944271983,0,0,0,0,0,0
1.99538888888889,1.89094444444444,-0.104444444444444,0.0623004030838013,96.3075630815631,0,0,0,0,1,0
2,1.82861538461538,-0.171384615384615,0.303404848358154,138.428901935084,0,0,0,0,0,0
1.9805,1.80533333333333,-0.175166666666667,0.366564155395508,95.4812397361559,0,0,0,0,0,0
1.9862,1.80519047619048,-0.181009523809524,0.0690132838134766,231.839424468534,0,0,0,0,0,0
1.94816666666667,1.80185714285714,-0.146309523809524,0.197609396530151,111.330738245756,0,0,0,0,0,0
1.98011111111111,1.81585714285714,-0.164253968253968,0.971568884277344,86.4581002534673,0,0,0,0,0,0
2.019,1.84519047619048,-0.173809523809524,0.280201678085327,82.0837339632064,0,0,1,0,0,0
1.97941666666667,1.84072413793103,-0.138692528735632,0.560783159484863,76.6784795026654,0,0,1,0,0,0
1.99354545454545,1.84507142857143,-0.148474025974026,0.0836009635009766,155.500600179664,0,0,0,0,0,0
2.04051515151515,1.834,-0.206515151515152,0.374936917709351,101.350382438086,0,0,0,1,0,0
1.9958,1.8580625,-0.1377375,0.710994771057129,87.2017664881227,0,0,1,0,0,0
1.97122222222222,1.79007142857143,-0.181150793650794,0.0432222501296997,138.817391088974,0,0,0,0,0,0
1.95076470588235,1.86033333333333,-0.0904313725490196,0.583127365722656,87.4594522532773,0,0,0,0,0,0
2.02608333333333,1.8698,-0.156283333333333,0.0632538136444092,47.427970380805,0,0,0,0,0,0
2.0165,1.834,-0.1825,0.339473448638916,103.100846738762,0,0,0,0,0,0
1.98421739130435,1.85844444444444,-0.125772946859904,0.0991666131439209,70.5882733923853,1,0,0,1,0,0
1.95941666666667,1.83066666666667,-0.12875,0.537489268432617,93.0251131260834,0,0,0,0,0,0
1.96354545454545,1.82072413793103,-0.14282131661442,0.542605274169922,103.205778981173,0,0,0,0,0,0
1.96858333333333,1.826,-0.142583333333333,0.331082249206543,111.754707746104,0,0,0,0,0,0
2.26483333333333,2.041,-0.223833333333333,0.364778340576172,93.2072884215016,0,0,0,1,0,0
1.96364285714286,1.81682608695652,-0.146816770186336,0.225441595535278,141.943636993966,0,0,0,0,0,0
1.943375,1.79130769230769,-0.152067307692308,0.649566005615234,86.2114081031069,0,0,0,0,0,0
1.96816666666667,1.849,-0.119166666666667,0.13206350201416,68.1490333266719,0,0,0,0,0,0
1.99233333333333,1.829,-0.163333333333333,0.936429446105957,77.9556861475927,0,0,0,0,0,0
1.999,1.87284615384615,-0.126153846153846,0.0480878796882629,187.157347305472,0,0,0,1,0,0
1.97426315789474,1.88784615384615,-0.086417004048583,0.0544218792495728,128.624738736029,0,0,0,0,0,0
1.97358333333333,1.812,-0.161583333333334,0.23989650302124,62.5269639660896,0,0,0,0,0,1
2.014,1.8502,-0.1638,0.25910529649353,104.204739792628,0,0,0,1,0,0
2.05737837837838,1.82536363636364,-0.232014742014742,0.0595013089962006,252.095294255759,0,0,0,0,0,0
1.97421739130435,1.8655625,-0.108654891304348,0.186950215423584,101.631335149578,0,0,1,0,0,0
1.957,1.8138,-0.1432,0.244396991241455,114.567695198576,0,0,0,0,0,0
2.00275,1.834,-0.16875,0.327815034362793,115.919027551206,0,0,1,0,0,0
2.02978947368421,1.83492592592593,-0.194863547758285,0.0718861627197266,194.752362211681,0,0,0,0,0,0
2.02372222222222,1.87792857142857,-0.145793650793651,0.0782680535125732,102.212839606582,0,0,0,0,0,0
1.96726086956522,1.835875,-0.131385869565217,0.411632000335693,126.326427385609,0,0,0,0,0,0
1.99858333333333,1.82323076923077,-0.175352564102564,0.129945978729248,69.2595499146007,0,0,0,0,0,0
2.06733333333333,1.81770967741935,-0.249623655913979,0.0273185907974243,183.025546122658,0,0,0,0,0,0
1.95689473684211,1.81809090909091,-0.138803827751196,0.643189150726318,62.1901037273875,0,0,0,0,0,0
1.98566666666667,1.83721428571429,-0.148452380952381,0.495669344360352,100.873698502625,0,0,1,0,0,0
1.96841176470588,1.82215789473684,-0.146253869969041,0.661940955657959,74.0247292166637,0,0,0,0,1,0
2.07218181818182,1.81465217391304,-0.257529644268775,0.0546152260761261,292.958596888315,0,0,0,0,0,0
1.9715,1.8315641025641,-0.139935897435898,0.128836521850586,62.0941941391258,0,0,0,0,0,0
1.97566666666667,1.81858333333333,-0.157083333333333,0.985676764160156,82.1770411408814,0,0,1,0,0,0
