condition,odometer,paint_color,price,year
good,237000,"",3500,2003
like new,160000,white,4000,2002
excellent,147000,grey,10800,2013
excellent,114500,blue,8500,2011
good,237000,"",3500,2003
like new,160000,white,4000,2002
good,133244,grey,5600,2008
good,237000,"",3500,2003
fair,250000,silver,1000,2006
excellent,152000,silver,9495,2013
excellent,166000,green,4995,2007
good,183600,"",5000,2003
excellent,210500,silver,5599,2010
good,152212,silver,4999,2002
excellent,82282,blue,11950,2012
excellent,47500,red,16850,2017
good,109000,blue,9100,2011
excellent,123000,blue,6500,2008
good,128000,"",8000,2010
excellent,101399,white,13995,2015
excellent,164397,silver,3995,2005
excellent,163246,"",8000,2011
excellent,165200,grey,5500,2011
like new,54481,grey,500,2014
excellent,135000,"",5900,2002
good,40200,red,14500,2012
fair,180500,grey,2200,2004
like new,36880,grey,22367,2019
good,165000,white,3900,2003
excellent,116980,silver,12999,2013
excellent,56212,"",17499,2017
excellent,116980,silver,12999,2013
good,237284,silver,5000,2009
like new,181000,blue,4900,2008
good,236000,green,4000,2007
excellent,56212,"",17499,2017
good,163508,grey,4800,2007
good,165000,white,3900,2003
excellent,179000,"",4500,2005
good,161687,silver,5995,2007
excellent,56212,"",17499,2017
good,210000,"",2250,1997
excellent,125600,grey,9500,2012
excellent,185000,"",2950,2000
like new,148000,custom,3350,2005
like new,74000,silver,6700,1993
good,213000,grey,7000,2012
good,146300,red,7490,2007
good,104016,grey,13595,2016
like new,118811,"",6000,2009
excellent,57320,black,10490,2015
good,280000,green,1800,1999
like new,118811,"",6300,2009
excellent,130000,"",9800,2012
excellent,114093,grey,7900,2010
like new,44000,white,11200,2014
excellent,161000,silver,6975,2009
good,162740,white,8995,2009
excellent,126291,grey,12999,2016
excellent,58890,silver,17800,2017
excellent,126291,grey,12999,2016
good,165400,blue,5200,2007
good,155000,white,2500,2001
excellent,140000,"",6700,2009
good,200000,white,2900,1997
excellent,180000,blue,6500,2010
excellent,193115,silver,3850,2000
excellent,129043,grey,11995,2016
excellent,189000,silver,4100,2005
good,219499,white,5000,2007
excellent,210000,brown,2450,1998
excellent,185623,"",5900,2008
excellent,144000,"",5995,2002
excellent,260000,"",4995,2005
excellent,185623,"",5900,2008
excellent,126000,grey,9600,2012
like new,120783,blue,10999,2012
excellent,129043,grey,11995,2016
excellent,139000,white,6900,2009
excellent,49549,black,17499,2017
excellent,130695,grey,5999,2004
fair,280000,"",800,1999
excellent,90200,silver,5800,2005
excellent,16657,brown,21900,2018
excellent,77588,silver,9900,2007
good,99742,black,10495,2010
good,188373,silver,5000,2009
excellent,161000,silver,6975,2009
good,247000,black,2900,2005
excellent,183000,red,5250,2007
good,193000,black,8000,2012
excellent,107561,silver,13900,2015
fair,100620,black,4800,2009
excellent,136000,"",6997,2004
excellent,87432,white,9900,2012
like new,25794,white,17900,2019
excellent,126291,grey,12999,2016
excellent,87432,white,9900,2012
excellent,102129,green,10998,2012
like new,25794,white,17900,2019
excellent,136000,"",6997,2004
excellent,119000,red,5900,2009
excellent,63000,white,3199,1995
excellent,174382,silver,2500,1999
excellent,136000,"",6997,2004
excellent,159000,"",2500,2003
excellent,136000,"",6997,2004
excellent,136000,"",6997,2004
good,230000,green,2000,1998
excellent,119507,"",7500,2008
salvage,190000,"",1000,1997
excellent,2600,"",18999,2020
excellent,129000,white,5500,2009
good,99742,black,10495,2010
good,99742,black,10495,2010
good,183000,silver,4800,2007
good,109500,blue,6800,2007
good,181000,blue,3000,2005
excellent,77180,"",7000,2007
excellent,86000,silver,13750,2015
good,192000,grey,2750,1999
good,160000,grey,2650,2005
good,180000,silver,3500,2005
excellent,136000,"",6997,2004
good,146000,custom,5300,2007
like new,69000,red,9400,2012
excellent,133000,grey,7000,2004
good,130000,white,5000,2007
excellent,131170,red,6200,2009
good,143200,"",3950,2004
good,90000,black,12000,2016
good,210000,silver,2900,2001
excellent,26948,grey,15788,2015
like new,34193,blue,21893,2019
good,143200,"",3950,2004
excellent,181000,white,5900,2009
excellent,180550,white,5500,2008
excellent,14000,black,16950,2017
excellent,123500,white,7500,2007
like new,70000,grey,20500,2016
excellent,105150,blue,7995,2007
good,91135,grey,6500,2004
excellent,173000,grey,5000,2011
good,281000,"",2000,1999
excellent,107561,silver,13900,2015
excellent,110200,grey,4350,2002
excellent,142646,grey,6500,2007
good,99742,black,10495,2010
excellent,101567,"",8500,2010
excellent,128000,silver,6298,2002
good,85000,silver,13750,2015
excellent,161000,silver,6975,2009
excellent,63956,grey,7495,2005
excellent,185000,"",5950,2007
good,76935,silver,14999,2014
good,80110,grey,15999,2017
excellent,145000,red,8400,2012
excellent,77588,silver,9900,2007
good,200000,white,4500,2009
excellent,161000,silver,6975,2009
excellent,172000,"",5800,2009
good,150000,yellow,3400,2005
good,162617,silver,5700,2007
excellent,74315,red,12000,2014
fair,254010,white,2000,1998
good,166600,red,9000,2012
like new,140000,silver,8990,2013
good,141000,silver,5200,2008
fair,275000,custom,850,1998
good,137000,blue,7500,2011
good,163191,black,4000,2012
good,127000,grey,6000,2011
excellent,191577,silver,4500,2005
excellent,168000,grey,2850,2003
excellent,180000,"",6500,2010
good,154543,white,7488,2010
good,165000,"",4999,2007
good,174000,grey,3200,2002
excellent,63417,grey,11688,2012
excellent,121986,blue,6000,2008
excellent,84000,silver,8200,2012
good,237941,black,3850,1998
excellent,136706,silver,6995,2005
good,178854,silver,6950,2007
excellent,108000,green,5400,2004
good,165000,"",4699,2007
excellent,128176,"",4995,2004
good,202000,"",1695,1997
good,185000,brown,2300,1997
excellent,165000,"",6750,2007
good,200000,blue,3800,2002
excellent,40666,grey,9995,2014
good,138000,red,5500,2005
good,165000,"",4699,2007
excellent,64000,silver,10998,2008
good,172444,white,5500,2007
excellent,144000,black,2499,2001
excellent,144000,black,2499,2001
excellent,86000,silver,13500,2013
excellent,72159,silver,20500,2018
excellent,57300,brown,4599,1999
good,142000,grey,5995,2010
good,182000,white,5900,2012
good,99742,black,10495,2010
fair,180000,grey,750,2001
excellent,116013,grey,5150,2004
excellent,86000,silver,13750,2015
excellent,86000,silver,13750,2015
like new,89000,"",5999,2005
excellent,65848,"",249,2016
good,262646,brown,3995,2003
like new,119200,"",10995,2014
excellent,28219,"",332,2018
excellent,161000,silver,6975,2009
excellent,95000,black,13495,2017
excellent,77588,silver,9900,2007
excellent,43700,silver,22357,2019
excellent,65848,"",249,2016
excellent,28219,"",332,2018
like new,180903,silver,6250,2009
good,54082,blue,6000,1995
excellent,206189,red,4995,2008
good,124887,silver,13999,2016
excellent,97000,black,9997,2006
excellent,97000,black,9997,2006
excellent,161000,silver,6975,2009
excellent,97000,black,9997,2006
excellent,97000,black,9997,2006
excellent,97000,black,9997,2006
like new,142958,grey,5000,2003
good,124887,silver,13999,2016
good,198000,white,3900,2004
good,258700,"",1800,2000
excellent,198485,green,7000,2009
good,34010,"",21999,2018
good,141000,grey,6650,2009
excellent,125513,silver,7888,2007
excellent,99862,silver,13888,2012
good,206194,grey,2000,2001
good,116755,white,5000,2005
good,175500,grey,5500,2008
excellent,63400,"",6495,2002
excellent,176431,custom,2950,1994
excellent,123240,blue,7999,2005
good,123083,silver,6000,2011
like new,30000,"",1300,2012
like new,125000,white,8800,2014
like new,140000,silver,8990,2013
excellent,97151,grey,16988,2017
excellent,103000,grey,5600,2009
fair,211647,white,1600,1998
excellent,123240,blue,7999,2005
excellent,161000,silver,6975,2009
good,187000,blue,5200,2008
excellent,126291,grey,12999,2016
excellent,251000,"",3000,1996
good,127000,grey,3400,2003
excellent,126291,grey,12999,2016
excellent,166295,silver,3995,2002
good,123000,green,5500,2008
excellent,137000,silver,4600,2003
fair,200000,red,1500,2003
like new,31500,silver,18000,2017
good,152300,silver,3995,2002
excellent,148220,white,7500,2011
excellent,126291,grey,12999,2016
excellent,180000,grey,6400,2007
excellent,26948,grey,15788,2015
excellent,165000,black,5900,2003
fair,203000,"",1900,1997
excellent,108541,white,7499,2007
excellent,105000,blue,7500,2009
excellent,146672,brown,3495,2006
excellent,152245,custom,6800,2010
excellent,146927,white,4950,2004
good,104814,silver,5995,2010
good,178000,white,5700,2009
good,189354,white,4500,2003
salvage,200000,white,600,2000
excellent,168017,red,3950,2002
like new,68000,grey,13000,2013
excellent,53500,white,6200,1989
good,123000,"",4800,2009
good,151886,"",6100,2007
like new,82000,white,13500,2015
fair,193000,red,1600,1996
like new,82000,white,13500,2015
excellent,180000,black,8500,2012
good,171352,green,1300,1991
good,158900,silver,7495,2007
good,190000,white,2100,2001
good,190000,white,2100,2001
excellent,141012,"",3695,2003
good,153000,red,6750,2011
excellent,166000,"",3800,2006
good,153000,red,6750,2011
excellent,178021,"",5495,2004
excellent,156000,grey,4500,2007
excellent,200000,black,5799,2011
good,158900,silver,7495,2007
excellent,152000,grey,5700,2011
excellent,64398,grey,10499,2011
excellent,119179,green,6995,2007
excellent,141012,"",3350,2003
like new,38400,grey,15750,2017
excellent,99950,brown,4950,2004
like new,200000,"",5499,2011
good,176540,green,5200,2009
excellent,119179,green,6995,2007
fair,212500,"",2600,2004
fair,212500,"",2600,2004
excellent,200000,black,5499,2011
good,107000,"",4500,2003
excellent,206390,silver,2750,2004
fair,174675,black,1200,1999
excellent,200000,green,2400,2004
good,110200,brown,5200,2007
excellent,140000,grey,1500,1999
excellent,147000,red,4800,2007
excellent,150000,blue,6900,2007
excellent,134000,grey,7499,2011
good,118200,grey,11829,2016
excellent,114329,white,5650,2007
excellent,117900,"",5500,2008
good,206000,green,2500,1996
excellent,115852,grey,9500,2013
good,56000,silver,9000,2007
good,174746,grey,3725,2004
good,162871,red,3500,2000
good,85700,red,7200,2007
good,147658,red,4850,2007
good,130000,blue,4500,2010
excellent,80466,white,12890,2012
good,189000,white,5999,2011
excellent,50566,black,1,2015
like new,158250,silver,6995,2006
like new,158250,silver,6995,2006
excellent,86000,silver,7950,2008
excellent,157000,blue,6900,2006
excellent,158422,grey,3995,2004
excellent,55000,black,14995,2015
excellent,54000,black,14440,2015
like new,74000,silver,7895,2007
fair,135000,red,2900,1993
like new,74000,silver,7895,2007
fair,182000,"",1500,1995
like new,3877,white,17000,2016
excellent,57325,green,500,2017
good,153000,green,4500,2009
good,109039,black,15950,2016
good,189000,"",5999,2011
good,202300,silver,3000,2003
good,88950,white,16950,2018
excellent,110335,"",1999,2011
excellent,120351,"",2000,2015
good,109039,black,15950,2016
like new,97225,"",1,2017
excellent,187705,silver,3890,2005
excellent,50566,black,1,2015
excellent,139652,"",5200,2005
like new,155000,"",7100,2012
excellent,39388,silver,18990,2018
excellent,35664,grey,19500,2018
good,172000,silver,2500,2003
like new,17246,"",1500,2014
like new,17246,"",1500,2014
like new,17246,"",1500,2014
like new,17246,"",1500,2014
good,130050,"",4000,2006
excellent,204051,"",3800,2005
good,114901,grey,5950,2008
excellent,80000,silver,14850,2017
excellent,80466,white,12890,2012
excellent,178882,blue,3700,2005
good,148800,blue,6700,2009
fair,180000,"",1000,2011
good,208348,"",5999,2009
good,108348,"",5999,2009
excellent,129000,silver,8900,2012
excellent,13761,grey,20900,2020
excellent,13761,grey,20900,2020
excellent,99000,silver,9500,2015
excellent,160000,brown,5299,2006
good,112000,grey,5600,2007
excellent,21536,grey,18900,2018
good,120731,silver,3997,2003
excellent,13761,grey,20900,2020
good,150678,green,3900,2003
excellent,170139,black,5991,2009
fair,218000,white,2200,2001
excellent,76875,grey,1500,2015
excellent,24360,grey,1500,2019
good,100000,"",100,2006
excellent,209898,silver,3350,2003
good,133288,brown,5500,2007
good,113400,green,5300,2007
fair,173251,silver,3695,2007
good,55360,silver,6500,2005
good,142000,brown,1700,1998
excellent,150780,blue,6999,2004
excellent,126246,brown,3500,2003
excellent,24360,grey,1500,2019
excellent,110000,blue,3995,2004
excellent,24360,grey,1500,2019
excellent,76875,grey,1500,2015
excellent,86619,white,5900,2006
excellent,99000,black,12200,2015
excellent,170139,black,5991,2009
excellent,26200,black,16500,2016
excellent,80966,white,12800,2012
good,178000,"",4000,2010
excellent,212000,red,4500,2005
fair,145000,red,1200,1994
excellent,160676,grey,5495,2011
excellent,81190,silver,11902,2012
excellent,156201,custom,5495,2008
like new,181000,silver,4500,2005
excellent,180000,silver,2800,2004
excellent,86000,red,12980,2014
excellent,86000,red,12980,2014
fair,206666,white,1300,1997
excellent,178550,silver,3800,2002
excellent,157000,silver,4990,2005
excellent,119000,red,4990,2004
excellent,149000,grey,4990,2005
fair,176000,grey,1100,1997
excellent,97200,white,12900,2016
like new,147225,grey,6995,2012
good,180000,white,1600,2000
good,133268,silver,4800,2007
good,160000,"",3300,2004
good,202913,green,6000,2009
good,92000,blue,3500,2006
excellent,138709,grey,6500,2011
good,202000,silver,4950,2009
excellent,193000,"",3400,2001
excellent,119339,silver,1800,2011
excellent,153209,grey,10999,2014
good,161345,"",3800,2003
fair,250000,"",1850,2000
good,213000,"",4500,2007
like new,145000,custom,1799,1996
like new,145000,black,1999,2001
good,213000,"",4500,2007
fair,170000,blue,2950,2002
good,186100,silver,5800,2007
excellent,142000,"",4500,2007
good,122534,white,6500,2010
good,75000,black,4500,2010
good,181200,red,5999,2009
excellent,108000,silver,5900,2009
excellent,73324,grey,6995,2004
excellent,121185,grey,1999,2010
good,45000,"",9500,2011
fair,158000,"",4500,2008
good,44437,red,15988,2016
good,250000,"",599,1997
excellent,62374,grey,14995,2017
excellent,106250,white,7988,2007
good,81000,blue,2500,1999
good,217500,"",2500,1996
good,207861,green,3995,2001
good,138999,custom,6950,2007
good,200000,white,3700,2004
excellent,64000,grey,10500,2014
good,139028,grey,7860,2009
excellent,193191,red,5995,2009
excellent,194260,silver,2995,2002
good,139028,grey,7860,2009
excellent,222000,red,3500,2005
good,242596,black,2450,2002
excellent,85112,"",5995,2000
excellent,222000,red,3500,2005
good,44437,red,15988,2016
good,44437,red,15988,2016
excellent,68000,blue,15000,2017
like new,132000,grey,10000,2014
good,167000,grey,4499,2006
good,179000,grey,4999,2007
excellent,161240,yellow,3400,2003
good,170000,brown,5300,2009
salvage,210000,"",1000,2009
excellent,72289,"",16000,2016
excellent,51167,grey,15500,2016
good,162000,black,3300,2002
like new,122333,grey,4000,2004
good,188000,"",4000,2005
good,147000,silver,4250,2005
excellent,189100,"",3200,2001
excellent,153000,grey,5950,2011
excellent,103944,"",7499,2009
excellent,89694,grey,7995,2011
excellent,173535,"",4999,2011
excellent,70610,blue,7999,2007
excellent,94995,white,3999,2003
excellent,131278,silver,2999,2002
good,220000,brown,2600,1999
like new,39000,blue,12000,2017
good,30866,"",20960,2017
good,25158,"",21960,2018
excellent,107200,brown,5950,2006
excellent,70465,grey,16995,2017
good,55292,grey,19900,2019
good,187048,silver,3950,2005
excellent,161000,"",3995,2005
good,55292,grey,19900,2019
excellent,190000,grey,4300,2009
good,114509,silver,6995,2008
good,132973,grey,6995,2009
good,183000,purple,3600,1999
good,212000,grey,3700,2007
like new,145500,white,5995,2007
good,251502,white,2500,1993
good,180000,"",2000,1994
good,200000,green,1000,1994
excellent,199000,custom,4400,2005
excellent,182000,blue,5500,2007
good,189700,white,1850,1996
excellent,140125,grey,6400,2007
excellent,107700,green,5500,2009
excellent,64780,silver,199,2015
new,146672,brown,3495,2006
good,165250,"",2900,1997
excellent,55652,custom,14000,2014
excellent,162756,grey,6995,2010
excellent,211579,green,3700,2004
excellent,140037,blue,6800,2007
excellent,118049,"",7400,2007
good,143660,"",6300,2007
excellent,122506,blue,4900,2002
excellent,118049,"",7400,2007
like new,59000,silver,9999,2012
excellent,202183,"",5900,2009
excellent,152044,green,2750,1998
excellent,205745,white,2400,1999
good,55292,grey,19900,2019
excellent,47343,red,21298,2018
good,139272,grey,6495,2007
good,55292,grey,19900,2019
good,89386,grey,11495,2014
good,55292,grey,19900,2019
excellent,186555,blue,5497,2005
good,55292,grey,19900,2019
good,153000,silver,3295,1997
like new,86211,"",12995,2016
excellent,148611,"",6995,2005
excellent,209000,black,3950,2003
excellent,85700,green,13500,2013
good,181839,custom,4995,2004
excellent,161397,"",8995,2012
good,82278,white,13995,2016
good,55292,grey,19900,2019
good,235000,white,3500,2002
excellent,273168,"",5995,2010
good,166000,black,7900,2014
excellent,42541,"",21995,2018
excellent,133301,"",11995,2012
excellent,135913,"",6995,2007
excellent,97000,"",14000,2014
excellent,169200,silver,3000,2000
like new,166663,red,5998,2007
good,166000,black,7900,2014
excellent,116000,"",9900,2014
good,173327,blue,2500,2000
good,55292,grey,19900,2019
good,55292,grey,19900,2019
good,55292,grey,19900,2019
good,55292,grey,19900,2019
excellent,69182,"",15999,2014
good,110000,"",3500,1999
like new,89715,grey,11995,2014
excellent,25863,grey,19999,2016
excellent,69182,"",15999,2014
excellent,133338,silver,6995,2007
good,82278,white,13995,2016
good,167000,green,5400,2011
excellent,96000,"",6500,2007
excellent,128033,black,7950,2006
excellent,48212,white,22000,2018
excellent,44376,white,21999,2018
good,82278,white,13995,2016
good,55292,grey,19900,2019
excellent,205745,white,2400,1999
excellent,116000,"",9900,2014
excellent,217172,"",4622,2007
excellent,59927,white,13480,2014
excellent,185000,silver,5450,2011
excellent,75788,grey,12980,2014
excellent,121619,black,9980,2011
good,146651,custom,6995,2005
excellent,44000,"",8000,2006
fair,220000,green,2500,2002
like new,64404,"",15988,2016
excellent,146672,brown,3495,2006
excellent,35879,"",16500,2015
excellent,152000,silver,8000,2010
excellent,19812,black,21000,2019
excellent,19812,black,21000,2019
excellent,46009,black,17900,2017
excellent,90130,grey,14500,2017
excellent,205354,red,5500,2007
like new,47000,blue,16000,2017
like new,36000,black,18950,2019
excellent,68781,silver,8945,2008
excellent,68781,silver,8945,2008
excellent,68781,silver,8945,2008
excellent,68781,silver,8945,2008
like new,109000,red,11900,2013
excellent,68781,silver,8945,2008
excellent,68781,silver,8945,2008
excellent,123257,"",4800,2000
excellent,68781,silver,8945,2008
good,182000,black,4800,2009
excellent,68781,silver,8945,2008
excellent,68781,silver,8945,2008
excellent,68781,silver,8945,2008
excellent,68781,silver,8945,2008
good,149257,black,8995,2011
good,211511,green,5995,2007
good,138804,white,8995,2011
good,81914,blue,10995,2011
good,138991,custom,6995,2004
excellent,68781,silver,8945,2008
excellent,68781,silver,8945,2008
excellent,68781,silver,8945,2008
excellent,68781,silver,8945,2008
excellent,68781,silver,8945,2008
excellent,68781,silver,8945,2008
excellent,68781,silver,8945,2008
excellent,99317,white,9800,2015
excellent,180000,"",6200,2007
new,143124,red,5500,2007
excellent,143000,red,5500,2007
good,151916,white,4995,2006
good,121654,custom,6750,2007
like new,86710,grey,14295,2017
excellent,99317,white,9800,2015
excellent,102000,"",8995,2009
excellent,214000,white,5800,2010
excellent,97299,blue,12400,2013
excellent,114093,grey,7900,2010
excellent,139000,white,8995,2012
good,190800,green,5750,2007
excellent,139000,white,8995,2012
excellent,139000,white,8995,2012
excellent,136000,green,6495,2009
excellent,205000,black,2650,2009
good,177600,red,4000,2006
excellent,81915,white,8995,2010
like new,200160,"",2500,2002
good,200000,green,2300,1998
excellent,190500,red,4951,2007
excellent,130000,green,8200,2011
excellent,168000,silver,3300,2003
excellent,190500,red,4951,2007
excellent,164000,red,4500,2007
excellent,126000,"",2100,1999
excellent,119000,"",3900,2006
excellent,121000,silver,2900,2001
good,167214,grey,4800,2007
good,243000,"",1850,2000
excellent,190500,red,4951,2007
excellent,132000,grey,6800,2008
good,53000,"",4200,2006
excellent,81915,white,8995,2010
good,125582,silver,6995,2007
good,129210,green,6995,2009
excellent,171000,"",3995,2002
like new,170000,black,5000,2007
excellent,183000,brown,3995,2008
excellent,156000,blue,3700,2002
good,150000,black,5500,2005
excellent,195000,silver,3995,2006
like new,130120,brown,3950,2004
like new,200014,brown,1450,1999
good,195000,"",2945,2004
good,181600,"",5900,2007
good,186000,silver,5995,2010
good,167569,blue,3995,2002
excellent,162000,grey,2995,2004
good,137977,green,5950,2009
excellent,139000,white,8995,2012
fair,169800,silver,3900,2003
like new,151425,blue,3995,2004
excellent,214453,silver,7995,2014
excellent,126813,"",9995,2013
good,211000,grey,4500,2005
good,116000,"",5600,2007
excellent,122410,silver,5998,2004
excellent,94925,grey,11760,2013
excellent,123445,black,7497,2011
excellent,116781,blue,7995,2009
good,211000,grey,3000,2007
good,163000,"",3499,2006
excellent,105795,red,11000,2012
excellent,116781,blue,7995,2009
excellent,84079,red,7188,2010
excellent,111205,black,6588,2008
excellent,168260,brown,5495,2005
excellent,85205,grey,12995,2015
good,139900,black,7400,2011
good,210000,white,2400,2005
excellent,41000,"",10499,2010
excellent,119179,green,6995,2007
good,147305,"",2999,2001
excellent,14600,grey,5600,2008
like new,200000,"",5500,2011
like new,69500,brown,4995,2001
excellent,110955,red,8799,2013
good,125000,blue,8500,2013
excellent,95000,grey,9200,2011
excellent,154601,brown,3500,2006
excellent,110955,red,8799,2013
like new,60308,grey,16995,2017
like new,86639,black,14995,2015
good,181000,"",2500,2002
excellent,79000,grey,13400,2014
excellent,123916,grey,2000,2010
good,230000,white,1400,1992
good,134918,silver,4999,2010
fair,167000,"",1200,2001
like new,122333,grey,840,2004
good,231000,black,2900,2000
good,122622,white,5900,2010
excellent,103000,silver,10500,2012
excellent,144000,green,4500,2007
excellent,117338,silver,4495,2003
good,231000,black,2900,2000
excellent,191142,blue,4000,2003
excellent,191142,blue,3500,2003
good,231000,black,2900,2000
good,235000,silver,1725,2000
good,143597,green,5450,2003
good,231000,black,2900,2000
good,143597,green,5450,2003
like new,94795,black,12900,2013
good,143597,green,5450,2003
good,186783,brown,2995,1998
good,231000,black,2900,2000
excellent,134000,white,10500,2016
good,71466,black,17595,2018
good,138900,silver,5200,2005
good,244500,"",2150,1998
good,119000,"",3900,2001
good,198000,grey,2800,2004
excellent,65000,brown,7900,2009
good,133000,yellow,4249,2009
good,196000,white,4400,2007
excellent,90209,grey,13990,2012
good,150123,green,5995,2007
good,205800,brown,2500,2002
good,202600,green,4000,2007
good,230133,grey,3000,2003
good,274464,black,3650,2003
excellent,233000,"",2499,2004
good,206000,red,2999,2005
excellent,100369,brown,4700,2006
good,86000,"",11500,2012
good,198223,white,1999,1996
excellent,108848,silver,10500,2011
good,85000,"",3000,2009
good,159855,silver,8000,2013
good,127000,silver,7495,2011
excellent,240000,white,4950,2009
excellent,129086,grey,7512,2010
excellent,151000,grey,6250,2007
excellent,157963,white,8500,2011
good,61000,black,17995,2016
excellent,157963,white,8500,2011
excellent,240000,white,4950,2009
excellent,124710,silver,8250,2007
fair,250000,green,1400,2002
like new,17000,silver,21995,2019
good,136208,white,9425,2012
good,173000,blue,2995,1992
good,199555,"",5695,2007
good,77382,silver,11900,2013
fair,183231,white,3275,2007
good,205925,silver,3800,2005
excellent,40100,black,14800,2014
excellent,62000,silver,8900,2009
fair,117000,red,6500,2012
excellent,29463,silver,7995,2006
excellent,165000,white,5200,2003
like new,169000,"",8900,2012
like new,184321,white,5900,2007
good,120000,yellow,5995,2007
excellent,160000,black,6990,2011
excellent,62000,silver,8900,2009
excellent,156000,blue,6500,2010
excellent,139787,custom,4995,2002
good,120000,yellow,5995,2007
excellent,187000,black,5500,2009
excellent,149000,silver,10000,2014
excellent,184000,"",2750,1996
excellent,105367,grey,7300,2007
good,119954,silver,800,2011
excellent,157000,white,4999,2003
excellent,136200,black,7775,2011
like new,192000,blue,1795,2007
good,215386,grey,3250,1998
excellent,181476,"",5700,2006
good,217000,grey,3700,2002
excellent,160000,"",6000,2009
excellent,177225,grey,7200,2011
good,217398,silver,3200,2002
like new,201699,white,4200,1996
excellent,160000,black,6998,2011
excellent,67930,red,16995,2017
excellent,67930,red,16995,2017
excellent,67930,red,16995,2017
excellent,67930,red,16995,2017
excellent,67930,red,16995,2017
excellent,67930,red,16995,2017
excellent,66658,blue,13350,2013
excellent,67930,red,16995,2017
excellent,66658,blue,13350,2013
excellent,67930,red,16995,2017
excellent,66658,blue,13350,2013
excellent,66658,blue,13350,2013
excellent,67930,red,16995,2017
excellent,66658,blue,13350,2013
excellent,66658,blue,13350,2013
good,119635,blue,10250,2015
good,202475,"",1600,1998
good,83674,silver,13650,2015
good,165000,green,4000,2004
good,131000,white,4200,2002
good,137546,green,6950,2007
good,137546,green,6950,2007
like new,145000,silver,2900,2001
good,151734,red,6950,2007
good,156084,silver,5650,2003
excellent,84252,black,21995,2018
excellent,129442,silver,10500,2013
excellent,129442,silver,10900,2013
excellent,129442,silver,10500,2013
excellent,136020,silver,9500,2010
excellent,157000,red,10500,2014
like new,121000,red,9750,2014
good,208000,red,2995,1987
good,169000,"",5900,2008
like new,201699,white,4200,1996
like new,179000,red,7000,2008
good,179000,red,6500,2008
excellent,76000,red,9800,2014
excellent,133338,silver,6995,2007
excellent,76000,green,6795,2005
excellent,135000,"",5700,2011
excellent,142000,silver,4468,2007
excellent,178000,grey,6500,2011
good,161021,grey,3300,2005
good,161748,grey,3300,2005
excellent,105286,silver,5995,2003
excellent,75946,black,15000,2014
excellent,104597,silver,9000,2009
like new,210000,silver,3999,1999
excellent,104597,silver,9000,2009
excellent,73450,"",13794,2014
excellent,101000,blue,10500,2011
like new,56878,black,14495,2015
good,210000,"",3200,2001
fair,179000,blue,2000,2011
good,159769,grey,2500,2000
good,178161,white,3600,2002
like new,54163,silver,15495,2017
like new,119331,grey,7795,2011
excellent,36700,black,15900,2015
good,81074,custom,8295,2009
fair,194356,green,2500,2002
like new,38500,black,18000,2017
excellent,172000,"",5495,2011
excellent,136470,black,8995,2013
excellent,169000,"",3200,2005
good,132785,grey,5000,2006
excellent,79595,white,9495,2010
fair,209950,white,2700,2005
good,175000,red,2100,1999
excellent,107234,grey,4900,2003
excellent,169000,"",3300,2005
good,91928,blue,6000,2009
excellent,142149,grey,3150,2004
excellent,127901,"",9500,2016
like new,150000,green,5000,2009
excellent,172851,"",3988,2005
excellent,93000,silver,9500,2013
like new,58000,black,15899,2017
excellent,124884,"",6990,2010
good,94317,"",9000,2012
excellent,125000,"",5000,2001
good,170000,red,5500,2007
good,157000,grey,3900,2008
excellent,133000,grey,7200,2013
good,119132,grey,6995,2007
good,140000,blue,1,2019
good,165223,silver,3695,2009
good,179732,black,5995,2009
good,169203,black,5295,2007
good,176313,blue,4495,2005
like new,144393,red,8100,2009
excellent,132920,blue,3200,1997
excellent,69949,black,13395,2014
good,165223,silver,3695,2009
excellent,69949,black,13395,2014
good,140000,blue,1,2019
excellent,69949,black,13395,2014
excellent,121276,"",8495,2011
good,170000,"",3000,2003
excellent,121276,"",8495,2011
excellent,96000,white,830,2000
new,53000,red,8500,2011
excellent,151000,silver,5300,2008
good,108000,brown,9900,2014
excellent,46000,silver,10500,2015
excellent,66800,silver,14000,2015
like new,67000,custom,9100,2015
good,108000,brown,9900,2014
excellent,170538,red,5800,2007
excellent,130000,black,13950,2015
excellent,90000,silver,12500,2015
excellent,115705,grey,7495,2009
like new,95000,red,9000,2007
excellent,206000,silver,3500,2007
good,74000,red,6650,2005
excellent,75261,silver,6500,2007
good,122100,custom,5000,2007
good,167723,blue,6000,2008
excellent,115705,grey,7495,2009
excellent,100000,"",7000,2011
excellent,146672,brown,3495,2006
excellent,115705,grey,7495,2009
good,59132,silver,10990,2008
excellent,115705,grey,7495,2009
good,142000,black,4500,2005
good,155500,green,3900,2004
good,180000,"",4200,2007
like new,270032,blue,2800,2003
like new,135000,"",5100,2007
excellent,155123,silver,8995,2012
excellent,101710,red,11790,2013
excellent,161648,silver,3150,2002
like new,270032,blue,2800,2003
good,165000,brown,2000,2000
like new,270032,blue,2800,2003
excellent,153724,silver,7995,2012
like new,270032,blue,2800,2003
like new,270032,blue,2800,2003
good,152730,silver,3000,2006
like new,270032,blue,2800,2003
good,155500,green,3900,2004
good,155500,green,3900,2004
excellent,87600,black,9500,2012
excellent,115705,grey,7495,2009
good,205000,green,3925,2011
excellent,83662,"",8995,2009
excellent,141518,"",6999,2007
excellent,111760,red,9999,2010
excellent,10985,silver,7200,2005
good,100814,blue,16995,2017
good,147500,grey,3999,2006
excellent,10985,silver,7200,2005
excellent,116000,grey,4250,2000
excellent,113000,"",4000,2003
excellent,64830,grey,12995,2014
excellent,200000,green,3500,2005
excellent,47591,blue,20995,2018
excellent,86120,"",9990,2007
good,89934,grey,10795,2012
good,90660,white,11995,2015
good,179000,green,2000,2004
excellent,116000,grey,4500,2000
excellent,120000,brown,2650,1998
excellent,10985,silver,7200,2005
good,264100,"",2999,2005
good,258135,black,1500,2001
fair,190000,blue,1150,2000
good,157000,white,9000,2014
excellent,42434,black,13295,2018
excellent,26000,grey,15495,2012
good,202000,silver,3800,2008
excellent,241000,green,2500,2002
like new,32865,black,18500,2018
good,129000,silver,4500,2007
good,170000,custom,1500,2004
excellent,38744,"",15895,2019
good,180000,brown,1950,2000
excellent,137000,white,7000,2011
excellent,35742,"",16775,2018
excellent,130000,red,3700,2006
good,186814,grey,2100,2001
good,210343,white,140,2014
excellent,105700,silver,3100,2001
good,100000,"",2000,2012
salvage,114000,"",1000,1996
good,56000,grey,7200,2007
fair,189000,blue,2250,2005
excellent,115705,grey,7495,2009
good,128678,grey,3200,2003
excellent,202000,"",2950,2005
excellent,115705,grey,7495,2009
good,73255,"",8250,2007
good,180000,black,4200,2008
good,160000,grey,4200,2007
good,177296,silver,2000,2005
excellent,141350,black,7650,2011
excellent,139000,white,8995,2012
good,141000,black,6495,2007
fair,200000,"",5999,2010
fair,181358,silver,1100,2005
good,124000,"",5000,2009
excellent,178021,"",5495,2004
excellent,139000,white,8995,2012
good,166000,"",2950,1998
good,166230,"",3000,2001
good,166000,"",2950,1998
excellent,188000,silver,6800,2009
excellent,199000,green,3600,2009
good,166000,"",2950,1998
good,166000,"",2950,1998
good,166000,"",2950,1998
excellent,93083,grey,11733,2014
excellent,115830,grey,7995,2005
excellent,143553,blue,5495,2009
excellent,115830,grey,8244,2005
excellent,143553,blue,5900,2009
good,166230,"",3000,2001
excellent,150239,red,5900,2010
excellent,93083,grey,11477,2014
good,69995,green,6800,2010
excellent,192459,blue,6295,2009
good,169000,"",2800,1997
good,167256,blue,3950,2009
like new,197000,"",2495,1995
good,173000,red,2700,2005
excellent,183485,"",4850,2009
good,133138,grey,10000,2012
good,153268,"",4219,2002
good,153268,"",4219,2002
like new,143000,silver,6500,2011
excellent,160000,grey,2500,2007
good,154000,grey,4800,2004
good,189000,"",2000,2003
fair,142800,silver,2495,2005
good,167000,white,5500,2010
good,95520,"",4495,2001
good,190000,brown,2300,2000
excellent,93083,grey,11733,2014
fair,160000,grey,2499,2005
good,190000,brown,2700,2000
good,143151,white,2900,1999
excellent,89998,grey,6300,2009
excellent,93083,grey,11477,2014
excellent,158000,grey,4800,2007
excellent,146672,brown,3495,2006
excellent,114009,grey,8995,2011
excellent,209960,silver,3000,2000
good,196859,silver,4500,2007
excellent,141978,blue,4500,2007
good,219954,red,4500,2007
excellent,138840,"",6950,2011
excellent,114009,grey,8995,2011
excellent,138840,"",6950,2011
fair,169941,grey,750,1999
excellent,187000,silver,5000,2011
fair,250000,white,1000,2001
good,231000,black,2900,2000
excellent,30000,black,20500,2019
good,243000,black,4000,2003
excellent,160000,white,3999,2005
excellent,160000,white,3999,2005
excellent,160000,white,3999,2005
like new,64404,"",15988,2016
excellent,66403,"",15988,2016
excellent,137000,white,5250,2004
good,150568,white,6900,2009
like new,64404,"",15988,2016
good,156609,black,7995,2009
excellent,174000,grey,5998,2010
excellent,133000,silver,5298,2004
excellent,113813,silver,6500,2010
fair,180000,grey,2000,2000
salvage,200000,white,500,1999
excellent,122299,"",11995,2010
excellent,113813,silver,6500,2010
fair,265000,"",1300,1999
good,241470,"",1500,2002
good,45579,grey,13500,2014
excellent,105000,grey,9200,2012
excellent,105000,grey,9200,2012
good,122000,"",1,2012
excellent,79567,blue,10900,2011
good,122000,"",1,2012
excellent,200000,silver,4900,2006
good,122000,"",1,2012
good,122000,"",1,2012
good,122000,"",1,2012
good,109000,silver,12000,2012
fair,254999,silver,1200,2002
excellent,111424,grey,7500,2006
good,200000,white,2650,1998
fair,150000,"",325,1996
good,105739,silver,3690,2004
good,174000,blue,2999,2007
good,188000,silver,5000,2007
excellent,100683,blue,15995,2017
excellent,124267,silver,10493,2012
excellent,222316,"",2995,2004
excellent,166067,"",2995,2004
excellent,231832,"",2995,2004
excellent,231146,"",2895,1996
excellent,193689,"",3750,2000
excellent,220002,"",5477,2007
good,155000,white,2500,2001
fair,94548,silver,6995,2006
good,219500,white,2750,2000
excellent,217170,black,1495,1999
excellent,135203,white,9995,2011
excellent,197000,"",6595,2012
excellent,157913,silver,6950,2011
excellent,157913,silver,6950,2011
excellent,157913,silver,6950,2011
excellent,157913,silver,6950,2011
excellent,157913,silver,6950,2011
like new,108255,grey,11500,2017
good,140000,"",2700,2002
good,119132,grey,6995,2007
good,165223,silver,3695,2009
good,37407,"",8500,2009
good,116854,white,9999,2012
excellent,65000,grey,15700,2015
excellent,69949,black,13395,2014
good,165223,silver,3695,2009
excellent,87000,red,6900,2009
like new,39556,white,16500,2015
excellent,104660,grey,5850,2005
excellent,17000,white,13495,2017
good,185439,brown,2600,1999
good,120000,brown,5900,2006
good,185439,brown,2600,1999
excellent,126000,grey,7995,2009
good,203000,grey,1750,2001
excellent,104660,grey,5850,2005
good,185439,brown,2600,1999
excellent,126000,grey,7995,2009
good,185439,brown,2600,1999
excellent,126000,grey,7995,2009
excellent,126000,grey,7995,2009
like new,140000,custom,7000,2009
excellent,126000,grey,7995,2009
excellent,126000,grey,7995,2009
excellent,123800,green,6495,2007
excellent,104660,grey,6150,2005
good,173442,silver,3750,2007
good,224457,"",1895,1996
excellent,60000,white,9900,2011
like new,88721,black,11250,2013
like new,14914,blue,19995,2016
excellent,95000,white,9600,2012
good,112662,custom,6995,2007
good,74988,silver,13980,2016
good,114000,white,5200,2008
like new,156782,"",9400,2014
excellent,157913,silver,6950,2011
excellent,157913,silver,6950,2011
excellent,126728,silver,6800,2008
excellent,119587,silver,6600,2008
excellent,96700,"",4000,1995
good,103000,grey,9000,2011
excellent,79000,silver,3000,1991
good,89340,silver,11995,2015
excellent,105795,red,11000,2012
excellent,208700,"",2600,2004
excellent,60000,silver,800,2016
excellent,116781,blue,7995,2009
excellent,148000,"",6500,2011
excellent,140000,white,10000,2015
excellent,177000,"",7200,2009
fair,200000,green,3000,2007
good,193000,"",4999,2012
excellent,188000,white,7000,2010
excellent,220000,"",4350,2007
excellent,62000,silver,8900,2009
excellent,222703,silver,9999,2009
good,153171,white,5700,2009
good,153171,white,5700,2009
excellent,35771,"",14995,2018
excellent,183644,"",6995,2011
good,268562,silver,4250,2009
like new,31354,"",19495,2018
good,69707,black,15000,2017
excellent,46009,black,17900,2017
excellent,35879,"",16500,2015
excellent,35879,"",16500,2015
excellent,35879,"",16500,2015
excellent,35879,"",16500,2015
excellent,19812,black,21000,2019
excellent,35879,"",16500,2015
excellent,90130,grey,14500,2017
excellent,35879,"",16500,2015
excellent,105000,white,7600,2010
excellent,278000,green,5300,2007
like new,176000,"",6000,2010
excellent,179432,black,6995,2011
excellent,146672,brown,3495,2006
excellent,46009,black,17900,2017
like new,40553,grey,17895,2017
excellent,82000,black,13000,2015
like new,40553,grey,17895,2017
excellent,81000,blue,5995,2009
excellent,55182,"",9999,2014
like new,33000,silver,19990,2018
excellent,35879,"",16500,2015
excellent,46009,black,17900,2017
good,141119,black,8500,2009
excellent,89998,grey,10000,2010
excellent,46009,black,17900,2017
excellent,77200,black,10900,2017
excellent,46009,black,17900,2017
excellent,190000,red,4500,2011
good,141119,black,8500,2009
excellent,131500,blue,9995,2014
excellent,184930,silver,4900,2006
good,51534,grey,11125,2014
good,186000,grey,4500,2010
good,200000,"",2000,1999
excellent,91100,grey,5750,2001
like new,154000,silver,5450,2005
excellent,65230,silver,15800,2018
excellent,220000,"",3500,2004
excellent,161656,custom,6700,2010
excellent,220000,"",3500,2004
excellent,220000,"",3500,2004
fair,183000,grey,3500,2009
excellent,91100,grey,5995,2001
good,185000,white,2850,2001
like new,128406,grey,12900,2016
excellent,107000,silver,7000,2007
excellent,118361,blue,8395,2010
excellent,158311,grey,5950,2006
excellent,95000,"",500,2012
like new,67543,"",12500,2017
excellent,53914,white,19500,2016
good,95628,custom,7995,2002
excellent,123000,grey,9000,2011
excellent,42700,black,17000,2015
excellent,115000,white,8799,2012
good,148000,grey,8500,2009
excellent,103047,"",5995,1999
excellent,70000,"",1000,2016
excellent,114093,grey,7900,2010
excellent,71932,red,14777,2014
excellent,44884,"",21777,2018
excellent,146672,brown,3495,2006
good,200000,silver,2000,2007
good,200000,silver,2000,2007
good,200000,silver,2000,2007
good,200000,silver,2000,2007
good,200000,silver,2000,2007
good,200000,silver,2000,2007
good,200000,silver,2000,2007
good,200000,silver,2000,2007
like new,120000,white,6200,2009
like new,70000,black,500,2016
good,200000,silver,2000,2007
good,200000,silver,2000,2007
good,200000,silver,2000,2007
good,200000,silver,2000,2007
good,200000,silver,2000,2007
like new,70000,black,500,2016
good,200000,silver,2000,2007
good,200000,silver,2000,2007
good,152000,black,4200,2007
good,200000,silver,2000,2007
excellent,105000,black,8799,2012
good,200000,silver,2000,2007
good,200000,silver,2000,2007
good,162725,grey,6588,2011
good,200000,silver,2000,2007
good,200000,silver,2000,2007
good,200000,silver,2000,2007
like new,70000,black,500,2016
excellent,16852,black,19990,2018
excellent,37000,green,6950,2011
fair,246468,white,2295,2001
excellent,249403,"",4550,2009
excellent,249403,"",4550,2009
excellent,127628,grey,5000,2012
like new,121611,silver,2000,2013
like new,121611,grey,2500,2013
good,202269,silver,7450,2012
good,264000,silver,999,2005
excellent,166345,white,7400,2012
fair,218622,black,800,2000
like new,197000,"",2800,2004
excellent,159000,"",7975,2010
like new,164297,black,6000,2010
excellent,159000,"",7975,2010
good,64805,black,12995,2009
excellent,61856,grey,15995,2017
good,77000,"",7500,2013
excellent,41100,white,16000,2015
excellent,81323,"",8999,2003
like new,64404,"",15988,2016
good,153000,silver,4999,2007
excellent,105286,silver,5995,2003
good,170088,green,3999,2007
excellent,144684,red,6995,2008
good,135917,red,7495,2011
excellent,49500,red,16500,2016
like new,74000,red,14998,2016
good,89000,green,8000,2011
excellent,89960,silver,9500,2012
excellent,123916,grey,2000,2010
good,125945,grey,8995,2012
good,128000,silver,3200,2006
excellent,155000,"",4995,2004
excellent,144500,green,7250,2008
excellent,150000,blue,6900,2007
good,112861,white,7999,2011
excellent,139634,blue,5500,2007
fair,255000,"",2750,2005
excellent,92000,silver,4999,2001
excellent,66017,grey,5995,2004
excellent,38111,grey,5995,2004
good,200000,"",3200,2000
good,200000,"",3200,2000
good,200000,"",3200,2000
good,164258,brown,3000,1999
excellent,108579,"",11987,2014
good,212342,"",3550,2005
excellent,149596,silver,6995,2011
excellent,174000,"",1,2007
excellent,72856,blue,6495,2003
good,166000,white,5990,2011
excellent,229000,grey,3200,2003
excellent,86000,grey,9500,2011
excellent,80000,"",5900,2004
excellent,174000,"",6495,2008
good,166000,white,5990,2011
good,133100,grey,5000,2005
good,170000,black,4300,2007
good,120160,silver,3800,1999
good,166000,white,6450,2011
good,188000,"",3500,2000
like new,170000,black,4300,2007
like new,170000,black,4500,2007
good,225661,blue,3900,2005
like new,170000,black,4500,2007
good,170000,black,4500,2007
good,144735,silver,9450,2014
excellent,113300,silver,10995,2014
excellent,125180,white,10495,2012
fair,209762,"",1200,1997
good,225000,"",3200,2003
good,277100,green,1900,1997
fair,209762,"",1400,1997
excellent,194000,red,4000,2007
good,152364,black,6995,2010
like new,201000,blue,6200,2012
good,172000,brown,2400,1998
good,187906,white,2500,1998
like new,201000,blue,6200,2012
excellent,194200,red,4000,2007
excellent,126000,"",2500,1999
fair,282503,red,700,1990
good,135465,grey,4900,2007
excellent,179133,"",6488,2007
good,160000,silver,3500,2002
excellent,196000,black,6200,2007
good,280000,"",1500,1996
good,158000,green,2795,1997
excellent,157735,black,4499,2002
excellent,69646,silver,7995,2006
good,185000,"",2350,1999
fair,229656,green,1200,1996
good,233573,silver,2500,1999
excellent,125000,"",5800,2005
excellent,84405,silver,12995,2012
excellent,156724,red,7500,2010
excellent,94750,silver,12995,2013
excellent,217719,grey,3900,2006
excellent,94000,grey,10295,2011
excellent,69246,red,14995,2015
excellent,248000,grey,5495,2009
excellent,25457,silver,17990,2017
like new,123861,"",4999,2007
excellent,128520,"",3999,2003
like new,124850,silver,3999,2004
like new,52056,"",6999,2007
like new,125069,"",3999,2004
like new,117490,"",4999,2006
like new,106998,"",2999,2000
like new,108933,"",2999,2000
like new,123861,"",4999,2007
excellent,231560,green,3900,2003
good,132642,grey,4988,2005
good,148000,red,2500,2001
fair,125000,"",2500,2003
good,213960,green,4900,2007
good,151278,green,6500,2009
good,187048,silver,3950,2004
excellent,49058,green,13799,2012
excellent,49058,green,13988,2012
good,209800,blue,6400,2010
good,55292,grey,19900,2019
excellent,165637,black,8688,2011
excellent,49058,green,13988,2012
excellent,165637,black,8980,2011
excellent,49058,green,14488,2012
like new,123861,"",4999,2007
excellent,72289,"",16000,2016
excellent,51167,grey,15500,2016
good,87234,green,9900,2012
excellent,128520,"",3999,2003
like new,124850,silver,3999,2004
excellent,178000,"",3250,1996
good,73000,black,9300,2013
like new,52000,silver,12900,2014
good,214000,grey,3200,2002
excellent,124602,blue,11695,2017
good,164607,silver,3599,2001
fair,167000,"",2500,1999
good,111138,custom,7899,2011
like new,52056,"",6999,2007
excellent,87857,grey,12500,2013
like new,125069,"",3999,2004
good,120000,white,2250,2000
fair,260000,red,2795,2010
excellent,87857,grey,12500,2013
like new,117490,"",4999,2006
excellent,111325,blue,8998,2011
excellent,110378,"",10990,2011
excellent,132053,"",11990,2012
excellent,69246,red,14995,2015
